id,origin,destination,departure_date,lead_time_days,carrier,flight_number,fare_class,total_fare,currency,base_fare,taxes,udf,convenience_fee,availability,seats_left,source,source_url,collected_at,is_observed,notes
1,DEL,BOM,2026-09-11,1,Air India,AI 1745,Economy,6314.0,INR,,,,,AVAILABLE,,serpapi_google_flights,,2026-09-10 00:06:42.893635,1,nonstop; dep 2026-09-11 05:00
2,DEL,BOM,2026-09-11,1,IndiGo,6E 675,Economy,6425.0,INR,,,,,AVAILABLE,,serpapi_google_flights,,2026-09-10 00:06:42.893635,1,nonstop; dep 2026-09-11 08:45
3,DEL,BOM,2026-09-11,1,Akasa Air,QP 1119,Economy,6880.0,INR,,,,,AVAILABLE,,serpapi_google_flights,,2026-09-10 00:06:42.893635,1,nonstop; dep 2026-09-11 08:40
4,DEL,BOM,2026-09-11,1,IndiGo,6E 449,Economy,6425.0,INR,,,,,AVAILABLE,,serpapi_google_flights,,2026-09-10 00:06:42.893635,1,nonstop; dep 2026-09-11 05:00
5,DEL,BOM,2026-09-11,1,IndiGo,6E 6218,Economy,6425.0,INR,,,,,AVAILABLE,,serpapi_google_flights,,2026-09-10 00:06:42.893635,1,nonstop; dep 2026-09-11 06:05
6,DEL,BOM,2026-09-11,1,IndiGo,6E 6107,Economy,6425.0,INR,,,,,AVAILABLE,,serpapi_google_flights,,2026-09-10 00:06:42.893635,1,nonstop; dep 2026-09-11 09:30
7,DEL,BOM,2026-09-11,1,IndiGo,6E 6328,Economy,6425.0,INR,,,,,AVAILABLE,,serpapi_google_flights,,2026-09-10 00:06:42.893635,1,nonstop; dep 2026-09-11 10:15
8,DEL,BOM,2026-09-11,1,IndiGo,6E 6676,Economy,6425.0,INR,,,,,AVAILABLE,,serpapi_google_flights,,2026-09-10 00:06:42.893635,1,nonstop; dep 2026-09-11 12:00
9,DEL,BOM,2026-09-11,1,IndiGo,6E 6022,Economy,6425.0,INR,,,,,AVAILABLE,,serpapi_google_flights,,2026-09-10 00:06:42.893635,1,nonstop; dep 2026-09-11 14:00
10,DEL,BOM,2026-09-11,1,IndiGo,6E 6318,Economy,6425.0,INR,,,,,AVAILABLE,,serpapi_google_flights,,2026-09-10 00:06:42.893635,1,nonstop; dep 2026-09-11 14:45
11,DEL,BOM,2026-09-11,1,Air India,AI 2975,Economy,6582.0,INR,,,,,AVAILABLE,,serpapi_google_flights,,2026-09-10 00:06:42.893635,1,nonstop; dep 2026-09-11 06:30
12,DEL,BOM,2026-09-11,1,Air India,AI 2943,Economy,6582.0,INR,,,,,AVAILABLE,,serpapi_google_flights,,2026-09-10 00:06:42.893635,1,nonstop; dep 2026-09-11 07:30
13,DEL,BOM,2026-09-11,1,Air India,AI 2927,Economy,6582.0,INR,,,,,AVAILABLE,,serpapi_google_flights,,2026-09-10 00:06:42.893635,1,nonstop; dep 2026-09-11 09:30
14,DEL,BOM,2026-09-11,1,Air India,AI 2995,Economy,6582.0,INR,,,,,AVAILABLE,,serpapi_google_flights,,2026-09-10 00:06:42.893635,1,nonstop; dep 2026-09-11 10:00
15,DEL,BOM,2026-09-11,1,Air India,AI 2945,Economy,6582.0,INR,,,,,AVAILABLE,,serpapi_google_flights,,2026-09-10 00:06:42.893635,1,nonstop; dep 2026-09-11 11:00
16,DEL,BOM,2026-09-11,1,Air India,AI 1785,Economy,6582.0,INR,,,,,AVAILABLE,,serpapi_google_flights,,2026-09-10 00:06:42.893635,1,nonstop; dep 2026-09-11 12:00
17,DEL,BOM,2026-09-11,1,Air India,AI 2441,Economy,6582.0,INR,,,,,AVAILABLE,,serpapi_google_flights,,2026-09-10 00:06:42.893635,1,nonstop; dep 2026-09-11 14:10
18,DEL,BOM,2026-09-11,1,IndiGo,6E 6814,Economy,6583.0,INR,,,,,AVAILABLE,,serpapi_google_flights,,2026-09-10 00:06:42.893635,1,nonstop; dep 2026-09-11 07:15
19,DEL,BOM,2026-09-11,1,IndiGo,6E 320,Economy,6583.0,INR,,,,,AVAILABLE,,serpapi_google_flights,,2026-09-10 00:06:42.893635,1,nonstop; dep 2026-09-11 08:00
20,DEL,BOM,2026-09-11,1,IndiGo,6E 6047,Economy,6583.0,INR,,,,,AVAILABLE,,serpapi_google_flights,,2026-09-10 00:06:42.893635,1,nonstop; dep 2026-09-11 11:00
21,DEL,BOM,2026-09-11,1,IndiGo,6E 324,Economy,6583.0,INR,,,,,AVAILABLE,,serpapi_google_flights,,2026-09-10 00:06:42.893635,1,nonstop; dep 2026-09-11 13:00
22,DEL,BOM,2026-09-11,1,Air India,AI 2429,Economy,6740.0,INR,,,,,AVAILABLE,,serpapi_google_flights,,2026-09-10 00:06:42.893635,1,nonstop; dep 2026-09-11 07:00
23,DEL,BOM,2026-09-11,1,Air India,AI 2678,Economy,6740.0,INR,,,,,AVAILABLE,,serpapi_google_flights,,2026-09-10 00:06:42.893635,1,nonstop; dep 2026-09-11 08:30
24,DEL,BOM,2026-09-11,1,Air India Express,IX 1056,Economy,6779.0,INR,,,,,AVAILABLE,,serpapi_google_flights,,2026-09-10 00:06:42.893635,1,nonstop; dep 2026-09-11 05:35
25,DEL,BOM,2026-09-11,1,IndiGo,6E 864,Economy,6793.0,INR,,,,,AVAILABLE,,serpapi_google_flights,,2026-09-10 00:06:42.893635,1,nonstop; dep 2026-09-11 15:30
26,DEL,BOM,2026-09-11,1,Akasa Air,QP 1833,Economy,6880.0,INR,,,,,AVAILABLE,,serpapi_google_flights,,2026-09-10 00:06:42.893635,1,nonstop; dep 2026-09-11 06:50
27,DEL,BOM,2026-09-11,1,Akasa Air,QP 1110,Economy,6880.0,INR,,,,,AVAILABLE,,serpapi_google_flights,,2026-09-10 00:06:42.893635,1,nonstop; dep 2026-09-11 10:30
28,DEL,BOM,2026-09-11,1,Akasa Air,QP 1836,Economy,6880.0,INR,,,,,AVAILABLE,,serpapi_google_flights,,2026-09-10 00:06:42.893635,1,nonstop; dep 2026-09-11 12:30
29,DEL,BOM,2026-09-11,1,Air India,AI 2933,Economy,6950.0,INR,,,,,AVAILABLE,,serpapi_google_flights,,2026-09-10 00:06:42.893635,1,nonstop; dep 2026-09-11 15:30
30,DEL,BOM,2026-09-11,1,Air India,AI 1777,Economy,6950.0,INR,,,,,AVAILABLE,,serpapi_google_flights,,2026-09-10 00:06:42.893635,1,nonstop; dep 2026-09-11 16:00
31,DEL,BOM,2026-09-11,1,Air India,AI 2951,Economy,7842.0,INR,,,,,AVAILABLE,,serpapi_google_flights,,2026-09-10 00:06:42.893635,1,nonstop; dep 2026-09-11 13:30
32,DEL,BOM,2026-09-11,1,IndiGo,6E 327,Economy,8473.0,INR,,,,,AVAILABLE,,serpapi_google_flights,,2026-09-10 00:06:42.893635,1,nonstop; dep 2026-09-11 16:15
33,DEL,BOM,2026-09-11,1,Akasa Air,QP 1128,Economy,8720.0,INR,,,,,AVAILABLE,,serpapi_google_flights,,2026-09-10 00:06:42.893635,1,nonstop; dep 2026-09-11 16:00
34,DEL,BOM,2026-09-11,1,Air India,AI 2941,Economy,9569.0,INR,,,,,AVAILABLE,,serpapi_google_flights,,2026-09-10 00:06:42.893635,1,nonstop; dep 2026-09-11 16:30
35,DEL,BOM,2026-09-11,1,Air India,AI 441,Economy,9968.0,INR,,,,,AVAILABLE,,serpapi_google_flights,,2026-09-10 00:06:42.893635,1,nonstop; dep 2026-09-11 17:00
36,DEL,BOM,2026-09-11,1,IndiGo,6E 6706,Economy,10363.0,INR,,,,,AVAILABLE,,serpapi_google_flights,,2026-09-10 00:06:42.893635,1,nonstop; dep 2026-09-11 17:00
37,DEL,BOM,2026-09-11,1,IndiGo,6E 322,Economy,13513.0,INR,,,,,AVAILABLE,,serpapi_google_flights,,2026-09-10 00:06:42.893635,1,nonstop; dep 2026-09-11 23:30
38,DEL,BOM,2026-09-11,1,Akasa Air,QP 1820,Economy,14787.0,INR,,,,,AVAILABLE,,serpapi_google_flights,,2026-09-10 00:06:42.893635,1,nonstop; dep 2026-09-11 17:30
39,DEL,BOM,2026-09-11,1,IndiGo,6E 395,Economy,15088.0,INR,,,,,AVAILABLE,,serpapi_google_flights,,2026-09-10 00:06:42.893635,1,nonstop; dep 2026-09-11 21:45
40,DEL,BOM,2026-09-11,1,IndiGo,6E 6114,Economy,15088.0,INR,,,,,AVAILABLE,,serpapi_google_flights,,2026-09-10 00:06:42.893635,1,nonstop; dep 2026-09-11 22:45
41,DEL,BOM,2026-09-11,1,Akasa Air,QP 1826,Economy,16154.0,INR,,,,,AVAILABLE,,serpapi_google_flights,,2026-09-10 00:06:42.893635,1,nonstop; dep 2026-09-11 19:55
42,DEL,BOM,2026-09-11,1,Air India,AI 2981,Economy,16583.0,INR,,,,,AVAILABLE,,serpapi_google_flights,,2026-09-10 00:06:42.893635,1,nonstop; dep 2026-09-11 21:00
43,DEL,BOM,2026-09-11,1,Air India,AI 2433,Economy,16583.0,INR,,,,,AVAILABLE,,serpapi_google_flights,,2026-09-10 00:06:42.893635,1,nonstop; dep 2026-09-11 21:30
44,DEL,BOM,2026-09-11,1,Air India,AI 2439,Economy,16583.0,INR,,,,,AVAILABLE,,serpapi_google_flights,,2026-09-10 00:06:42.893635,1,nonstop; dep 2026-09-11 23:00
45,DEL,BOM,2026-09-11,1,Air India Express,IX 1235,Economy,16844.0,INR,,,,,AVAILABLE,,serpapi_google_flights,,2026-09-10 00:06:42.893635,1,nonstop; dep 2026-09-11 23:25
46,DEL,BOM,2026-09-11,1,IndiGo,6E 329,Economy,17083.0,INR,,,,,AVAILABLE,,serpapi_google_flights,,2026-09-10 00:06:42.893635,1,nonstop; dep 2026-09-11 18:00
47,DEL,BOM,2026-09-11,1,IndiGo,6E 303,Economy,17083.0,INR,,,,,AVAILABLE,,serpapi_google_flights,,2026-09-10 00:06:42.893635,1,nonstop; dep 2026-09-11 20:00
48,DEL,BOM,2026-09-11,1,IndiGo,6E 853,Economy,17083.0,INR,,,,,AVAILABLE,,serpapi_google_flights,,2026-09-10 00:06:42.893635,1,nonstop; dep 2026-09-11 20:45
49,DEL,BOM,2026-09-11,1,Air India,AI 2955,Economy,17350.0,INR,,,,,AVAILABLE,,serpapi_google_flights,,2026-09-10 00:06:42.893635,1,nonstop; dep 2026-09-11 18:00
50,DEL,BOM,2026-09-11,1,IndiGo,6E 354,Economy,19498.0,INR,,,,,AVAILABLE,,serpapi_google_flights,,2026-09-10 00:06:42.893635,1,nonstop; dep 2026-09-11 19:00
51,DEL,BOM,2026-09-11,1,Air India,AI 2957,Economy,23844.0,INR,,,,,AVAILABLE,,serpapi_google_flights,,2026-09-10 00:06:42.893635,1,nonstop; dep 2026-09-11 20:30
52,DEL,BOM,2026-09-11,1,Air India,AI 2985,Economy,24747.0,INR,,,,,AVAILABLE,,serpapi_google_flights,,2026-09-10 00:06:42.893635,1,nonstop; dep 2026-09-11 19:30
53,DEL,BOM,2026-09-11,1,Air India,AI 2977,Economy,24973.0,INR,,,,,AVAILABLE,,serpapi_google_flights,,2026-09-10 00:06:42.893635,1,nonstop; dep 2026-09-11 19:00
54,DEL,BOM,2026-09-17,7,Air India,AI 2439,Economy,6314.0,INR,,,,,AVAILABLE,,serpapi_google_flights,,2026-09-10 00:06:49.373290,1,nonstop; dep 2026-09-17 23:00
55,DEL,BOM,2026-09-17,7,IndiGo,6E 322,Economy,6425.0,INR,,,,,AVAILABLE,,serpapi_google_flights,,2026-09-10 00:06:49.373290,1,nonstop; dep 2026-09-17 23:30
56,DEL,BOM,2026-09-17,7,Akasa Air,QP 1826,Economy,6880.0,INR,,,,,AVAILABLE,,serpapi_google_flights,,2026-09-10 00:06:49.373290,1,nonstop; dep 2026-09-17 19:55
57,DEL,BOM,2026-09-17,7,Air India,AI 1745,Economy,6314.0,INR,,,,,AVAILABLE,,serpapi_google_flights,,2026-09-10 00:06:49.373290,1,nonstop; dep 2026-09-17 05:00
58,DEL,BOM,2026-09-17,7,IndiGo,6E 449,Economy,6425.0,INR,,,,,AVAILABLE,,serpapi_google_flights,,2026-09-10 00:06:49.373290,1,nonstop; dep 2026-09-17 05:00
59,DEL,BOM,2026-09-17,7,IndiGo,6E 675,Economy,6425.0,INR,,,,,AVAILABLE,,serpapi_google_flights,,2026-09-10 00:06:49.373290,1,nonstop; dep 2026-09-17 08:45
60,DEL,BOM,2026-09-17,7,IndiGo,6E 6107,Economy,6425.0,INR,,,,,AVAILABLE,,serpapi_google_flights,,2026-09-10 00:06:49.373290,1,nonstop; dep 2026-09-17 09:30
61,DEL,BOM,2026-09-17,7,IndiGo,6E 6328,Economy,6425.0,INR,,,,,AVAILABLE,,serpapi_google_flights,,2026-09-10 00:06:49.373290,1,nonstop; dep 2026-09-17 10:15
62,DEL,BOM,2026-09-17,7,IndiGo,6E 6047,Economy,6425.0,INR,,,,,AVAILABLE,,serpapi_google_flights,,2026-09-10 00:06:49.373290,1,nonstop; dep 2026-09-17 11:00
63,DEL,BOM,2026-09-17,7,IndiGo,6E 6676,Economy,6425.0,INR,,,,,AVAILABLE,,serpapi_google_flights,,2026-09-10 00:06:49.373290,1,nonstop; dep 2026-09-17 12:00
64,DEL,BOM,2026-09-17,7,IndiGo,6E 324,Economy,6425.0,INR,,,,,AVAILABLE,,serpapi_google_flights,,2026-09-10 00:06:49.373290,1,nonstop; dep 2026-09-17 13:00
65,DEL,BOM,2026-09-17,7,IndiGo,6E 6022,Economy,6425.0,INR,,,,,AVAILABLE,,serpapi_google_flights,,2026-09-10 00:06:49.373290,1,nonstop; dep 2026-09-17 14:00
66,DEL,BOM,2026-09-17,7,IndiGo,6E 6318,Economy,6425.0,INR,,,,,AVAILABLE,,serpapi_google_flights,,2026-09-10 00:06:49.373290,1,nonstop; dep 2026-09-17 14:45
67,DEL,BOM,2026-09-17,7,IndiGo,6E 864,Economy,6425.0,INR,,,,,AVAILABLE,,serpapi_google_flights,,2026-09-10 00:06:49.373290,1,nonstop; dep 2026-09-17 15:30
68,DEL,BOM,2026-09-17,7,IndiGo,6E 327,Economy,6425.0,INR,,,,,AVAILABLE,,serpapi_google_flights,,2026-09-10 00:06:49.373290,1,nonstop; dep 2026-09-17 16:15
69,DEL,BOM,2026-09-17,7,IndiGo,6E 6706,Economy,6425.0,INR,,,,,AVAILABLE,,serpapi_google_flights,,2026-09-10 00:06:49.373290,1,nonstop; dep 2026-09-17 17:00
70,DEL,BOM,2026-09-17,7,IndiGo,6E 6114,Economy,6425.0,INR,,,,,AVAILABLE,,serpapi_google_flights,,2026-09-10 00:06:49.373290,1,nonstop; dep 2026-09-17 22:45
71,DEL,BOM,2026-09-17,7,Air India,AI 2678,Economy,6582.0,INR,,,,,AVAILABLE,,serpapi_google_flights,,2026-09-10 00:06:49.373290,1,nonstop; dep 2026-09-17 08:30
72,DEL,BOM,2026-09-17,7,Air India,AI 2963,Economy,6582.0,INR,,,,,AVAILABLE,,serpapi_google_flights,,2026-09-10 00:06:49.373290,1,nonstop; dep 2026-09-17 09:00
73,DEL,BOM,2026-09-17,7,Air India,AI 2927,Economy,6582.0,INR,,,,,AVAILABLE,,serpapi_google_flights,,2026-09-10 00:06:49.373290,1,nonstop; dep 2026-09-17 09:30
74,DEL,BOM,2026-09-17,7,Air India,AI 2995,Economy,6582.0,INR,,,,,AVAILABLE,,serpapi_google_flights,,2026-09-10 00:06:49.373290,1,nonstop; dep 2026-09-17 10:00
75,DEL,BOM,2026-09-17,7,Air India,AI 2945,Economy,6582.0,INR,,,,,AVAILABLE,,serpapi_google_flights,,2026-09-10 00:06:49.373290,1,nonstop; dep 2026-09-17 11:00
76,DEL,BOM,2026-09-17,7,Air India,AI 1785,Economy,6582.0,INR,,,,,AVAILABLE,,serpapi_google_flights,,2026-09-10 00:06:49.373290,1,nonstop; dep 2026-09-17 12:00
77,DEL,BOM,2026-09-17,7,Air India,AI 2933,Economy,6582.0,INR,,,,,AVAILABLE,,serpapi_google_flights,,2026-09-10 00:06:49.373290,1,nonstop; dep 2026-09-17 15:30
78,DEL,BOM,2026-09-17,7,Air India,AI 1777,Economy,6582.0,INR,,,,,AVAILABLE,,serpapi_google_flights,,2026-09-10 00:06:49.373290,1,nonstop; dep 2026-09-17 16:00
79,DEL,BOM,2026-09-17,7,Air India,AI 2941,Economy,6582.0,INR,,,,,AVAILABLE,,serpapi_google_flights,,2026-09-10 00:06:49.373290,1,nonstop; dep 2026-09-17 16:30
80,DEL,BOM,2026-09-17,7,Air India,AI 441,Economy,6582.0,INR,,,,,AVAILABLE,,serpapi_google_flights,,2026-09-10 00:06:49.373290,1,nonstop; dep 2026-09-17 17:00
81,DEL,BOM,2026-09-17,7,IndiGo,6E 6218,Economy,6583.0,INR,,,,,AVAILABLE,,serpapi_google_flights,,2026-09-10 00:06:49.373290,1,nonstop; dep 2026-09-17 06:05
82,DEL,BOM,2026-09-17,7,Air India Express,IX 1056,Economy,6610.0,INR,,,,,AVAILABLE,,serpapi_google_flights,,2026-09-10 00:06:49.373290,1,nonstop; dep 2026-09-17 05:35
83,DEL,BOM,2026-09-17,7,Air India Express,IX 1235,Economy,6610.0,INR,,,,,AVAILABLE,,serpapi_google_flights,,2026-09-10 00:06:49.373290,1,nonstop; dep 2026-09-17 23:25
84,DEL,BOM,2026-09-17,7,Air India,AI 2975,Economy,6740.0,INR,,,,,AVAILABLE,,serpapi_google_flights,,2026-09-10 00:06:49.373290,1,nonstop; dep 2026-09-17 06:30
85,DEL,BOM,2026-09-17,7,Air India,AI 2951,Economy,6740.0,INR,,,,,AVAILABLE,,serpapi_google_flights,,2026-09-10 00:06:49.373290,1,nonstop; dep 2026-09-17 13:30
86,DEL,BOM,2026-09-17,7,IndiGo,6E 6814,Economy,6793.0,INR,,,,,AVAILABLE,,serpapi_google_flights,,2026-09-10 00:06:49.373290,1,nonstop; dep 2026-09-17 07:15
87,DEL,BOM,2026-09-17,7,IndiGo,6E 320,Economy,6793.0,INR,,,,,AVAILABLE,,serpapi_google_flights,,2026-09-10 00:06:49.373290,1,nonstop; dep 2026-09-17 08:00
88,DEL,BOM,2026-09-17,7,IndiGo,6E 329,Economy,6793.0,INR,,,,,AVAILABLE,,serpapi_google_flights,,2026-09-10 00:06:49.373290,1,nonstop; dep 2026-09-17 18:00
89,DEL,BOM,2026-09-17,7,IndiGo,6E 395,Economy,6793.0,INR,,,,,AVAILABLE,,serpapi_google_flights,,2026-09-10 00:06:49.373290,1,nonstop; dep 2026-09-17 21:45
90,DEL,BOM,2026-09-17,7,Akasa Air,QP 1833,Economy,6880.0,INR,,,,,AVAILABLE,,serpapi_google_flights,,2026-09-10 00:06:49.373290,1,nonstop; dep 2026-09-17 06:50
91,DEL,BOM,2026-09-17,7,Akasa Air,QP 1119,Economy,6880.0,INR,,,,,AVAILABLE,,serpapi_google_flights,,2026-09-10 00:06:49.373290,1,nonstop; dep 2026-09-17 08:40
92,DEL,BOM,2026-09-17,7,Akasa Air,QP 1112,Economy,6880.0,INR,,,,,AVAILABLE,,serpapi_google_flights,,2026-09-10 00:06:49.373290,1,nonstop; dep 2026-09-17 09:20
93,DEL,BOM,2026-09-17,7,Akasa Air,QP 1110,Economy,6880.0,INR,,,,,AVAILABLE,,serpapi_google_flights,,2026-09-10 00:06:49.373290,1,nonstop; dep 2026-09-17 10:30
94,DEL,BOM,2026-09-17,7,Akasa Air,QP 1836,Economy,6880.0,INR,,,,,AVAILABLE,,serpapi_google_flights,,2026-09-10 00:06:49.373290,1,nonstop; dep 2026-09-17 12:30
95,DEL,BOM,2026-09-17,7,Akasa Air,QP 1128,Economy,6880.0,INR,,,,,AVAILABLE,,serpapi_google_flights,,2026-09-10 00:06:49.373290,1,nonstop; dep 2026-09-17 16:00
96,DEL,BOM,2026-09-17,7,Akasa Air,QP 1820,Economy,6880.0,INR,,,,,AVAILABLE,,serpapi_google_flights,,2026-09-10 00:06:49.373290,1,nonstop; dep 2026-09-17 17:30
97,DEL,BOM,2026-09-17,7,Air India,AI 2429,Economy,6950.0,INR,,,,,AVAILABLE,,serpapi_google_flights,,2026-09-10 00:06:49.373290,1,nonstop; dep 2026-09-17 07:00
98,DEL,BOM,2026-09-17,7,Air India,AI 2943,Economy,6950.0,INR,,,,,AVAILABLE,,serpapi_google_flights,,2026-09-10 00:06:49.373290,1,nonstop; dep 2026-09-17 07:30
99,DEL,BOM,2026-09-17,7,Air India,AI 2985,Economy,6950.0,INR,,,,,AVAILABLE,,serpapi_google_flights,,2026-09-10 00:06:49.373290,1,nonstop; dep 2026-09-17 19:30
100,DEL,BOM,2026-09-17,7,Air India,AI 2981,Economy,6950.0,INR,,,,,AVAILABLE,,serpapi_google_flights,,2026-09-10 00:06:49.373290,1,nonstop; dep 2026-09-17 21:00
101,DEL,BOM,2026-09-17,7,Air India,AI 887,Economy,6950.0,INR,,,,,AVAILABLE,,serpapi_google_flights,,2026-09-10 00:06:49.373290,1,nonstop; dep 2026-09-17 21:00
102,DEL,BOM,2026-09-17,7,IndiGo,6E 354,Economy,7055.0,INR,,,,,AVAILABLE,,serpapi_google_flights,,2026-09-10 00:06:49.373290,1,nonstop; dep 2026-09-17 19:00
103,DEL,BOM,2026-09-17,7,IndiGo,6E 853,Economy,7055.0,INR,,,,,AVAILABLE,,serpapi_google_flights,,2026-09-10 00:06:49.373290,1,nonstop; dep 2026-09-17 20:45
104,DEL,BOM,2026-09-17,7,Air India,AI 2433,Economy,7123.0,INR,,,,,AVAILABLE,,serpapi_google_flights,,2026-09-10 00:06:49.373290,1,nonstop; dep 2026-09-17 21:30
105,DEL,BOM,2026-09-17,7,Air India,AI 2805,Economy,7181.0,INR,,,,,AVAILABLE,,serpapi_google_flights,,2026-09-10 00:06:49.373290,1,nonstop; dep 2026-09-17 20:00
106,DEL,BOM,2026-09-17,7,Air India,AI 2957,Economy,7212.0,INR,,,,,AVAILABLE,,serpapi_google_flights,,2026-09-10 00:06:49.373290,1,nonstop; dep 2026-09-17 20:30
107,DEL,BOM,2026-09-17,7,Air India,AI 2977,Economy,7238.0,INR,,,,,AVAILABLE,,serpapi_google_flights,,2026-09-10 00:06:49.373290,1,nonstop; dep 2026-09-17 19:00
108,DEL,BOM,2026-09-17,7,Air India,AI 2955,Economy,7349.0,INR,,,,,AVAILABLE,,serpapi_google_flights,,2026-09-10 00:06:49.373290,1,nonstop; dep 2026-09-17 18:00
109,DEL,BOM,2026-09-17,7,IndiGo,6E 303,Economy,7370.0,INR,,,,,AVAILABLE,,serpapi_google_flights,,2026-09-10 00:06:49.373290,1,nonstop; dep 2026-09-17 20:00
110,DEL,BOM,2026-09-17,7,SpiceJet,SG 162,Economy,9642.0,INR,,,,,AVAILABLE,,serpapi_google_flights,,2026-09-10 00:06:49.373290,1,nonstop; dep 2026-09-17 19:55
111,DEL,BOM,2026-09-17,7,SpiceJet,SG 2802,Economy,19603.0,INR,,,,,AVAILABLE,,serpapi_google_flights,,2026-09-10 00:06:49.373290,1,nonstop; dep 2026-09-17 22:45
112,DEL,BOM,2026-09-25,15,IndiGo,6E 675,Economy,6425.0,INR,,,,,AVAILABLE,,serpapi_google_flights,,2026-09-10 00:06:54.350720,1,nonstop; dep 2026-09-25 08:45
113,DEL,BOM,2026-09-25,15,Air India Express,IX 1056,Economy,6610.0,INR,,,,,AVAILABLE,,serpapi_google_flights,,2026-09-10 00:06:54.350720,1,nonstop; dep 2026-09-25 05:35
114,DEL,BOM,2026-09-25,15,Akasa Air,QP 1119,Economy,6880.0,INR,,,,,AVAILABLE,,serpapi_google_flights,,2026-09-10 00:06:54.350720,1,nonstop; dep 2026-09-25 08:40
115,DEL,BOM,2026-09-25,15,IndiGo,6E 449,Economy,6425.0,INR,,,,,AVAILABLE,,serpapi_google_flights,,2026-09-10 00:06:54.350720,1,nonstop; dep 2026-09-25 05:00
116,DEL,BOM,2026-09-25,15,IndiGo,6E 6107,Economy,6425.0,INR,,,,,AVAILABLE,,serpapi_google_flights,,2026-09-10 00:06:54.350720,1,nonstop; dep 2026-09-25 09:30
117,DEL,BOM,2026-09-25,15,IndiGo,6E 6328,Economy,6425.0,INR,,,,,AVAILABLE,,serpapi_google_flights,,2026-09-10 00:06:54.350720,1,nonstop; dep 2026-09-25 10:15
118,DEL,BOM,2026-09-25,15,IndiGo,6E 6047,Economy,6425.0,INR,,,,,AVAILABLE,,serpapi_google_flights,,2026-09-10 00:06:54.350720,1,nonstop; dep 2026-09-25 11:00
119,DEL,BOM,2026-09-25,15,IndiGo,6E 6676,Economy,6425.0,INR,,,,,AVAILABLE,,serpapi_google_flights,,2026-09-10 00:06:54.350720,1,nonstop; dep 2026-09-25 12:00
120,DEL,BOM,2026-09-25,15,IndiGo,6E 6022,Economy,6425.0,INR,,,,,AVAILABLE,,serpapi_google_flights,,2026-09-10 00:06:54.350720,1,nonstop; dep 2026-09-25 14:00
121,DEL,BOM,2026-09-25,15,IndiGo,6E 6318,Economy,6425.0,INR,,,,,AVAILABLE,,serpapi_google_flights,,2026-09-10 00:06:54.350720,1,nonstop; dep 2026-09-25 14:45
122,DEL,BOM,2026-09-25,15,IndiGo,6E 864,Economy,6425.0,INR,,,,,AVAILABLE,,serpapi_google_flights,,2026-09-10 00:06:54.350720,1,nonstop; dep 2026-09-25 15:30
123,DEL,BOM,2026-09-25,15,IndiGo,6E 6218,Economy,6583.0,INR,,,,,AVAILABLE,,serpapi_google_flights,,2026-09-10 00:06:54.350720,1,nonstop; dep 2026-09-25 06:05
124,DEL,BOM,2026-09-25,15,IndiGo,6E 324,Economy,6583.0,INR,,,,,AVAILABLE,,serpapi_google_flights,,2026-09-10 00:06:54.350720,1,nonstop; dep 2026-09-25 13:00
125,DEL,BOM,2026-09-25,15,IndiGo,6E 327,Economy,6583.0,INR,,,,,AVAILABLE,,serpapi_google_flights,,2026-09-10 00:06:54.350720,1,nonstop; dep 2026-09-25 16:15
126,DEL,BOM,2026-09-25,15,Air India Express,IX 1235,Economy,6779.0,INR,,,,,AVAILABLE,,serpapi_google_flights,,2026-09-10 00:06:54.350720,1,nonstop; dep 2026-09-25 23:25
127,DEL,BOM,2026-09-25,15,IndiGo,6E 6814,Economy,6793.0,INR,,,,,AVAILABLE,,serpapi_google_flights,,2026-09-10 00:06:54.350720,1,nonstop; dep 2026-09-25 07:15
128,DEL,BOM,2026-09-25,15,IndiGo,6E 6706,Economy,6793.0,INR,,,,,AVAILABLE,,serpapi_google_flights,,2026-09-10 00:06:54.350720,1,nonstop; dep 2026-09-25 17:00
129,DEL,BOM,2026-09-25,15,IndiGo,6E 6114,Economy,6793.0,INR,,,,,AVAILABLE,,serpapi_google_flights,,2026-09-10 00:06:54.350720,1,nonstop; dep 2026-09-25 22:45
130,DEL,BOM,2026-09-25,15,Akasa Air,QP 1833,Economy,6880.0,INR,,,,,AVAILABLE,,serpapi_google_flights,,2026-09-10 00:06:54.350720,1,nonstop; dep 2026-09-25 06:50
131,DEL,BOM,2026-09-25,15,Akasa Air,QP 1112,Economy,6880.0,INR,,,,,AVAILABLE,,serpapi_google_flights,,2026-09-10 00:06:54.350720,1,nonstop; dep 2026-09-25 09:20
132,DEL,BOM,2026-09-25,15,Akasa Air,QP 1110,Economy,6880.0,INR,,,,,AVAILABLE,,serpapi_google_flights,,2026-09-10 00:06:54.350720,1,nonstop; dep 2026-09-25 10:30
133,DEL,BOM,2026-09-25,15,Akasa Air,QP 1836,Economy,6880.0,INR,,,,,AVAILABLE,,serpapi_google_flights,,2026-09-10 00:06:54.350720,1,nonstop; dep 2026-09-25 12:30
134,DEL,BOM,2026-09-25,15,Akasa Air,QP 1128,Economy,6880.0,INR,,,,,AVAILABLE,,serpapi_google_flights,,2026-09-10 00:06:54.350720,1,nonstop; dep 2026-09-25 16:00
135,DEL,BOM,2026-09-25,15,Akasa Air,QP 1820,Economy,6880.0,INR,,,,,AVAILABLE,,serpapi_google_flights,,2026-09-10 00:06:54.350720,1,nonstop; dep 2026-09-25 17:30
136,DEL,BOM,2026-09-25,15,Akasa Air,QP 1826,Economy,6880.0,INR,,,,,AVAILABLE,,serpapi_google_flights,,2026-09-10 00:06:54.350720,1,nonstop; dep 2026-09-25 19:55
137,DEL,BOM,2026-09-25,15,IndiGo,6E 320,Economy,7055.0,INR,,,,,AVAILABLE,,serpapi_google_flights,,2026-09-10 00:06:54.350720,1,nonstop; dep 2026-09-25 08:00
138,DEL,BOM,2026-09-25,15,IndiGo,6E 329,Economy,7055.0,INR,,,,,AVAILABLE,,serpapi_google_flights,,2026-09-10 00:06:54.350720,1,nonstop; dep 2026-09-25 18:00
139,DEL,BOM,2026-09-25,15,IndiGo,6E 853,Economy,7055.0,INR,,,,,AVAILABLE,,serpapi_google_flights,,2026-09-10 00:06:54.350720,1,nonstop; dep 2026-09-25 20:45
140,DEL,BOM,2026-09-25,15,IndiGo,6E 395,Economy,7055.0,INR,,,,,AVAILABLE,,serpapi_google_flights,,2026-09-10 00:06:54.350720,1,nonstop; dep 2026-09-25 21:45
141,DEL,BOM,2026-09-25,15,IndiGo,6E 322,Economy,7055.0,INR,,,,,AVAILABLE,,serpapi_google_flights,,2026-09-10 00:06:54.350720,1,nonstop; dep 2026-09-25 23:30
142,DEL,BOM,2026-09-25,15,IndiGo,6E 303,Economy,7370.0,INR,,,,,AVAILABLE,,serpapi_google_flights,,2026-09-10 00:06:54.350720,1,nonstop; dep 2026-09-25 20:00
143,DEL,BOM,2026-09-25,15,IndiGo,6E 354,Economy,7685.0,INR,,,,,AVAILABLE,,serpapi_google_flights,,2026-09-10 00:06:54.350720,1,nonstop; dep 2026-09-25 19:00
144,DEL,BOM,2026-09-25,15,Air India,AI 2981,Economy,7842.0,INR,,,,,AVAILABLE,,serpapi_google_flights,,2026-09-10 00:06:54.350720,1,nonstop; dep 2026-09-25 21:00
145,DEL,BOM,2026-09-25,15,Air India,AI 2927,Economy,9968.0,INR,,,,,AVAILABLE,,serpapi_google_flights,,2026-09-10 00:06:54.350720,1,nonstop; dep 2026-09-25 09:30
146,DEL,BOM,2026-09-25,15,SpiceJet,SG 2802,Economy,19603.0,INR,,,,,AVAILABLE,,serpapi_google_flights,,2026-09-10 00:06:54.350720,1,nonstop; dep 2026-09-25 22:45
147,DEL,BOM,2026-09-25,15,SpiceJet,SG 162,Economy,22551.0,INR,,,,,AVAILABLE,,serpapi_google_flights,,2026-09-10 00:06:54.350720,1,nonstop; dep 2026-09-25 19:55
148,DEL,BOM,2026-10-10,30,IndiGo,6E 675,Economy,6425.0,INR,,,,,AVAILABLE,,serpapi_google_flights,,2026-09-10 00:06:58.745272,1,nonstop; dep 2026-10-10 08:45
149,DEL,BOM,2026-10-10,30,Air India,AI 2963,Economy,6582.0,INR,,,,,AVAILABLE,,serpapi_google_flights,,2026-09-10 00:06:58.745272,1,nonstop; dep 2026-10-10 09:00
150,DEL,BOM,2026-10-10,30,Akasa Air,QP 1119,Economy,6880.0,INR,,,,,AVAILABLE,,serpapi_google_flights,,2026-09-10 00:06:58.745272,1,nonstop; dep 2026-10-10 08:40
151,DEL,BOM,2026-10-10,30,IndiGo,6E 353,Economy,6425.0,INR,,,,,AVAILABLE,,serpapi_google_flights,,2026-09-10 00:06:58.745272,1,nonstop; dep 2026-10-10 03:00
152,DEL,BOM,2026-10-10,30,IndiGo,6E 6814,Economy,6425.0,INR,,,,,AVAILABLE,,serpapi_google_flights,,2026-09-10 00:06:58.745272,1,nonstop; dep 2026-10-10 07:15
153,DEL,BOM,2026-10-10,30,IndiGo,6E 320,Economy,6425.0,INR,,,,,AVAILABLE,,serpapi_google_flights,,2026-09-10 00:06:58.745272,1,nonstop; dep 2026-10-10 08:00
154,DEL,BOM,2026-10-10,30,IndiGo,6E 6107,Economy,6425.0,INR,,,,,AVAILABLE,,serpapi_google_flights,,2026-09-10 00:06:58.745272,1,nonstop; dep 2026-10-10 09:30
155,DEL,BOM,2026-10-10,30,IndiGo,6E 6328,Economy,6425.0,INR,,,,,AVAILABLE,,serpapi_google_flights,,2026-09-10 00:06:58.745272,1,nonstop; dep 2026-10-10 10:15
156,DEL,BOM,2026-10-10,30,IndiGo,6E 6047,Economy,6425.0,INR,,,,,AVAILABLE,,serpapi_google_flights,,2026-09-10 00:06:58.745272,1,nonstop; dep 2026-10-10 11:00
157,DEL,BOM,2026-10-10,30,IndiGo,6E 6676,Economy,6425.0,INR,,,,,AVAILABLE,,serpapi_google_flights,,2026-09-10 00:06:58.745272,1,nonstop; dep 2026-10-10 12:00
158,DEL,BOM,2026-10-10,30,IndiGo,6E 324,Economy,6425.0,INR,,,,,AVAILABLE,,serpapi_google_flights,,2026-09-10 00:06:58.745272,1,nonstop; dep 2026-10-10 13:00
159,DEL,BOM,2026-10-10,30,IndiGo,6E 6022,Economy,6425.0,INR,,,,,AVAILABLE,,serpapi_google_flights,,2026-09-10 00:06:58.745272,1,nonstop; dep 2026-10-10 14:00
160,DEL,BOM,2026-10-10,30,IndiGo,6E 6318,Economy,6425.0,INR,,,,,AVAILABLE,,serpapi_google_flights,,2026-09-10 00:06:58.745272,1,nonstop; dep 2026-10-10 14:45
161,DEL,BOM,2026-10-10,30,IndiGo,6E 864,Economy,6425.0,INR,,,,,AVAILABLE,,serpapi_google_flights,,2026-09-10 00:06:58.745272,1,nonstop; dep 2026-10-10 15:30
162,DEL,BOM,2026-10-10,30,IndiGo,6E 327,Economy,6425.0,INR,,,,,AVAILABLE,,serpapi_google_flights,,2026-09-10 00:06:58.745272,1,nonstop; dep 2026-10-10 16:15
163,DEL,BOM,2026-10-10,30,IndiGo,6E 6706,Economy,6425.0,INR,,,,,AVAILABLE,,serpapi_google_flights,,2026-09-10 00:06:58.745272,1,nonstop; dep 2026-10-10 17:00
164,DEL,BOM,2026-10-10,30,IndiGo,6E 329,Economy,6425.0,INR,,,,,AVAILABLE,,serpapi_google_flights,,2026-09-10 00:06:58.745272,1,nonstop; dep 2026-10-10 18:00
165,DEL,BOM,2026-10-10,30,IndiGo,6E 354,Economy,6425.0,INR,,,,,AVAILABLE,,serpapi_google_flights,,2026-09-10 00:06:58.745272,1,nonstop; dep 2026-10-10 19:00
166,DEL,BOM,2026-10-10,30,IndiGo,6E 303,Economy,6425.0,INR,,,,,AVAILABLE,,serpapi_google_flights,,2026-09-10 00:06:58.745272,1,nonstop; dep 2026-10-10 20:00
167,DEL,BOM,2026-10-10,30,IndiGo,6E 6114,Economy,6425.0,INR,,,,,AVAILABLE,,serpapi_google_flights,,2026-09-10 00:06:58.745272,1,nonstop; dep 2026-10-10 22:45
168,DEL,BOM,2026-10-10,30,IndiGo,6E 322,Economy,6425.0,INR,,,,,AVAILABLE,,serpapi_google_flights,,2026-09-10 00:06:58.745272,1,nonstop; dep 2026-10-10 23:30
169,DEL,BOM,2026-10-10,30,Air India,AI 2439,Economy,6566.0,INR,,,,,AVAILABLE,,serpapi_google_flights,,2026-09-10 00:06:58.745272,1,nonstop; dep 2026-10-10 23:00
170,DEL,BOM,2026-10-10,30,Air India,AI 1745,Economy,6582.0,INR,,,,,AVAILABLE,,serpapi_google_flights,,2026-09-10 00:06:58.745272,1,nonstop; dep 2026-10-10 05:00
171,DEL,BOM,2026-10-10,30,Air India,AI 2429,Economy,6582.0,INR,,,,,AVAILABLE,,serpapi_google_flights,,2026-09-10 00:06:58.745272,1,nonstop; dep 2026-10-10 07:00
172,DEL,BOM,2026-10-10,30,Air India,AI 2678,Economy,6582.0,INR,,,,,AVAILABLE,,serpapi_google_flights,,2026-09-10 00:06:58.745272,1,nonstop; dep 2026-10-10 08:30
173,DEL,BOM,2026-10-10,30,Air India,AI 2927,Economy,6582.0,INR,,,,,AVAILABLE,,serpapi_google_flights,,2026-09-10 00:06:58.745272,1,nonstop; dep 2026-10-10 09:30
174,DEL,BOM,2026-10-10,30,Air India,AI 2995,Economy,6582.0,INR,,,,,AVAILABLE,,serpapi_google_flights,,2026-09-10 00:06:58.745272,1,nonstop; dep 2026-10-10 10:00
175,DEL,BOM,2026-10-10,30,Air India,AI 2425,Economy,6582.0,INR,,,,,AVAILABLE,,serpapi_google_flights,,2026-09-10 00:06:58.745272,1,nonstop; dep 2026-10-10 10:30
176,DEL,BOM,2026-10-10,30,Air India,AI 2945,Economy,6582.0,INR,,,,,AVAILABLE,,serpapi_google_flights,,2026-09-10 00:06:58.745272,1,nonstop; dep 2026-10-10 11:00
177,DEL,BOM,2026-10-10,30,Air India,AI 2441,Economy,6582.0,INR,,,,,AVAILABLE,,serpapi_google_flights,,2026-09-10 00:06:58.745272,1,nonstop; dep 2026-10-10 14:10
178,DEL,BOM,2026-10-10,30,Air India,AI 2933,Economy,6582.0,INR,,,,,AVAILABLE,,serpapi_google_flights,,2026-09-10 00:06:58.745272,1,nonstop; dep 2026-10-10 15:30
179,DEL,BOM,2026-10-10,30,Air India,AI 441,Economy,6582.0,INR,,,,,AVAILABLE,,serpapi_google_flights,,2026-09-10 00:06:58.745272,1,nonstop; dep 2026-10-10 17:00
180,DEL,BOM,2026-10-10,30,Air India,AI 2957,Economy,6582.0,INR,,,,,AVAILABLE,,serpapi_google_flights,,2026-09-10 00:06:58.745272,1,nonstop; dep 2026-10-10 20:30
181,DEL,BOM,2026-10-10,30,IndiGo,6E 449,Economy,6583.0,INR,,,,,AVAILABLE,,serpapi_google_flights,,2026-09-10 00:06:58.745272,1,nonstop; dep 2026-10-10 05:00
182,DEL,BOM,2026-10-10,30,IndiGo,6E 6218,Economy,6583.0,INR,,,,,AVAILABLE,,serpapi_google_flights,,2026-09-10 00:06:58.745272,1,nonstop; dep 2026-10-10 06:05
183,DEL,BOM,2026-10-10,30,IndiGo,6E 853,Economy,6583.0,INR,,,,,AVAILABLE,,serpapi_google_flights,,2026-09-10 00:06:58.745272,1,nonstop; dep 2026-10-10 20:45
184,DEL,BOM,2026-10-10,30,IndiGo,6E 395,Economy,6583.0,INR,,,,,AVAILABLE,,serpapi_google_flights,,2026-09-10 00:06:58.745272,1,nonstop; dep 2026-10-10 21:45
185,DEL,BOM,2026-10-10,30,Air India Express,IX 1235,Economy,6610.0,INR,,,,,AVAILABLE,,serpapi_google_flights,,2026-09-10 00:06:58.745272,1,nonstop; dep 2026-10-10 23:25
186,DEL,BOM,2026-10-10,30,Air India,AI 2975,Economy,6740.0,INR,,,,,AVAILABLE,,serpapi_google_flights,,2026-09-10 00:06:58.745272,1,nonstop; dep 2026-10-10 06:30
187,DEL,BOM,2026-10-10,30,Air India,AI 2951,Economy,6740.0,INR,,,,,AVAILABLE,,serpapi_google_flights,,2026-09-10 00:06:58.745272,1,nonstop; dep 2026-10-10 13:30
188,DEL,BOM,2026-10-10,30,Air India,AI 2981,Economy,6740.0,INR,,,,,AVAILABLE,,serpapi_google_flights,,2026-09-10 00:06:58.745272,1,nonstop; dep 2026-10-10 21:00
189,DEL,BOM,2026-10-10,30,Air India,AI 2943,Economy,6745.0,INR,,,,,AVAILABLE,,serpapi_google_flights,,2026-09-10 00:06:58.745272,1,nonstop; dep 2026-10-10 07:30
190,DEL,BOM,2026-10-10,30,Air India,AI 1785,Economy,6745.0,INR,,,,,AVAILABLE,,serpapi_google_flights,,2026-09-10 00:06:58.745272,1,nonstop; dep 2026-10-10 12:00
191,DEL,BOM,2026-10-10,30,Air India,AI 1777,Economy,6745.0,INR,,,,,AVAILABLE,,serpapi_google_flights,,2026-09-10 00:06:58.745272,1,nonstop; dep 2026-10-10 16:00
192,DEL,BOM,2026-10-10,30,Air India,AI 2985,Economy,6745.0,INR,,,,,AVAILABLE,,serpapi_google_flights,,2026-09-10 00:06:58.745272,1,nonstop; dep 2026-10-10 19:30
193,DEL,BOM,2026-10-10,30,SpiceJet,SG 815,Economy,6778.0,INR,,,,,AVAILABLE,,serpapi_google_flights,,2026-09-10 00:06:58.745272,1,nonstop; dep 2026-10-10 09:55
194,DEL,BOM,2026-10-10,30,SpiceJet,SG 802,Economy,6778.0,INR,,,,,AVAILABLE,,serpapi_google_flights,,2026-09-10 00:06:58.745272,1,nonstop; dep 2026-10-10 22:30
195,DEL,BOM,2026-10-10,30,Akasa Air,QP 1833,Economy,6880.0,INR,,,,,AVAILABLE,,serpapi_google_flights,,2026-09-10 00:06:58.745272,1,nonstop; dep 2026-10-10 06:50
196,DEL,BOM,2026-10-10,30,Akasa Air,QP 1110,Economy,6880.0,INR,,,,,AVAILABLE,,serpapi_google_flights,,2026-09-10 00:06:58.745272,1,nonstop; dep 2026-10-10 10:00
197,DEL,BOM,2026-10-10,30,Akasa Air,QP 1128,Economy,6880.0,INR,,,,,AVAILABLE,,serpapi_google_flights,,2026-09-10 00:06:58.745272,1,nonstop; dep 2026-10-10 16:00
198,DEL,BOM,2026-10-10,30,Akasa Air,QP 1820,Economy,6880.0,INR,,,,,AVAILABLE,,serpapi_google_flights,,2026-09-10 00:06:58.745272,1,nonstop; dep 2026-10-10 17:30
199,DEL,BOM,2026-10-10,30,Air India,AI 2955,Economy,6902.0,INR,,,,,AVAILABLE,,serpapi_google_flights,,2026-09-10 00:06:58.745272,1,nonstop; dep 2026-10-10 18:00
200,DEL,BOM,2026-10-10,30,Air India,AI 2977,Economy,6902.0,INR,,,,,AVAILABLE,,serpapi_google_flights,,2026-09-10 00:06:58.745272,1,nonstop; dep 2026-10-10 19:00
201,DEL,BOM,2026-10-10,30,Air India,AI 2433,Economy,6908.0,INR,,,,,AVAILABLE,,serpapi_google_flights,,2026-09-10 00:06:58.745272,1,nonstop; dep 2026-10-10 21:30
202,DEL,BOM,2026-10-10,30,Air India Express,IX 1056,Economy,7261.0,INR,,,,,AVAILABLE,,serpapi_google_flights,,2026-09-10 00:06:58.745272,1,nonstop; dep 2026-10-10 17:50
203,DEL,BOM,2026-10-10,30,Akasa Air,QP 1826,Economy,7327.0,INR,,,,,AVAILABLE,,serpapi_google_flights,,2026-09-10 00:06:58.745272,1,nonstop; dep 2026-10-10 19:55
204,DEL,BOM,2026-10-25,45,SpiceJet,SG 612,Economy,6778.0,INR,,,,,AVAILABLE,,serpapi_google_flights,,2026-09-10 00:07:03.064982,1,nonstop; dep 2026-10-25 19:00
205,DEL,BOM,2026-10-25,45,IndiGo,6E 327,Economy,6914.0,INR,,,,,AVAILABLE,,serpapi_google_flights,,2026-09-10 00:07:03.064982,1,nonstop; dep 2026-10-25 16:15
206,DEL,BOM,2026-10-25,45,Air India Express,IX 1127,Economy,6989.0,INR,,,,,AVAILABLE,,serpapi_google_flights,,2026-09-10 00:07:03.064982,1,nonstop; dep 2026-10-25 20:40
207,DEL,BOM,2026-10-25,45,Air India,AI 2951,Economy,7070.0,INR,,,,,AVAILABLE,,serpapi_google_flights,,2026-09-10 00:07:03.064982,1,nonstop; dep 2026-10-25 13:30
208,DEL,BOM,2026-10-25,45,Akasa Air,QP 1114,Economy,7453.0,INR,,,,,AVAILABLE,,serpapi_google_flights,,2026-09-10 00:07:03.064982,1,nonstop; dep 2026-10-25 16:00
209,DEL,BOM,2026-10-25,45,SpiceJet,SG 603,Economy,6778.0,INR,,,,,AVAILABLE,,serpapi_google_flights,,2026-09-10 00:07:03.064982,1,nonstop; dep 2026-10-25 05:45
210,DEL,BOM,2026-10-25,45,SpiceJet,SG 510,Economy,6778.0,INR,,,,,AVAILABLE,,serpapi_google_flights,,2026-09-10 00:07:03.064982,1,nonstop; dep 2026-10-25 06:30
211,DEL,BOM,2026-10-25,45,IndiGo,6E 353,Economy,6914.0,INR,,,,,AVAILABLE,,serpapi_google_flights,,2026-09-10 00:07:03.064982,1,nonstop; dep 2026-10-25 03:30
212,DEL,BOM,2026-10-25,45,IndiGo,6E 449,Economy,6914.0,INR,,,,,AVAILABLE,,serpapi_google_flights,,2026-09-10 00:07:03.064982,1,nonstop; dep 2026-10-25 05:00
213,DEL,BOM,2026-10-25,45,IndiGo,6E 6218,Economy,6914.0,INR,,,,,AVAILABLE,,serpapi_google_flights,,2026-09-10 00:07:03.064982,1,nonstop; dep 2026-10-25 06:05
214,DEL,BOM,2026-10-25,45,IndiGo,6E 6814,Economy,6914.0,INR,,,,,AVAILABLE,,serpapi_google_flights,,2026-09-10 00:07:03.064982,1,nonstop; dep 2026-10-25 07:00
215,DEL,BOM,2026-10-25,45,IndiGo,6E 320,Economy,6914.0,INR,,,,,AVAILABLE,,serpapi_google_flights,,2026-09-10 00:07:03.064982,1,nonstop; dep 2026-10-25 08:00
216,DEL,BOM,2026-10-25,45,IndiGo,6E 675,Economy,6914.0,INR,,,,,AVAILABLE,,serpapi_google_flights,,2026-09-10 00:07:03.064982,1,nonstop; dep 2026-10-25 08:45
217,DEL,BOM,2026-10-25,45,IndiGo,6E 6107,Economy,6914.0,INR,,,,,AVAILABLE,,serpapi_google_flights,,2026-09-10 00:07:03.064982,1,nonstop; dep 2026-10-25 09:30
218,DEL,BOM,2026-10-25,45,IndiGo,6E 6328,Economy,6914.0,INR,,,,,AVAILABLE,,serpapi_google_flights,,2026-09-10 00:07:03.064982,1,nonstop; dep 2026-10-25 10:15
219,DEL,BOM,2026-10-25,45,IndiGo,6E 6047,Economy,6914.0,INR,,,,,AVAILABLE,,serpapi_google_flights,,2026-09-10 00:07:03.064982,1,nonstop; dep 2026-10-25 11:00
220,DEL,BOM,2026-10-25,45,IndiGo,6E 6051,Economy,6914.0,INR,,,,,AVAILABLE,,serpapi_google_flights,,2026-09-10 00:07:03.064982,1,nonstop; dep 2026-10-25 11:45
221,DEL,BOM,2026-10-25,45,IndiGo,6E 324,Economy,6914.0,INR,,,,,AVAILABLE,,serpapi_google_flights,,2026-09-10 00:07:03.064982,1,nonstop; dep 2026-10-25 13:15
222,DEL,BOM,2026-10-25,45,IndiGo,6E 6318,Economy,6914.0,INR,,,,,AVAILABLE,,serpapi_google_flights,,2026-09-10 00:07:03.064982,1,nonstop; dep 2026-10-25 14:45
223,DEL,BOM,2026-10-25,45,IndiGo,6E 6706,Economy,6914.0,INR,,,,,AVAILABLE,,serpapi_google_flights,,2026-09-10 00:07:03.064982,1,nonstop; dep 2026-10-25 17:00
224,DEL,BOM,2026-10-25,45,IndiGo,6E 853,Economy,6914.0,INR,,,,,AVAILABLE,,serpapi_google_flights,,2026-09-10 00:07:03.064982,1,nonstop; dep 2026-10-25 21:00
225,DEL,BOM,2026-10-25,45,IndiGo,6E 395,Economy,6914.0,INR,,,,,AVAILABLE,,serpapi_google_flights,,2026-09-10 00:07:03.064982,1,nonstop; dep 2026-10-25 22:00
226,DEL,BOM,2026-10-25,45,IndiGo,6E 6114,Economy,6914.0,INR,,,,,AVAILABLE,,serpapi_google_flights,,2026-09-10 00:07:03.064982,1,nonstop; dep 2026-10-25 23:00
227,DEL,BOM,2026-10-25,45,Air India Express,IX 1056,Economy,6989.0,INR,,,,,AVAILABLE,,serpapi_google_flights,,2026-09-10 00:07:03.064982,1,nonstop; dep 2026-10-25 08:45
228,DEL,BOM,2026-10-25,45,IndiGo,6E 6676,Economy,7064.0,INR,,,,,AVAILABLE,,serpapi_google_flights,,2026-09-10 00:07:03.064982,1,nonstop; dep 2026-10-25 12:30
229,DEL,BOM,2026-10-25,45,IndiGo,6E 6022,Economy,7064.0,INR,,,,,AVAILABLE,,serpapi_google_flights,,2026-09-10 00:07:03.064982,1,nonstop; dep 2026-10-25 14:00
230,DEL,BOM,2026-10-25,45,Air India,AI 2573,Economy,7070.0,INR,,,,,AVAILABLE,,serpapi_google_flights,,2026-09-10 00:07:03.064982,1,nonstop; dep 2026-10-25 05:30
231,DEL,BOM,2026-10-25,45,Air India,AI 2975,Economy,7070.0,INR,,,,,AVAILABLE,,serpapi_google_flights,,2026-09-10 00:07:03.064982,1,nonstop; dep 2026-10-25 06:30
232,DEL,BOM,2026-10-25,45,Air India,AI 2678,Economy,7070.0,INR,,,,,AVAILABLE,,serpapi_google_flights,,2026-09-10 00:07:03.064982,1,nonstop; dep 2026-10-25 08:30
233,DEL,BOM,2026-10-25,45,Air India,AI 2963,Economy,7070.0,INR,,,,,AVAILABLE,,serpapi_google_flights,,2026-09-10 00:07:03.064982,1,nonstop; dep 2026-10-25 09:00
234,DEL,BOM,2026-10-25,45,Air India,AI 2425,Economy,7070.0,INR,,,,,AVAILABLE,,serpapi_google_flights,,2026-09-10 00:07:03.064982,1,nonstop; dep 2026-10-25 10:30
235,DEL,BOM,2026-10-25,45,Air India,AI 2945,Economy,7070.0,INR,,,,,AVAILABLE,,serpapi_google_flights,,2026-09-10 00:07:03.064982,1,nonstop; dep 2026-10-25 11:00
236,DEL,BOM,2026-10-25,45,Air India,AI 2587,Economy,7070.0,INR,,,,,AVAILABLE,,serpapi_google_flights,,2026-09-10 00:07:03.064982,1,nonstop; dep 2026-10-25 12:00
237,DEL,BOM,2026-10-25,45,Air India,AI 2987,Economy,7070.0,INR,,,,,AVAILABLE,,serpapi_google_flights,,2026-09-10 00:07:03.064982,1,nonstop; dep 2026-10-25 13:00
238,DEL,BOM,2026-10-25,45,Air India,AI 2999,Economy,7070.0,INR,,,,,AVAILABLE,,serpapi_google_flights,,2026-09-10 00:07:03.064982,1,nonstop; dep 2026-10-25 22:00
239,DEL,BOM,2026-10-25,45,Air India,AI 2437,Economy,7070.0,INR,,,,,AVAILABLE,,serpapi_google_flights,,2026-09-10 00:07:03.064982,1,nonstop; dep 2026-10-25 22:30
240,DEL,BOM,2026-10-25,45,SpiceJet,SG 475,Economy,7142.0,INR,,,,,AVAILABLE,,serpapi_google_flights,,2026-09-10 00:07:03.064982,1,nonstop; dep 2026-10-25 17:10
241,DEL,BOM,2026-10-25,45,Air India,AI 2943,Economy,7249.0,INR,,,,,AVAILABLE,,serpapi_google_flights,,2026-09-10 00:07:03.064982,1,nonstop; dep 2026-10-25 07:30
242,DEL,BOM,2026-10-25,45,Akasa Air,QP 1112,Economy,7327.0,INR,,,,,AVAILABLE,,serpapi_google_flights,,2026-09-10 00:07:03.064982,1,nonstop; dep 2026-10-25 10:00
243,DEL,BOM,2026-10-25,45,IndiGo,6E 864,Economy,7364.0,INR,,,,,AVAILABLE,,serpapi_google_flights,,2026-09-10 00:07:03.064982,1,nonstop; dep 2026-10-25 15:30
244,DEL,BOM,2026-10-25,45,Air India,AI 441,Economy,7364.0,INR,,,,,AVAILABLE,,serpapi_google_flights,,2026-09-10 00:07:03.064982,1,nonstop; dep 2026-10-25 17:05
245,DEL,BOM,2026-10-25,45,IndiGo,6E 329,Economy,7364.0,INR,,,,,AVAILABLE,,serpapi_google_flights,,2026-09-10 00:07:03.064982,1,nonstop; dep 2026-10-25 18:30
246,DEL,BOM,2026-10-25,45,IndiGo,6E 354,Economy,7364.0,INR,,,,,AVAILABLE,,serpapi_google_flights,,2026-09-10 00:07:03.064982,1,nonstop; dep 2026-10-25 19:15
247,DEL,BOM,2026-10-25,45,IndiGo,6E 303,Economy,7364.0,INR,,,,,AVAILABLE,,serpapi_google_flights,,2026-09-10 00:07:03.064982,1,nonstop; dep 2026-10-25 20:00
248,DEL,BOM,2026-10-25,45,Air India,AI 2439,Economy,7364.0,INR,,,,,AVAILABLE,,serpapi_google_flights,,2026-09-10 00:07:03.064982,1,nonstop; dep 2026-10-25 23:00
249,DEL,BOM,2026-10-25,45,Air India,AI 2981,Economy,7422.0,INR,,,,,AVAILABLE,,serpapi_google_flights,,2026-09-10 00:07:03.064982,1,nonstop; dep 2026-10-25 21:00
250,DEL,BOM,2026-10-25,45,Air India,AI 2433,Economy,7422.0,INR,,,,,AVAILABLE,,serpapi_google_flights,,2026-09-10 00:07:03.064982,1,nonstop; dep 2026-10-25 21:30
251,DEL,BOM,2026-10-25,45,Akasa Air,QP 1118,Economy,7453.0,INR,,,,,AVAILABLE,,serpapi_google_flights,,2026-09-10 00:07:03.064982,1,nonstop; dep 2026-10-25 17:30
252,DEL,BOM,2026-10-25,45,Air India,AI 2555,Economy,7522.0,INR,,,,,AVAILABLE,,serpapi_google_flights,,2026-09-10 00:07:03.064982,1,nonstop; dep 2026-10-25 17:30
253,DEL,BOM,2026-10-25,45,Akasa Air,QP 1116,Economy,7583.0,INR,,,,,AVAILABLE,,serpapi_google_flights,,2026-09-10 00:07:03.064982,1,nonstop; dep 2026-10-25 21:45
254,DEL,BOM,2026-10-25,45,Air India,AI 2985,Economy,7711.0,INR,,,,,AVAILABLE,,serpapi_google_flights,,2026-09-10 00:07:03.064982,1,nonstop; dep 2026-10-25 19:30
255,DEL,BOM,2026-10-25,45,Air India,AI 2955,Economy,8026.0,INR,,,,,AVAILABLE,,serpapi_google_flights,,2026-09-10 00:07:03.064982,1,nonstop; dep 2026-10-25 18:00
256,DEL,BOM,2026-10-25,45,Air India,AI 2977,Economy,8026.0,INR,,,,,AVAILABLE,,serpapi_google_flights,,2026-09-10 00:07:03.064982,1,nonstop; dep 2026-10-25 19:00
257,DEL,BOM,2026-10-25,45,Air India,AI 2957,Economy,8750.0,INR,,,,,AVAILABLE,,serpapi_google_flights,,2026-09-10 00:07:03.064982,1,nonstop; dep 2026-10-25 20:30
258,DEL,BOM,2026-10-25,45,Air India,AI 2941,Economy,8992.0,INR,,,,,AVAILABLE,,serpapi_google_flights,,2026-09-10 00:07:03.064982,1,nonstop; dep 2026-10-25 16:30
259,DEL,BOM,2026-10-25,45,Air India,AI 2933,Economy,9260.0,INR,,,,,AVAILABLE,,serpapi_google_flights,,2026-09-10 00:07:03.064982,1,nonstop; dep 2026-10-25 15:30
260,DEL,BOM,2026-10-25,45,IndiGo,6E 328,Economy,9854.0,INR,,,,,AVAILABLE,,serpapi_google_flights,,2026-09-10 00:07:03.064982,1,nonstop; dep 2026-10-25 17:45
261,BLR,DEL,2026-09-11,1,IndiGo,6E 809,Economy,9720.0,INR,,,,,AVAILABLE,,serpapi_google_flights,,2026-09-10 00:07:06.558632,1,nonstop; dep 2026-09-11 12:00
262,BLR,DEL,2026-09-11,1,Air India,AI 2414,Economy,9890.0,INR,,,,,AVAILABLE,,serpapi_google_flights,,2026-09-10 00:07:06.558632,1,nonstop; dep 2026-09-11 05:30
263,BLR,DEL,2026-09-11,1,Akasa Air,QP 1821,Economy,10329.0,INR,,,,,AVAILABLE,,serpapi_google_flights,,2026-09-10 00:07:06.558632,1,nonstop; dep 2026-09-11 13:10
264,BLR,DEL,2026-09-11,1,Air India Express,IX 1040,Economy,10470.0,INR,,,,,AVAILABLE,,serpapi_google_flights,,2026-09-10 00:07:06.558632,1,nonstop; dep 2026-09-11 14:40
265,BLR,DEL,2026-09-11,1,IndiGo,6E 836,Economy,10273.0,INR,,,,,AVAILABLE,,serpapi_google_flights,,2026-09-10 00:07:06.558632,1,nonstop; dep 2026-09-11 05:05
266,BLR,DEL,2026-09-11,1,IndiGo,6E 869,Economy,10273.0,INR,,,,,AVAILABLE,,serpapi_google_flights,,2026-09-10 00:07:06.558632,1,nonstop; dep 2026-09-11 13:10
267,BLR,DEL,2026-09-11,1,IndiGo,6E 840,Economy,10273.0,INR,,,,,AVAILABLE,,serpapi_google_flights,,2026-09-10 00:07:06.558632,1,nonstop; dep 2026-09-11 13:55
268,BLR,DEL,2026-09-11,1,Air India,AI 2804,Economy,10431.0,INR,,,,,AVAILABLE,,serpapi_google_flights,,2026-09-10 00:07:06.558632,1,nonstop; dep 2026-09-11 10:00
269,BLR,DEL,2026-09-11,1,Air India,AI 2486,Economy,10431.0,INR,,,,,AVAILABLE,,serpapi_google_flights,,2026-09-10 00:07:06.558632,1,nonstop; dep 2026-09-11 14:00
270,BLR,DEL,2026-09-11,1,Air India,AI 428,Economy,10431.0,INR,,,,,AVAILABLE,,serpapi_google_flights,,2026-09-10 00:07:06.558632,1,nonstop; dep 2026-09-11 15:30
271,BLR,DEL,2026-09-11,1,Akasa Air,QP 1359,Economy,10512.0,INR,,,,,AVAILABLE,,serpapi_google_flights,,2026-09-10 00:07:06.558632,1,nonstop; dep 2026-09-11 05:00
272,BLR,DEL,2026-09-11,1,Air India,AI 2406,Economy,10520.0,INR,,,,,AVAILABLE,,serpapi_google_flights,,2026-09-10 00:07:06.558632,1,nonstop; dep 2026-09-11 11:00
273,BLR,DEL,2026-09-11,1,Akasa Air,QP 1811,Economy,10701.0,INR,,,,,AVAILABLE,,serpapi_google_flights,,2026-09-10 00:07:06.558632,1,nonstop; dep 2026-09-11 04:10
274,BLR,DEL,2026-09-11,1,IndiGo,6E 175,Economy,10864.0,INR,,,,,AVAILABLE,,serpapi_google_flights,,2026-09-10 00:07:06.558632,1,nonstop; dep 2026-09-11 10:45
275,BLR,DEL,2026-09-11,1,Air India,AI 2511,Economy,10872.0,INR,,,,,AVAILABLE,,serpapi_google_flights,,2026-09-10 00:07:06.558632,1,nonstop; dep 2026-09-11 15:00
276,BLR,DEL,2026-09-11,1,Akasa Air,QP 1823,Economy,11087.0,INR,,,,,AVAILABLE,,serpapi_google_flights,,2026-09-10 00:07:06.558632,1,nonstop; dep 2026-09-11 06:05
277,BLR,DEL,2026-09-11,1,Air India,AI 2868,Economy,11397.0,INR,,,,,AVAILABLE,,serpapi_google_flights,,2026-09-10 00:07:06.558632,1,nonstop; dep 2026-09-11 09:00
278,BLR,DEL,2026-09-11,1,IndiGo,6E 849,Economy,11494.0,INR,,,,,AVAILABLE,,serpapi_google_flights,,2026-09-10 00:07:06.558632,1,nonstop; dep 2026-09-11 08:15
279,BLR,DEL,2026-09-11,1,IndiGo,6E 830,Economy,11494.0,INR,,,,,AVAILABLE,,serpapi_google_flights,,2026-09-10 00:07:06.558632,1,nonstop; dep 2026-09-11 09:30
280,BLR,DEL,2026-09-11,1,Air India,AI 2810,Economy,11654.0,INR,,,,,AVAILABLE,,serpapi_google_flights,,2026-09-10 00:07:06.558632,1,nonstop; dep 2026-09-11 06:00
281,BLR,DEL,2026-09-11,1,Air India Express,IX 5976,Economy,11690.0,INR,,,,,AVAILABLE,,serpapi_google_flights,,2026-09-10 00:07:06.558632,1,nonstop; dep 2026-09-11 01:15
282,BLR,DEL,2026-09-11,1,IndiGo,6E 804,Economy,12168.0,INR,,,,,AVAILABLE,,serpapi_google_flights,,2026-09-10 00:07:06.558632,1,nonstop; dep 2026-09-11 03:00
283,BLR,DEL,2026-09-11,1,IndiGo,6E 844,Economy,12168.0,INR,,,,,AVAILABLE,,serpapi_google_flights,,2026-09-10 00:07:06.558632,1,nonstop; dep 2026-09-11 07:00
284,BLR,DEL,2026-09-11,1,IndiGo,6E 860,Economy,14472.0,INR,,,,,AVAILABLE,,serpapi_google_flights,,2026-09-10 00:07:06.558632,1,nonstop; dep 2026-09-11 15:45
285,BLR,DEL,2026-09-11,1,Air India,AI 2758,Economy,15224.0,INR,,,,,AVAILABLE,,serpapi_google_flights,,2026-09-10 00:07:06.558632,1,nonstop; dep 2026-09-11 00:15
286,BLR,DEL,2026-09-11,1,Air India,AI 2654,Economy,15907.0,INR,,,,,AVAILABLE,,serpapi_google_flights,,2026-09-10 00:07:06.558632,1,nonstop; dep 2026-09-11 07:00
287,BLR,DEL,2026-09-11,1,Air India,AI 2418,Economy,15907.0,INR,,,,,AVAILABLE,,serpapi_google_flights,,2026-09-10 00:07:06.558632,1,nonstop; dep 2026-09-11 16:30
288,BLR,DEL,2026-09-11,1,IndiGo,6E 6039,Economy,18336.0,INR,,,,,AVAILABLE,,serpapi_google_flights,,2026-09-10 00:07:06.558632,1,nonstop; dep 2026-09-11 17:00
289,BLR,DEL,2026-09-11,1,IndiGo,6E 2313,Economy,19469.0,INR,,,,,AVAILABLE,,serpapi_google_flights,,2026-09-10 00:07:06.558632,1,nonstop; dep 2026-09-11 23:30
290,BLR,DEL,2026-09-11,1,Akasa Air,QP 1307,Economy,19778.0,INR,,,,,AVAILABLE,,serpapi_google_flights,,2026-09-10 00:07:06.558632,1,nonstop; dep 2026-09-11 17:20
291,BLR,DEL,2026-09-11,1,IndiGo,6E 6034,Economy,20680.0,INR,,,,,AVAILABLE,,serpapi_google_flights,,2026-09-10 00:07:06.558632,1,nonstop; dep 2026-09-11 18:15
292,BLR,DEL,2026-09-11,1,Air India,AI 2820,Economy,20810.0,INR,,,,,AVAILABLE,,serpapi_google_flights,,2026-09-10 00:07:06.558632,1,nonstop; dep 2026-09-11 17:25
293,BLR,DEL,2026-09-11,1,IndiGo,6E 870,Economy,21971.0,INR,,,,,AVAILABLE,,serpapi_google_flights,,2026-09-10 00:07:06.558632,1,nonstop; dep 2026-09-11 19:30
294,BLR,DEL,2026-09-11,1,IndiGo,6E 817,Economy,21971.0,INR,,,,,AVAILABLE,,serpapi_google_flights,,2026-09-10 00:07:06.558632,1,nonstop; dep 2026-09-11 20:40
295,BLR,DEL,2026-09-11,1,IndiGo,6E 6406,Economy,21971.0,INR,,,,,AVAILABLE,,serpapi_google_flights,,2026-09-10 00:07:06.558632,1,nonstop; dep 2026-09-11 22:00
296,BLR,DEL,2026-09-11,1,Air India,AI 2802,Economy,24679.0,INR,,,,,AVAILABLE,,serpapi_google_flights,,2026-09-10 00:07:06.558632,1,nonstop; dep 2026-09-11 18:20
297,BLR,DEL,2026-09-11,1,Air India,AI 2665,Economy,24679.0,INR,,,,,AVAILABLE,,serpapi_google_flights,,2026-09-10 00:07:06.558632,1,nonstop; dep 2026-09-11 19:40
298,BLR,DEL,2026-09-11,1,Air India,AI 2818,Economy,24679.0,INR,,,,,AVAILABLE,,serpapi_google_flights,,2026-09-10 00:07:06.558632,1,nonstop; dep 2026-09-11 20:00
299,BLR,DEL,2026-09-11,1,Air India,AI 2488,Economy,24679.0,INR,,,,,AVAILABLE,,serpapi_google_flights,,2026-09-10 00:07:06.558632,1,nonstop; dep 2026-09-11 22:30
300,BLR,DEL,2026-09-17,7,IndiGo,6E 804,Economy,8259.0,INR,,,,,AVAILABLE,,serpapi_google_flights,,2026-09-10 00:07:11.295769,1,nonstop; dep 2026-09-17 03:00
301,BLR,DEL,2026-09-17,7,Air India,AI 2511,Economy,8415.0,INR,,,,,AVAILABLE,,serpapi_google_flights,,2026-09-10 00:07:11.295769,1,nonstop; dep 2026-09-17 15:00
302,BLR,DEL,2026-09-17,7,Air India Express,IX 1040,Economy,8912.0,INR,,,,,AVAILABLE,,serpapi_google_flights,,2026-09-10 00:07:11.295769,1,nonstop; dep 2026-09-17 14:40
303,BLR,DEL,2026-09-17,7,Akasa Air,QP 1359,Economy,9141.0,INR,,,,,AVAILABLE,,serpapi_google_flights,,2026-09-10 00:07:11.295769,1,nonstop; dep 2026-09-17 05:00
304,BLR,DEL,2026-09-17,7,IndiGo,6E 836,Economy,8259.0,INR,,,,,AVAILABLE,,serpapi_google_flights,,2026-09-10 00:07:11.295769,1,nonstop; dep 2026-09-17 05:05
305,BLR,DEL,2026-09-17,7,Air India,AI 2758,Economy,8268.0,INR,,,,,AVAILABLE,,serpapi_google_flights,,2026-09-10 00:07:11.295769,1,nonstop; dep 2026-09-17 00:15
306,BLR,DEL,2026-09-17,7,Air India Express,IX 5976,Economy,8656.0,INR,,,,,AVAILABLE,,serpapi_google_flights,,2026-09-10 00:07:11.295769,1,nonstop; dep 2026-09-17 01:15
307,BLR,DEL,2026-09-17,7,IndiGo,6E 844,Economy,8715.0,INR,,,,,AVAILABLE,,serpapi_google_flights,,2026-09-10 00:07:11.295769,1,nonstop; dep 2026-09-17 07:00
308,BLR,DEL,2026-09-17,7,IndiGo,6E 830,Economy,8715.0,INR,,,,,AVAILABLE,,serpapi_google_flights,,2026-09-10 00:07:11.295769,1,nonstop; dep 2026-09-17 09:30
309,BLR,DEL,2026-09-17,7,IndiGo,6E 175,Economy,8715.0,INR,,,,,AVAILABLE,,serpapi_google_flights,,2026-09-10 00:07:11.295769,1,nonstop; dep 2026-09-17 10:45
310,BLR,DEL,2026-09-17,7,IndiGo,6E 809,Economy,8715.0,INR,,,,,AVAILABLE,,serpapi_google_flights,,2026-09-10 00:07:11.295769,1,nonstop; dep 2026-09-17 12:00
311,BLR,DEL,2026-09-17,7,IndiGo,6E 869,Economy,8715.0,INR,,,,,AVAILABLE,,serpapi_google_flights,,2026-09-10 00:07:11.295769,1,nonstop; dep 2026-09-17 13:10
312,BLR,DEL,2026-09-17,7,IndiGo,6E 860,Economy,8715.0,INR,,,,,AVAILABLE,,serpapi_google_flights,,2026-09-10 00:07:11.295769,1,nonstop; dep 2026-09-17 15:45
313,BLR,DEL,2026-09-17,7,IndiGo,6E 6039,Economy,8715.0,INR,,,,,AVAILABLE,,serpapi_google_flights,,2026-09-10 00:07:11.295769,1,nonstop; dep 2026-09-17 17:00
314,BLR,DEL,2026-09-17,7,Air India,AI 2414,Economy,8725.0,INR,,,,,AVAILABLE,,serpapi_google_flights,,2026-09-10 00:07:11.295769,1,nonstop; dep 2026-09-17 05:30
315,BLR,DEL,2026-09-17,7,Air India,AI 2810,Economy,8872.0,INR,,,,,AVAILABLE,,serpapi_google_flights,,2026-09-10 00:07:11.295769,1,nonstop; dep 2026-09-17 06:00
316,BLR,DEL,2026-09-17,7,Akasa Air,QP 1811,Economy,9141.0,INR,,,,,AVAILABLE,,serpapi_google_flights,,2026-09-10 00:07:11.295769,1,nonstop; dep 2026-09-17 04:10
317,BLR,DEL,2026-09-17,7,IndiGo,6E 840,Economy,9201.0,INR,,,,,AVAILABLE,,serpapi_google_flights,,2026-09-10 00:07:11.295769,1,nonstop; dep 2026-09-17 13:55
318,BLR,DEL,2026-09-17,7,Akasa Air,QP 1823,Economy,9299.0,INR,,,,,AVAILABLE,,serpapi_google_flights,,2026-09-10 00:07:11.295769,1,nonstop; dep 2026-09-17 06:05
319,BLR,DEL,2026-09-17,7,Akasa Air,QP 1307,Economy,9299.0,INR,,,,,AVAILABLE,,serpapi_google_flights,,2026-09-10 00:07:11.295769,1,nonstop; dep 2026-09-17 17:20
320,BLR,DEL,2026-09-17,7,Air India,AI 428,Economy,9360.0,INR,,,,,AVAILABLE,,serpapi_google_flights,,2026-09-10 00:07:11.295769,1,nonstop; dep 2026-09-17 15:30
321,BLR,DEL,2026-09-17,7,Air India,AI 2418,Economy,9591.0,INR,,,,,AVAILABLE,,serpapi_google_flights,,2026-09-10 00:07:11.295769,1,nonstop; dep 2026-09-17 16:30
322,BLR,DEL,2026-09-17,7,IndiGo,6E 6034,Economy,9720.0,INR,,,,,AVAILABLE,,serpapi_google_flights,,2026-09-10 00:07:11.295769,1,nonstop; dep 2026-09-17 18:15
323,BLR,DEL,2026-09-17,7,IndiGo,6E 2313,Economy,9720.0,INR,,,,,AVAILABLE,,serpapi_google_flights,,2026-09-10 00:07:11.295769,1,nonstop; dep 2026-09-17 23:30
324,BLR,DEL,2026-09-17,7,Air India,AI 2804,Economy,9880.0,INR,,,,,AVAILABLE,,serpapi_google_flights,,2026-09-10 00:07:11.295769,1,nonstop; dep 2026-09-17 10:00
325,BLR,DEL,2026-09-17,7,Air India,AI 2406,Economy,9880.0,INR,,,,,AVAILABLE,,serpapi_google_flights,,2026-09-10 00:07:11.295769,1,nonstop; dep 2026-09-17 11:00
326,BLR,DEL,2026-09-17,7,Air India,AI 2486,Economy,9880.0,INR,,,,,AVAILABLE,,serpapi_google_flights,,2026-09-10 00:07:11.295769,1,nonstop; dep 2026-09-17 14:00
327,BLR,DEL,2026-09-17,7,IndiGo,6E 849,Economy,10273.0,INR,,,,,AVAILABLE,,serpapi_google_flights,,2026-09-10 00:07:11.295769,1,nonstop; dep 2026-09-17 08:15
328,BLR,DEL,2026-09-17,7,IndiGo,6E 6406,Economy,10273.0,INR,,,,,AVAILABLE,,serpapi_google_flights,,2026-09-10 00:07:11.295769,1,nonstop; dep 2026-09-17 22:00
329,BLR,DEL,2026-09-17,7,Air India,AI 2820,Economy,10431.0,INR,,,,,AVAILABLE,,serpapi_google_flights,,2026-09-10 00:07:11.295769,1,nonstop; dep 2026-09-17 17:25
330,BLR,DEL,2026-09-17,7,Air India,AI 2868,Economy,10609.0,INR,,,,,AVAILABLE,,serpapi_google_flights,,2026-09-10 00:07:11.295769,1,nonstop; dep 2026-09-17 09:00
331,BLR,DEL,2026-09-17,7,Air India,AI 2488,Economy,10609.0,INR,,,,,AVAILABLE,,serpapi_google_flights,,2026-09-10 00:07:11.295769,1,nonstop; dep 2026-09-17 22:30
332,BLR,DEL,2026-09-17,7,IndiGo,6E 870,Economy,10864.0,INR,,,,,AVAILABLE,,serpapi_google_flights,,2026-09-10 00:07:11.295769,1,nonstop; dep 2026-09-17 19:30
333,BLR,DEL,2026-09-17,7,IndiGo,6E 817,Economy,10864.0,INR,,,,,AVAILABLE,,serpapi_google_flights,,2026-09-10 00:07:11.295769,1,nonstop; dep 2026-09-17 20:40
334,BLR,DEL,2026-09-17,7,Air India,AI 2654,Economy,11654.0,INR,,,,,AVAILABLE,,serpapi_google_flights,,2026-09-10 00:07:11.295769,1,nonstop; dep 2026-09-17 07:00
335,BLR,DEL,2026-09-17,7,Air India,AI 2665,Economy,11854.0,INR,,,,,AVAILABLE,,serpapi_google_flights,,2026-09-10 00:07:11.295769,1,nonstop; dep 2026-09-17 19:40
336,BLR,DEL,2026-09-17,7,Air India,AI 2802,Economy,13271.0,INR,,,,,AVAILABLE,,serpapi_google_flights,,2026-09-10 00:07:11.295769,1,nonstop; dep 2026-09-17 18:20
337,BLR,DEL,2026-09-17,7,Air India,AI 2818,Economy,13843.0,INR,,,,,AVAILABLE,,serpapi_google_flights,,2026-09-10 00:07:11.295769,1,nonstop; dep 2026-09-17 20:00
338,BLR,DEL,2026-09-25,15,IndiGo,6E 860,Economy,9201.0,INR,,,,,AVAILABLE,,serpapi_google_flights,,2026-09-10 00:07:16.432790,1,nonstop; dep 2026-09-25 15:45
339,BLR,DEL,2026-09-25,15,Akasa Air,QP 1811,Economy,9299.0,INR,,,,,AVAILABLE,,serpapi_google_flights,,2026-09-10 00:07:16.432790,1,nonstop; dep 2026-09-25 04:10
340,BLR,DEL,2026-09-25,15,Air India,AI 2486,Economy,9360.0,INR,,,,,AVAILABLE,,serpapi_google_flights,,2026-09-10 00:07:16.432790,1,nonstop; dep 2026-09-25 14:00
341,BLR,DEL,2026-09-25,15,IndiGo,6E 804,Economy,9201.0,INR,,,,,AVAILABLE,,serpapi_google_flights,,2026-09-10 00:07:16.432790,1,nonstop; dep 2026-09-25 03:00
342,BLR,DEL,2026-09-25,15,IndiGo,6E 836,Economy,9201.0,INR,,,,,AVAILABLE,,serpapi_google_flights,,2026-09-10 00:07:16.432790,1,nonstop; dep 2026-09-25 05:05
343,BLR,DEL,2026-09-25,15,IndiGo,6E 869,Economy,9201.0,INR,,,,,AVAILABLE,,serpapi_google_flights,,2026-09-10 00:07:16.432790,1,nonstop; dep 2026-09-25 13:10
344,BLR,DEL,2026-09-25,15,Air India Express,IX 5976,Economy,9211.0,INR,,,,,AVAILABLE,,serpapi_google_flights,,2026-09-10 00:07:16.432790,1,nonstop; dep 2026-09-25 01:15
345,BLR,DEL,2026-09-25,15,Air India,AI 428,Economy,9360.0,INR,,,,,AVAILABLE,,serpapi_google_flights,,2026-09-10 00:07:16.432790,1,nonstop; dep 2026-09-25 15:30
346,BLR,DEL,2026-09-25,15,Akasa Air,QP 1359,Economy,9462.0,INR,,,,,AVAILABLE,,serpapi_google_flights,,2026-09-10 00:07:16.432790,1,nonstop; dep 2026-09-25 05:00
347,BLR,DEL,2026-09-25,15,Air India Express,IX 1040,Economy,9561.0,INR,,,,,AVAILABLE,,serpapi_google_flights,,2026-09-10 00:07:16.432790,1,nonstop; dep 2026-09-25 14:40
348,BLR,DEL,2026-09-25,15,IndiGo,6E 849,Economy,9720.0,INR,,,,,AVAILABLE,,serpapi_google_flights,,2026-09-10 00:07:16.432790,1,nonstop; dep 2026-09-25 08:15
349,BLR,DEL,2026-09-25,15,IndiGo,6E 830,Economy,9720.0,INR,,,,,AVAILABLE,,serpapi_google_flights,,2026-09-10 00:07:16.432790,1,nonstop; dep 2026-09-25 09:30
350,BLR,DEL,2026-09-25,15,IndiGo,6E 840,Economy,9720.0,INR,,,,,AVAILABLE,,serpapi_google_flights,,2026-09-10 00:07:16.432790,1,nonstop; dep 2026-09-25 13:55
351,BLR,DEL,2026-09-25,15,Air India,AI 2511,Economy,9743.0,INR,,,,,AVAILABLE,,serpapi_google_flights,,2026-09-10 00:07:16.432790,1,nonstop; dep 2026-09-25 15:00
352,BLR,DEL,2026-09-25,15,Akasa Air,QP 1823,Economy,9798.0,INR,,,,,AVAILABLE,,serpapi_google_flights,,2026-09-10 00:07:16.432790,1,nonstop; dep 2026-09-25 06:05
353,BLR,DEL,2026-09-25,15,Air India,AI 2810,Economy,9880.0,INR,,,,,AVAILABLE,,serpapi_google_flights,,2026-09-10 00:07:16.432790,1,nonstop; dep 2026-09-25 06:00
354,BLR,DEL,2026-09-25,15,Air India,AI 2804,Economy,9880.0,INR,,,,,AVAILABLE,,serpapi_google_flights,,2026-09-10 00:07:16.432790,1,nonstop; dep 2026-09-25 10:00
355,BLR,DEL,2026-09-25,15,Air India,AI 2414,Economy,9890.0,INR,,,,,AVAILABLE,,serpapi_google_flights,,2026-09-10 00:07:16.432790,1,nonstop; dep 2026-09-25 05:30
356,BLR,DEL,2026-09-25,15,Air India,AI 2406,Economy,9958.0,INR,,,,,AVAILABLE,,serpapi_google_flights,,2026-09-10 00:07:16.432790,1,nonstop; dep 2026-09-25 11:00
357,BLR,DEL,2026-09-25,15,Akasa Air,QP 1821,Economy,10150.0,INR,,,,,AVAILABLE,,serpapi_google_flights,,2026-09-10 00:07:16.432790,1,nonstop; dep 2026-09-25 13:10
358,BLR,DEL,2026-09-25,15,Air India,AI 2868,Economy,10205.0,INR,,,,,AVAILABLE,,serpapi_google_flights,,2026-09-10 00:07:16.432790,1,nonstop; dep 2026-09-25 09:00
359,BLR,DEL,2026-09-25,15,IndiGo,6E 175,Economy,10273.0,INR,,,,,AVAILABLE,,serpapi_google_flights,,2026-09-10 00:07:16.432790,1,nonstop; dep 2026-09-25 10:45
360,BLR,DEL,2026-09-25,15,IndiGo,6E 6039,Economy,10273.0,INR,,,,,AVAILABLE,,serpapi_google_flights,,2026-09-10 00:07:16.432790,1,nonstop; dep 2026-09-25 17:00
361,BLR,DEL,2026-09-25,15,Air India,AI 2758,Economy,10279.0,INR,,,,,AVAILABLE,,serpapi_google_flights,,2026-09-10 00:07:16.432790,1,nonstop; dep 2026-09-25 00:15
362,BLR,DEL,2026-09-25,15,Air India,AI 2418,Economy,10289.0,INR,,,,,AVAILABLE,,serpapi_google_flights,,2026-09-10 00:07:16.432790,1,nonstop; dep 2026-09-25 16:30
363,BLR,DEL,2026-09-25,15,Air India,AI 2820,Economy,10289.0,INR,,,,,AVAILABLE,,serpapi_google_flights,,2026-09-10 00:07:16.432790,1,nonstop; dep 2026-09-25 17:25
364,BLR,DEL,2026-09-25,15,Air India,AI 2802,Economy,10289.0,INR,,,,,AVAILABLE,,serpapi_google_flights,,2026-09-10 00:07:16.432790,1,nonstop; dep 2026-09-25 18:20
365,BLR,DEL,2026-09-25,15,Akasa Air,QP 1307,Economy,10329.0,INR,,,,,AVAILABLE,,serpapi_google_flights,,2026-09-10 00:07:16.432790,1,nonstop; dep 2026-09-25 17:20
366,BLR,DEL,2026-09-25,15,IndiGo,6E 844,Economy,10864.0,INR,,,,,AVAILABLE,,serpapi_google_flights,,2026-09-10 00:07:16.432790,1,nonstop; dep 2026-09-25 07:00
367,BLR,DEL,2026-09-25,15,IndiGo,6E 809,Economy,10864.0,INR,,,,,AVAILABLE,,serpapi_google_flights,,2026-09-10 00:07:16.432790,1,nonstop; dep 2026-09-25 12:00
368,BLR,DEL,2026-09-25,15,IndiGo,6E 6034,Economy,10864.0,INR,,,,,AVAILABLE,,serpapi_google_flights,,2026-09-10 00:07:16.432790,1,nonstop; dep 2026-09-25 18:15
369,BLR,DEL,2026-09-25,15,IndiGo,6E 817,Economy,10864.0,INR,,,,,AVAILABLE,,serpapi_google_flights,,2026-09-10 00:07:16.432790,1,nonstop; dep 2026-09-25 20:40
370,BLR,DEL,2026-09-25,15,Air India,AI 2654,Economy,11491.0,INR,,,,,AVAILABLE,,serpapi_google_flights,,2026-09-10 00:07:16.432790,1,nonstop; dep 2026-09-25 07:00
371,BLR,DEL,2026-09-25,15,Air India,AI 2665,Economy,11491.0,INR,,,,,AVAILABLE,,serpapi_google_flights,,2026-09-10 00:07:16.432790,1,nonstop; dep 2026-09-25 19:40
372,BLR,DEL,2026-09-25,15,IndiGo,6E 2313,Economy,11494.0,INR,,,,,AVAILABLE,,serpapi_google_flights,,2026-09-10 00:07:16.432790,1,nonstop; dep 2026-09-25 23:30
373,BLR,DEL,2026-09-25,15,Air India,AI 2818,Economy,11680.0,INR,,,,,AVAILABLE,,serpapi_google_flights,,2026-09-10 00:07:16.432790,1,nonstop; dep 2026-09-25 20:00
374,BLR,DEL,2026-09-25,15,IndiGo,6E 870,Economy,12168.0,INR,,,,,AVAILABLE,,serpapi_google_flights,,2026-09-10 00:07:16.432790,1,nonstop; dep 2026-09-25 19:30
375,BLR,DEL,2026-09-25,15,IndiGo,6E 6406,Economy,12886.0,INR,,,,,AVAILABLE,,serpapi_google_flights,,2026-09-10 00:07:16.432790,1,nonstop; dep 2026-09-25 22:00
376,BLR,DEL,2026-09-25,15,Air India,AI 2488,Economy,15907.0,INR,,,,,AVAILABLE,,serpapi_google_flights,,2026-09-10 00:07:16.432790,1,nonstop; dep 2026-09-25 22:30
377,BLR,DEL,2026-10-10,30,Air India,AI 2804,Economy,10872.0,INR,,,,,AVAILABLE,,serpapi_google_flights,,2026-09-10 00:07:28.849985,1,nonstop; dep 2026-10-10 10:00
378,BLR,DEL,2026-10-10,30,Air India,AI 2665,Economy,11654.0,INR,,,,,AVAILABLE,,serpapi_google_flights,,2026-09-10 00:07:28.849985,1,nonstop; dep 2026-10-10 19:40
379,BLR,DEL,2026-10-10,30,Air India,AI 2814,Economy,11654.0,INR,,,,,AVAILABLE,,serpapi_google_flights,,2026-09-10 00:07:28.849985,1,nonstop; dep 2026-10-10 22:00
380,BLR,DEL,2026-10-10,30,Air India,AI 2488,Economy,11654.0,INR,,,,,AVAILABLE,,serpapi_google_flights,,2026-09-10 00:07:28.849985,1,nonstop; dep 2026-10-10 22:30
381,BLR,DEL,2026-10-10,30,Air India,AI 2818,Economy,11854.0,INR,,,,,AVAILABLE,,serpapi_google_flights,,2026-09-10 00:07:28.849985,1,nonstop; dep 2026-10-10 20:00
382,BLR,DEL,2026-10-10,30,Air India,AI 2486,Economy,11953.0,INR,,,,,AVAILABLE,,serpapi_google_flights,,2026-09-10 00:07:28.849985,1,nonstop; dep 2026-10-10 14:00
383,BLR,DEL,2026-10-10,30,Air India,AI 428,Economy,11953.0,INR,,,,,AVAILABLE,,serpapi_google_flights,,2026-09-10 00:07:28.849985,1,nonstop; dep 2026-10-10 15:30
384,BLR,DEL,2026-10-10,30,Air India,AI 2418,Economy,11953.0,INR,,,,,AVAILABLE,,serpapi_google_flights,,2026-09-10 00:07:28.849985,1,nonstop; dep 2026-10-10 16:30
385,BLR,DEL,2026-10-10,30,Air India,AI 2802,Economy,11953.0,INR,,,,,AVAILABLE,,serpapi_google_flights,,2026-09-10 00:07:28.849985,1,nonstop; dep 2026-10-10 18:20
386,BLR,DEL,2026-10-10,30,Air India,AI 2406,Economy,12153.0,INR,,,,,AVAILABLE,,serpapi_google_flights,,2026-09-10 00:07:28.849985,1,nonstop; dep 2026-10-10 11:00
387,BLR,DEL,2026-10-10,30,Air India,AI 2511,Economy,12153.0,INR,,,,,AVAILABLE,,serpapi_google_flights,,2026-09-10 00:07:28.849985,1,nonstop; dep 2026-10-10 15:00
388,BLR,DEL,2026-10-10,30,IndiGo,6E 6406,Economy,12168.0,INR,,,,,AVAILABLE,,serpapi_google_flights,,2026-09-10 00:07:28.849985,1,nonstop; dep 2026-10-10 22:00
389,BLR,DEL,2026-10-10,30,Air India,AI 2868,Economy,12352.0,INR,,,,,AVAILABLE,,serpapi_google_flights,,2026-09-10 00:07:28.849985,1,nonstop; dep 2026-10-10 09:00
390,BLR,DEL,2026-10-10,30,Air India Express,IX 5976,Economy,12571.0,INR,,,,,AVAILABLE,,serpapi_google_flights,,2026-09-10 00:07:28.849985,1,nonstop; dep 2026-10-10 01:15
391,BLR,DEL,2026-10-10,30,Air India Express,IX 1040,Economy,12571.0,INR,,,,,AVAILABLE,,serpapi_google_flights,,2026-09-10 00:07:28.849985,1,nonstop; dep 2026-10-10 17:35
392,BLR,DEL,2026-10-10,30,Air India,AI 2758,Economy,12862.0,INR,,,,,AVAILABLE,,serpapi_google_flights,,2026-09-10 00:07:28.849985,1,nonstop; dep 2026-10-10 00:15
393,BLR,DEL,2026-10-10,30,Air India,AI 2414,Economy,12862.0,INR,,,,,AVAILABLE,,serpapi_google_flights,,2026-09-10 00:07:28.849985,1,nonstop; dep 2026-10-10 05:30
394,BLR,DEL,2026-10-10,30,IndiGo,6E 6034,Economy,12886.0,INR,,,,,AVAILABLE,,serpapi_google_flights,,2026-09-10 00:07:28.849985,1,nonstop; dep 2026-10-10 18:15
395,BLR,DEL,2026-10-10,30,IndiGo,6E 817,Economy,12886.0,INR,,,,,AVAILABLE,,serpapi_google_flights,,2026-09-10 00:07:28.849985,1,nonstop; dep 2026-10-10 20:40
396,BLR,DEL,2026-10-10,30,Akasa Air,QP 1823,Economy,13028.0,INR,,,,,AVAILABLE,,serpapi_google_flights,,2026-09-10 00:07:28.849985,1,nonstop; dep 2026-10-10 06:05
397,BLR,DEL,2026-10-10,30,Air India,AI 2654,Economy,13045.0,INR,,,,,AVAILABLE,,serpapi_google_flights,,2026-09-10 00:07:28.849985,1,nonstop; dep 2026-10-10 07:00
398,BLR,DEL,2026-10-10,30,Air India,AI 2820,Economy,13045.0,INR,,,,,AVAILABLE,,serpapi_google_flights,,2026-09-10 00:07:28.849985,1,nonstop; dep 2026-10-10 17:25
399,BLR,DEL,2026-10-10,30,Air India,AI 2810,Economy,13156.0,INR,,,,,AVAILABLE,,serpapi_google_flights,,2026-09-10 00:07:28.849985,1,nonstop; dep 2026-10-10 06:00
400,BLR,DEL,2026-10-10,30,Akasa Air,QP 1359,Economy,13510.0,INR,,,,,AVAILABLE,,serpapi_google_flights,,2026-09-10 00:07:28.849985,1,nonstop; dep 2026-10-10 05:00
401,BLR,DEL,2026-10-10,30,Air India Express,IX 2542,Economy,13571.0,INR,,,,,AVAILABLE,,serpapi_google_flights,,2026-09-10 00:07:28.849985,1,nonstop; dep 2026-10-10 06:40
402,BLR,DEL,2026-10-10,30,IndiGo,6E 804,Economy,13653.0,INR,,,,,AVAILABLE,,serpapi_google_flights,,2026-09-10 00:07:28.849985,1,nonstop; dep 2026-10-10 03:00
403,BLR,DEL,2026-10-10,30,Akasa Air,QP 1821,Economy,13755.0,INR,,,,,AVAILABLE,,serpapi_google_flights,,2026-09-10 00:07:28.849985,1,nonstop; dep 2026-10-10 13:05
404,BLR,DEL,2026-10-10,30,Akasa Air,QP 1811,Economy,14007.0,INR,,,,,AVAILABLE,,serpapi_google_flights,,2026-09-10 00:07:28.849985,1,nonstop; dep 2026-10-10 03:55
405,BLR,DEL,2026-10-10,30,IndiGo,6E 840,Economy,14472.0,INR,,,,,AVAILABLE,,serpapi_google_flights,,2026-09-10 00:07:28.849985,1,nonstop; dep 2026-10-10 13:55
406,BLR,DEL,2026-10-10,30,IndiGo,6E 870,Economy,14472.0,INR,,,,,AVAILABLE,,serpapi_google_flights,,2026-09-10 00:07:28.849985,1,nonstop; dep 2026-10-10 19:30
407,BLR,DEL,2026-10-10,30,IndiGo,6E 839,Economy,15346.0,INR,,,,,AVAILABLE,,serpapi_google_flights,,2026-09-10 00:07:28.849985,1,nonstop; dep 2026-10-10 01:00
408,BLR,DEL,2026-10-10,30,IndiGo,6E 860,Economy,15346.0,INR,,,,,AVAILABLE,,serpapi_google_flights,,2026-09-10 00:07:28.849985,1,nonstop; dep 2026-10-10 15:45
409,BLR,DEL,2026-10-10,30,IndiGo,6E 6039,Economy,15346.0,INR,,,,,AVAILABLE,,serpapi_google_flights,,2026-09-10 00:07:28.849985,1,nonstop; dep 2026-10-10 17:00
410,BLR,DEL,2026-10-10,30,IndiGo,6E 809,Economy,16278.0,INR,,,,,AVAILABLE,,serpapi_google_flights,,2026-09-10 00:07:28.849985,1,nonstop; dep 2026-10-10 12:00
411,BLR,DEL,2026-10-10,30,IndiGo,6E 869,Economy,16278.0,INR,,,,,AVAILABLE,,serpapi_google_flights,,2026-09-10 00:07:28.849985,1,nonstop; dep 2026-10-10 13:10
412,BLR,DEL,2026-10-10,30,IndiGo,6E 836,Economy,17273.0,INR,,,,,AVAILABLE,,serpapi_google_flights,,2026-09-10 00:07:28.849985,1,nonstop; dep 2026-10-10 05:05
413,BLR,DEL,2026-10-25,45,IndiGo,6E 849,Economy,9500.0,INR,,,,,AVAILABLE,,serpapi_google_flights,,2026-09-10 00:07:37.808788,1,nonstop; dep 2026-10-25 08:00
414,BLR,DEL,2026-10-25,45,SpiceJet,SG 619,Economy,9768.0,INR,,,,,AVAILABLE,,serpapi_google_flights,,2026-09-10 00:07:37.808788,1,nonstop; dep 2026-10-25 21:15
415,BLR,DEL,2026-10-25,45,Akasa Air,QP 1823,Economy,9798.0,INR,,,,,AVAILABLE,,serpapi_google_flights,,2026-09-10 00:07:37.808788,1,nonstop; dep 2026-10-25 06:10
416,BLR,DEL,2026-10-25,45,Air India,AI 2804,Economy,10305.0,INR,,,,,AVAILABLE,,serpapi_google_flights,,2026-09-10 00:07:37.808788,1,nonstop; dep 2026-10-25 10:00
417,BLR,DEL,2026-10-25,45,IndiGo,6E 2313,Economy,9500.0,INR,,,,,AVAILABLE,,serpapi_google_flights,,2026-09-10 00:07:37.808788,1,nonstop; dep 2026-10-25 00:30
418,BLR,DEL,2026-10-25,45,IndiGo,6E 804,Economy,9500.0,INR,,,,,AVAILABLE,,serpapi_google_flights,,2026-09-10 00:07:37.808788,1,nonstop; dep 2026-10-25 03:15
419,BLR,DEL,2026-10-25,45,IndiGo,6E 836,Economy,9500.0,INR,,,,,AVAILABLE,,serpapi_google_flights,,2026-09-10 00:07:37.808788,1,nonstop; dep 2026-10-25 05:45
420,BLR,DEL,2026-10-25,45,IndiGo,6E 844,Economy,9500.0,INR,,,,,AVAILABLE,,serpapi_google_flights,,2026-09-10 00:07:37.808788,1,nonstop; dep 2026-10-25 06:45
421,BLR,DEL,2026-10-25,45,IndiGo,6E 870,Economy,9500.0,INR,,,,,AVAILABLE,,serpapi_google_flights,,2026-09-10 00:07:37.808788,1,nonstop; dep 2026-10-25 19:30
422,BLR,DEL,2026-10-25,45,IndiGo,6E 817,Economy,9500.0,INR,,,,,AVAILABLE,,serpapi_google_flights,,2026-09-10 00:07:37.808788,1,nonstop; dep 2026-10-25 20:45
423,BLR,DEL,2026-10-25,45,IndiGo,6E 6406,Economy,9500.0,INR,,,,,AVAILABLE,,serpapi_google_flights,,2026-09-10 00:07:37.808788,1,nonstop; dep 2026-10-25 22:30
424,BLR,DEL,2026-10-25,45,Akasa Air,QP 1811,Economy,9798.0,INR,,,,,AVAILABLE,,serpapi_google_flights,,2026-09-10 00:07:37.808788,1,nonstop; dep 2026-10-25 04:00
425,BLR,DEL,2026-10-25,45,Akasa Air,QP 1301,Economy,9798.0,INR,,,,,AVAILABLE,,serpapi_google_flights,,2026-09-10 00:07:37.808788,1,nonstop; dep 2026-10-25 05:00
426,BLR,DEL,2026-10-25,45,IndiGo,6E 830,Economy,9802.0,INR,,,,,AVAILABLE,,serpapi_google_flights,,2026-09-10 00:07:37.808788,1,nonstop; dep 2026-10-25 09:30
427,BLR,DEL,2026-10-25,45,IndiGo,6E 2328,Economy,9802.0,INR,,,,,AVAILABLE,,serpapi_google_flights,,2026-09-10 00:07:37.808788,1,nonstop; dep 2026-10-25 10:45
428,BLR,DEL,2026-10-25,45,IndiGo,6E 860,Economy,9802.0,INR,,,,,AVAILABLE,,serpapi_google_flights,,2026-09-10 00:07:37.808788,1,nonstop; dep 2026-10-25 15:45
429,BLR,DEL,2026-10-25,45,IndiGo,6E 840,Economy,10139.0,INR,,,,,AVAILABLE,,serpapi_google_flights,,2026-09-10 00:07:37.808788,1,nonstop; dep 2026-10-25 14:30
430,BLR,DEL,2026-10-25,45,IndiGo,6E 6039,Economy,10139.0,INR,,,,,AVAILABLE,,serpapi_google_flights,,2026-09-10 00:07:37.808788,1,nonstop; dep 2026-10-25 17:00
431,BLR,DEL,2026-10-25,45,SpiceJet,SG 141,Economy,10278.0,INR,,,,,AVAILABLE,,serpapi_google_flights,,2026-09-10 00:07:37.808788,1,nonstop; dep 2026-10-25 06:05
432,BLR,DEL,2026-10-25,45,Air India,AI 2758,Economy,10305.0,INR,,,,,AVAILABLE,,serpapi_google_flights,,2026-09-10 00:07:37.808788,1,nonstop; dep 2026-10-25 00:15
433,BLR,DEL,2026-10-25,45,Air India,AI 2516,Economy,10305.0,INR,,,,,AVAILABLE,,serpapi_google_flights,,2026-09-10 00:07:37.808788,1,nonstop; dep 2026-10-25 05:00
434,BLR,DEL,2026-10-25,45,Air India,AI 2488,Economy,10305.0,INR,,,,,AVAILABLE,,serpapi_google_flights,,2026-09-10 00:07:37.808788,1,nonstop; dep 2026-10-25 22:00
435,BLR,DEL,2026-10-25,45,Air India,AI 2802,Economy,10567.0,INR,,,,,AVAILABLE,,serpapi_google_flights,,2026-09-10 00:07:37.808788,1,nonstop; dep 2026-10-25 21:00
436,BLR,DEL,2026-10-25,45,IndiGo,6E 6034,Economy,10650.0,INR,,,,,AVAILABLE,,serpapi_google_flights,,2026-09-10 00:07:37.808788,1,nonstop; dep 2026-10-25 18:15
437,BLR,DEL,2026-10-25,45,Air India,AI 2414,Economy,10729.0,INR,,,,,AVAILABLE,,serpapi_google_flights,,2026-09-10 00:07:37.808788,1,nonstop; dep 2026-10-25 05:30
438,BLR,DEL,2026-10-25,45,Air India,AI 2665,Economy,10729.0,INR,,,,,AVAILABLE,,serpapi_google_flights,,2026-09-10 00:07:37.808788,1,nonstop; dep 2026-10-25 19:40
439,BLR,DEL,2026-10-25,45,Air India,AI 2814,Economy,10729.0,INR,,,,,AVAILABLE,,serpapi_google_flights,,2026-09-10 00:07:37.808788,1,nonstop; dep 2026-10-25 22:00
440,BLR,DEL,2026-10-25,45,Air India,AI 2511,Economy,10735.0,INR,,,,,AVAILABLE,,serpapi_google_flights,,2026-09-10 00:07:37.808788,1,nonstop; dep 2026-10-25 16:00
441,BLR,DEL,2026-10-25,45,Air India,AI 2418,Economy,10735.0,INR,,,,,AVAILABLE,,serpapi_google_flights,,2026-09-10 00:07:37.808788,1,nonstop; dep 2026-10-25 17:00
442,BLR,DEL,2026-10-25,45,Air India,AI 2514,Economy,10788.0,INR,,,,,AVAILABLE,,serpapi_google_flights,,2026-09-10 00:07:37.808788,1,nonstop; dep 2026-10-25 18:00
443,BLR,DEL,2026-10-25,45,Akasa Air,QP 1828,Economy,10891.0,INR,,,,,AVAILABLE,,serpapi_google_flights,,2026-09-10 00:07:37.808788,1,nonstop; dep 2026-10-25 19:05
444,BLR,DEL,2026-10-25,45,Air India,AI 2818,Economy,10966.0,INR,,,,,AVAILABLE,,serpapi_google_flights,,2026-09-10 00:07:37.808788,1,nonstop; dep 2026-10-25 20:00
445,BLR,DEL,2026-10-25,45,Air India,AI 2808,Economy,11000.0,INR,,,,,AVAILABLE,,serpapi_google_flights,,2026-09-10 00:07:37.808788,1,nonstop; dep 2026-10-25 08:00
446,BLR,DEL,2026-10-25,45,Air India,AI 2406,Economy,11056.0,INR,,,,,AVAILABLE,,serpapi_google_flights,,2026-09-10 00:07:37.808788,1,nonstop; dep 2026-10-25 11:00
447,BLR,DEL,2026-10-25,45,Air India Express,IX 1040,Economy,11060.0,INR,,,,,AVAILABLE,,serpapi_google_flights,,2026-09-10 00:07:37.808788,1,nonstop; dep 2026-10-25 05:30
448,BLR,DEL,2026-10-25,45,Air India Express,IX 1524,Economy,11060.0,INR,,,,,AVAILABLE,,serpapi_google_flights,,2026-09-10 00:07:37.808788,1,nonstop; dep 2026-10-25 12:20
449,BLR,DEL,2026-10-25,45,Air India Express,IX 1260,Economy,11060.0,INR,,,,,AVAILABLE,,serpapi_google_flights,,2026-09-10 00:07:37.808788,1,nonstop; dep 2026-10-25 21:25
450,BLR,DEL,2026-10-25,45,IndiGo,6E 809,Economy,11192.0,INR,,,,,AVAILABLE,,serpapi_google_flights,,2026-09-10 00:07:37.808788,1,nonstop; dep 2026-10-25 12:00
451,BLR,DEL,2026-10-25,45,Air India,AI 2654,Economy,11218.0,INR,,,,,AVAILABLE,,serpapi_google_flights,,2026-09-10 00:07:37.808788,1,nonstop; dep 2026-10-25 07:00
452,BLR,DEL,2026-10-25,45,Air India,AI 2868,Economy,11470.0,INR,,,,,AVAILABLE,,serpapi_google_flights,,2026-09-10 00:07:37.808788,1,nonstop; dep 2026-10-25 08:05
453,BLR,DEL,2026-10-25,45,Air India,AI 2820,Economy,11685.0,INR,,,,,AVAILABLE,,serpapi_google_flights,,2026-09-10 00:07:37.808788,1,nonstop; dep 2026-10-25 18:05
454,BLR,DEL,2026-10-25,45,IndiGo,6E 869,Economy,11766.0,INR,,,,,AVAILABLE,,serpapi_google_flights,,2026-09-10 00:07:37.808788,1,nonstop; dep 2026-10-25 13:15
455,BLR,DEL,2026-10-25,45,Air India,AI 2486,Economy,12095.0,INR,,,,,AVAILABLE,,serpapi_google_flights,,2026-09-10 00:07:37.808788,1,nonstop; dep 2026-10-25 13:00
456,BLR,DEL,2026-10-25,45,Air India,AI 2810,Economy,12914.0,INR,,,,,AVAILABLE,,serpapi_google_flights,,2026-09-10 00:07:37.808788,1,nonstop; dep 2026-10-25 06:00
457,BLR,DEL,2026-10-25,45,SpiceJet,SG 722,Economy,16611.0,INR,,,,,AVAILABLE,,serpapi_google_flights,,2026-09-10 00:07:37.808788,1,nonstop; dep 2026-10-25 12:50
458,BLR,BOM,2026-09-11,1,Akasa Air,QP 1515,Economy,10429.0,INR,,,,,AVAILABLE,,serpapi_google_flights,,2026-09-10 00:07:40.727273,1,nonstop; dep 2026-09-11 06:20
459,BLR,BOM,2026-09-11,1,IndiGo,6E 5089,Economy,10464.0,INR,,,,,AVAILABLE,,serpapi_google_flights,,2026-09-10 00:07:40.727273,1,nonstop; dep 2026-09-11 05:30
460,BLR,BOM,2026-09-11,1,Air India,AI 2630,Economy,10706.0,INR,,,,,AVAILABLE,,serpapi_google_flights,,2026-09-10 00:07:40.727273,1,nonstop; dep 2026-09-11 12:05
461,BLR,BOM,2026-09-11,1,IndiGo,6E 5216,Economy,11182.0,INR,,,,,AVAILABLE,,serpapi_google_flights,,2026-09-10 00:07:40.727273,1,nonstop; dep 2026-09-11 07:25
462,BLR,BOM,2026-09-11,1,IndiGo,6E 5237,Economy,11182.0,INR,,,,,AVAILABLE,,serpapi_google_flights,,2026-09-10 00:07:40.727273,1,nonstop; dep 2026-09-11 10:15
463,BLR,BOM,2026-09-11,1,IndiGo,6E 5069,Economy,11182.0,INR,,,,,AVAILABLE,,serpapi_google_flights,,2026-09-10 00:07:40.727273,1,nonstop; dep 2026-09-11 11:30
464,BLR,BOM,2026-09-11,1,IndiGo,6E 5205,Economy,11409.0,INR,,,,,AVAILABLE,,serpapi_google_flights,,2026-09-10 00:07:40.727273,1,nonstop; dep 2026-09-11 03:45
465,BLR,BOM,2026-09-11,1,Akasa Air,QP 1528,Economy,11760.0,INR,,,,,AVAILABLE,,serpapi_google_flights,,2026-09-10 00:07:40.727273,1,nonstop; dep 2026-09-11 10:20
466,BLR,BOM,2026-09-11,1,IndiGo,6E 5218,Economy,11917.0,INR,,,,,AVAILABLE,,serpapi_google_flights,,2026-09-10 00:07:40.727273,1,nonstop; dep 2026-09-11 13:00
467,BLR,BOM,2026-09-11,1,IndiGo,6E 5351,Economy,11917.0,INR,,,,,AVAILABLE,,serpapi_google_flights,,2026-09-10 00:07:40.727273,1,nonstop; dep 2026-09-11 14:20
468,BLR,BOM,2026-09-11,1,Akasa Air,QP 1381,Economy,12247.0,INR,,,,,AVAILABLE,,serpapi_google_flights,,2026-09-10 00:07:40.727273,1,nonstop; dep 2026-09-11 04:50
469,BLR,BOM,2026-09-11,1,Akasa Air,QP 1517,Economy,12247.0,INR,,,,,AVAILABLE,,serpapi_google_flights,,2026-09-10 00:07:40.727273,1,nonstop; dep 2026-09-11 07:40
470,BLR,BOM,2026-09-11,1,IndiGo,6E 5293,Economy,12354.0,INR,,,,,AVAILABLE,,serpapi_google_flights,,2026-09-10 00:07:40.727273,1,nonstop; dep 2026-09-11 01:00
471,BLR,BOM,2026-09-11,1,Air India,AI 2852,Economy,12633.0,INR,,,,,AVAILABLE,,serpapi_google_flights,,2026-09-10 00:07:40.727273,1,nonstop; dep 2026-09-11 10:30
472,BLR,BOM,2026-09-11,1,IndiGo,6E 5051,Economy,12652.0,INR,,,,,AVAILABLE,,serpapi_google_flights,,2026-09-10 00:07:40.727273,1,nonstop; dep 2026-09-11 08:30
473,BLR,BOM,2026-09-11,1,Air India,AI 2811,Economy,13190.0,INR,,,,,AVAILABLE,,serpapi_google_flights,,2026-09-10 00:07:40.727273,1,nonstop; dep 2026-09-11 23:40
474,BLR,BOM,2026-09-11,1,Air India,AI 2858,Economy,14297.0,INR,,,,,AVAILABLE,,serpapi_google_flights,,2026-09-10 00:07:40.727273,1,nonstop; dep 2026-09-11 02:20
475,BLR,BOM,2026-09-11,1,Air India,AI 2402,Economy,14297.0,INR,,,,,AVAILABLE,,serpapi_google_flights,,2026-09-10 00:07:40.727273,1,nonstop; dep 2026-09-11 06:35
476,BLR,BOM,2026-09-11,1,Air India,AI 2604,Economy,14560.0,INR,,,,,AVAILABLE,,serpapi_google_flights,,2026-09-10 00:07:40.727273,1,nonstop; dep 2026-09-11 09:15
477,BLR,BOM,2026-09-11,1,IndiGo,6E 5031,Economy,15382.0,INR,,,,,AVAILABLE,,serpapi_google_flights,,2026-09-10 00:07:40.727273,1,nonstop; dep 2026-09-11 16:00
478,BLR,BOM,2026-09-11,1,IndiGo,6E 5255,Economy,15382.0,INR,,,,,AVAILABLE,,serpapi_google_flights,,2026-09-10 00:07:40.727273,1,nonstop; dep 2026-09-11 17:25
479,BLR,BOM,2026-09-11,1,Air India,AI 2840,Economy,16760.0,INR,,,,,AVAILABLE,,serpapi_google_flights,,2026-09-10 00:07:40.727273,1,nonstop; dep 2026-09-11 22:30
480,BLR,BOM,2026-09-11,1,Akasa Air,QP 1134,Economy,17750.0,INR,,,,,AVAILABLE,,serpapi_google_flights,,2026-09-10 00:07:40.727273,1,nonstop; dep 2026-09-11 22:55
481,BLR,BOM,2026-09-11,1,IndiGo,6E 5094,Economy,18112.0,INR,,,,,AVAILABLE,,serpapi_google_flights,,2026-09-10 00:07:40.727273,1,nonstop; dep 2026-09-11 22:20
482,BLR,BOM,2026-09-11,1,Air India,AI 2642,Economy,19878.0,INR,,,,,AVAILABLE,,serpapi_google_flights,,2026-09-10 00:07:40.727273,1,nonstop; dep 2026-09-11 21:30
483,BLR,BOM,2026-09-11,1,Air India,AI 2850,Economy,20235.0,INR,,,,,AVAILABLE,,serpapi_google_flights,,2026-09-10 00:07:40.727273,1,nonstop; dep 2026-09-11 20:30
484,BLR,BOM,2026-09-11,1,Air India,AI 2854,Economy,20414.0,INR,,,,,AVAILABLE,,serpapi_google_flights,,2026-09-10 00:07:40.727273,1,nonstop; dep 2026-09-11 18:05
485,BLR,BOM,2026-09-11,1,Air India,AI 2610,Economy,26834.0,INR,,,,,AVAILABLE,,serpapi_google_flights,,2026-09-10 00:07:40.727273,1,nonstop; dep 2026-09-11 19:00
486,BLR,BOM,2026-09-17,7,IndiGo,6E 5089,Economy,6054.0,INR,,,,,AVAILABLE,,serpapi_google_flights,,2026-09-10 00:07:45.100300,1,nonstop; dep 2026-09-17 05:30
487,BLR,BOM,2026-09-17,7,Air India,AI 2858,Economy,6128.0,INR,,,,,AVAILABLE,,serpapi_google_flights,,2026-09-10 00:07:45.100300,1,nonstop; dep 2026-09-17 02:20
488,BLR,BOM,2026-09-17,7,Akasa Air,QP 1515,Economy,6337.0,INR,,,,,AVAILABLE,,serpapi_google_flights,,2026-09-10 00:07:45.100300,1,nonstop; dep 2026-09-17 06:20
489,BLR,BOM,2026-09-17,7,IndiGo,6E 5293,Economy,6054.0,INR,,,,,AVAILABLE,,serpapi_google_flights,,2026-09-10 00:07:45.100300,1,nonstop; dep 2026-09-17 01:00
490,BLR,BOM,2026-09-17,7,Air India,AI 2811,Economy,6491.0,INR,,,,,AVAILABLE,,serpapi_google_flights,,2026-09-10 00:07:45.100300,1,nonstop; dep 2026-09-17 23:40
491,BLR,BOM,2026-09-17,7,IndiGo,6E 5205,Economy,6684.0,INR,,,,,AVAILABLE,,serpapi_google_flights,,2026-09-10 00:07:45.100300,1,nonstop; dep 2026-09-17 03:45
492,BLR,BOM,2026-09-17,7,Akasa Air,QP 1150,Economy,6823.0,INR,,,,,AVAILABLE,,serpapi_google_flights,,2026-09-10 00:07:45.100300,1,nonstop; dep 2026-09-17 16:05
493,BLR,BOM,2026-09-17,7,Akasa Air,QP 1986,Economy,6823.0,INR,,,,,AVAILABLE,,serpapi_google_flights,,2026-09-10 00:07:45.100300,1,nonstop; dep 2026-09-17 17:45
494,BLR,BOM,2026-09-17,7,IndiGo,6E 5351,Economy,6877.0,INR,,,,,AVAILABLE,,serpapi_google_flights,,2026-09-10 00:07:45.100300,1,nonstop; dep 2026-09-17 14:20
495,BLR,BOM,2026-09-17,7,IndiGo,6E 5031,Economy,6877.0,INR,,,,,AVAILABLE,,serpapi_google_flights,,2026-09-10 00:07:45.100300,1,nonstop; dep 2026-09-17 16:00
496,BLR,BOM,2026-09-17,7,IndiGo,6E 5255,Economy,6877.0,INR,,,,,AVAILABLE,,serpapi_google_flights,,2026-09-10 00:07:45.100300,1,nonstop; dep 2026-09-17 17:25
497,BLR,BOM,2026-09-17,7,IndiGo,6E 6283,Economy,6877.0,INR,,,,,AVAILABLE,,serpapi_google_flights,,2026-09-10 00:07:45.100300,1,nonstop; dep 2026-09-17 19:05
498,BLR,BOM,2026-09-17,7,Air India,AI 2852,Economy,7037.0,INR,,,,,AVAILABLE,,serpapi_google_flights,,2026-09-10 00:07:45.100300,1,nonstop; dep 2026-09-17 10:30
499,BLR,BOM,2026-09-17,7,Akasa Air,QP 1381,Economy,7082.0,INR,,,,,AVAILABLE,,serpapi_google_flights,,2026-09-10 00:07:45.100300,1,nonstop; dep 2026-09-17 04:50
500,BLR,BOM,2026-09-17,7,Air India,AI 2630,Economy,7152.0,INR,,,,,AVAILABLE,,serpapi_google_flights,,2026-09-10 00:07:45.100300,1,nonstop; dep 2026-09-17 12:05
501,BLR,BOM,2026-09-17,7,IndiGo,6E 5237,Economy,7192.0,INR,,,,,AVAILABLE,,serpapi_google_flights,,2026-09-10 00:07:45.100300,1,nonstop; dep 2026-09-17 10:15
502,BLR,BOM,2026-09-17,7,IndiGo,6E 5094,Economy,7192.0,INR,,,,,AVAILABLE,,serpapi_google_flights,,2026-09-10 00:07:45.100300,1,nonstop; dep 2026-09-17 22:20
503,BLR,BOM,2026-09-17,7,Air India,AI 2854,Economy,7262.0,INR,,,,,AVAILABLE,,serpapi_google_flights,,2026-09-10 00:07:45.100300,1,nonstop; dep 2026-09-17 18:05
504,BLR,BOM,2026-09-17,7,Air India,AI 2840,Economy,7331.0,INR,,,,,AVAILABLE,,serpapi_google_flights,,2026-09-10 00:07:45.100300,1,nonstop; dep 2026-09-17 22:30
505,BLR,BOM,2026-09-17,7,Akasa Air,QP 1383,Economy,7352.0,INR,,,,,AVAILABLE,,serpapi_google_flights,,2026-09-10 00:07:45.100300,1,nonstop; dep 2026-09-17 05:25
506,BLR,BOM,2026-09-17,7,Air India,AI 2610,Economy,7378.0,INR,,,,,AVAILABLE,,serpapi_google_flights,,2026-09-10 00:07:45.100300,1,nonstop; dep 2026-09-17 19:00
507,BLR,BOM,2026-09-17,7,IndiGo,6E 5218,Economy,7507.0,INR,,,,,AVAILABLE,,serpapi_google_flights,,2026-09-10 00:07:45.100300,1,nonstop; dep 2026-09-17 13:00
508,BLR,BOM,2026-09-17,7,IndiGo,6E 5376,Economy,7507.0,INR,,,,,AVAILABLE,,serpapi_google_flights,,2026-09-10 00:07:45.100300,1,nonstop; dep 2026-09-17 20:15
509,BLR,BOM,2026-09-17,7,IndiGo,6E 5069,Economy,7927.0,INR,,,,,AVAILABLE,,serpapi_google_flights,,2026-09-10 00:07:45.100300,1,nonstop; dep 2026-09-17 11:30
510,BLR,BOM,2026-09-17,7,Akasa Air,QP 1528,Economy,7933.0,INR,,,,,AVAILABLE,,serpapi_google_flights,,2026-09-10 00:07:45.100300,1,nonstop; dep 2026-09-17 10:20
511,BLR,BOM,2026-09-17,7,Air India,AI 2850,Economy,8050.0,INR,,,,,AVAILABLE,,serpapi_google_flights,,2026-09-10 00:07:45.100300,1,nonstop; dep 2026-09-17 20:30
512,BLR,BOM,2026-09-17,7,Air India,AI 2604,Economy,8223.0,INR,,,,,AVAILABLE,,serpapi_google_flights,,2026-09-10 00:07:45.100300,1,nonstop; dep 2026-09-17 09:15
513,BLR,BOM,2026-09-17,7,Air India,AI 2642,Economy,8223.0,INR,,,,,AVAILABLE,,serpapi_google_flights,,2026-09-10 00:07:45.100300,1,nonstop; dep 2026-09-17 21:30
514,BLR,BOM,2026-09-17,7,Akasa Air,QP 1134,Economy,8245.0,INR,,,,,AVAILABLE,,serpapi_google_flights,,2026-09-10 00:07:45.100300,1,nonstop; dep 2026-09-17 22:55
515,BLR,BOM,2026-09-17,7,IndiGo,6E 5216,Economy,8347.0,INR,,,,,AVAILABLE,,serpapi_google_flights,,2026-09-10 00:07:45.100300,1,nonstop; dep 2026-09-17 07:25
516,BLR,BOM,2026-09-17,7,IndiGo,6E 5051,Economy,8347.0,INR,,,,,AVAILABLE,,serpapi_google_flights,,2026-09-10 00:07:45.100300,1,nonstop; dep 2026-09-17 08:30
517,BLR,BOM,2026-09-17,7,Akasa Air,QP 1517,Economy,10022.0,INR,,,,,AVAILABLE,,serpapi_google_flights,,2026-09-10 00:07:45.100300,1,nonstop; dep 2026-09-17 07:40
518,BLR,BOM,2026-09-17,7,Air India,AI 2402,Economy,10517.0,INR,,,,,AVAILABLE,,serpapi_google_flights,,2026-09-10 00:07:45.100300,1,nonstop; dep 2026-09-17 06:35
519,BLR,BOM,2026-09-25,15,Air India Express,IX 5986,Economy,4364.0,INR,,,,,AVAILABLE,,serpapi_google_flights,,2026-09-10 00:07:50.509419,1,nonstop; dep 2026-09-25 02:45
520,BLR,BOM,2026-09-25,15,IndiGo,6E 5089,Economy,4584.0,INR,,,,,AVAILABLE,,serpapi_google_flights,,2026-09-10 00:07:50.509419,1,nonstop; dep 2026-09-25 05:30
521,BLR,BOM,2026-09-25,15,Air India,AI 2858,Economy,4585.0,INR,,,,,AVAILABLE,,serpapi_google_flights,,2026-09-10 00:07:50.509419,1,nonstop; dep 2026-09-25 02:20
522,BLR,BOM,2026-09-25,15,Akasa Air,QP 1517,Economy,4944.0,INR,,,,,AVAILABLE,,serpapi_google_flights,,2026-09-10 00:07:50.509419,1,nonstop; dep 2026-09-25 07:40
523,BLR,BOM,2026-09-25,15,IndiGo,6E 5205,Economy,4584.0,INR,,,,,AVAILABLE,,serpapi_google_flights,,2026-09-10 00:07:50.509419,1,nonstop; dep 2026-09-25 03:45
524,BLR,BOM,2026-09-25,15,Akasa Air,QP 1381,Economy,4944.0,INR,,,,,AVAILABLE,,serpapi_google_flights,,2026-09-10 00:07:50.509419,1,nonstop; dep 2026-09-25 04:50
525,BLR,BOM,2026-09-25,15,IndiGo,6E 5293,Economy,5004.0,INR,,,,,AVAILABLE,,serpapi_google_flights,,2026-09-10 00:07:50.509419,1,nonstop; dep 2026-09-25 01:00
526,BLR,BOM,2026-09-25,15,Air India,AI 2811,Economy,5997.0,INR,,,,,AVAILABLE,,serpapi_google_flights,,2026-09-10 00:07:50.509419,1,nonstop; dep 2026-09-25 23:40
527,BLR,BOM,2026-09-25,15,Akasa Air,QP 1515,Economy,6575.0,INR,,,,,AVAILABLE,,serpapi_google_flights,,2026-09-10 00:07:50.509419,1,nonstop; dep 2026-09-25 06:20
528,BLR,BOM,2026-09-25,15,Akasa Air,QP 1134,Economy,6823.0,INR,,,,,AVAILABLE,,serpapi_google_flights,,2026-09-10 00:07:50.509419,1,nonstop; dep 2026-09-25 22:55
529,BLR,BOM,2026-09-25,15,IndiGo,6E 5216,Economy,6877.0,INR,,,,,AVAILABLE,,serpapi_google_flights,,2026-09-10 00:07:50.509419,1,nonstop; dep 2026-09-25 07:25
530,BLR,BOM,2026-09-25,15,IndiGo,6E 5051,Economy,6877.0,INR,,,,,AVAILABLE,,serpapi_google_flights,,2026-09-10 00:07:50.509419,1,nonstop; dep 2026-09-25 08:30
531,BLR,BOM,2026-09-25,15,IndiGo,6E 5094,Economy,6877.0,INR,,,,,AVAILABLE,,serpapi_google_flights,,2026-09-10 00:07:50.509419,1,nonstop; dep 2026-09-25 22:20
532,BLR,BOM,2026-09-25,15,Air India,AI 2402,Economy,7037.0,INR,,,,,AVAILABLE,,serpapi_google_flights,,2026-09-10 00:07:50.509419,1,nonstop; dep 2026-09-25 06:35
533,BLR,BOM,2026-09-25,15,Akasa Air,QP 1528,Economy,7082.0,INR,,,,,AVAILABLE,,serpapi_google_flights,,2026-09-10 00:07:50.509419,1,nonstop; dep 2026-09-25 10:20
534,BLR,BOM,2026-09-25,15,Air India,AI 2840,Economy,7331.0,INR,,,,,AVAILABLE,,serpapi_google_flights,,2026-09-10 00:07:50.509419,1,nonstop; dep 2026-09-25 22:30
535,BLR,BOM,2026-09-25,15,IndiGo,6E 5237,Economy,7507.0,INR,,,,,AVAILABLE,,serpapi_google_flights,,2026-09-10 00:07:50.509419,1,nonstop; dep 2026-09-25 10:15
536,BLR,BOM,2026-09-25,15,Air India,AI 2604,Economy,8223.0,INR,,,,,AVAILABLE,,serpapi_google_flights,,2026-09-10 00:07:50.509419,1,nonstop; dep 2026-09-25 09:15
537,BLR,BOM,2026-09-25,15,Air India,AI 2630,Economy,8223.0,INR,,,,,AVAILABLE,,serpapi_google_flights,,2026-09-10 00:07:50.509419,1,nonstop; dep 2026-09-25 12:05
538,BLR,BOM,2026-09-25,15,IndiGo,6E 5069,Economy,8347.0,INR,,,,,AVAILABLE,,serpapi_google_flights,,2026-09-10 00:07:50.509419,1,nonstop; dep 2026-09-25 11:30
539,BLR,BOM,2026-09-25,15,IndiGo,6E 5218,Economy,8347.0,INR,,,,,AVAILABLE,,serpapi_google_flights,,2026-09-10 00:07:50.509419,1,nonstop; dep 2026-09-25 13:00
540,BLR,BOM,2026-09-25,15,IndiGo,6E 5351,Economy,8347.0,INR,,,,,AVAILABLE,,serpapi_google_flights,,2026-09-10 00:07:50.509419,1,nonstop; dep 2026-09-25 14:20
541,BLR,BOM,2026-09-25,15,IndiGo,6E 5031,Economy,8347.0,INR,,,,,AVAILABLE,,serpapi_google_flights,,2026-09-10 00:07:50.509419,1,nonstop; dep 2026-09-25 16:00
542,BLR,BOM,2026-09-25,15,IndiGo,6E 6283,Economy,8347.0,INR,,,,,AVAILABLE,,serpapi_google_flights,,2026-09-10 00:07:50.509419,1,nonstop; dep 2026-09-25 19:05
543,BLR,BOM,2026-09-25,15,IndiGo,6E 5376,Economy,8347.0,INR,,,,,AVAILABLE,,serpapi_google_flights,,2026-09-10 00:07:50.509419,1,nonstop; dep 2026-09-25 20:15
544,BLR,BOM,2026-09-25,15,Air India,AI 2642,Economy,8354.0,INR,,,,,AVAILABLE,,serpapi_google_flights,,2026-09-10 00:07:50.509419,1,nonstop; dep 2026-09-25 21:30
545,BLR,BOM,2026-09-25,15,Air India,AI 2610,Economy,8491.0,INR,,,,,AVAILABLE,,serpapi_google_flights,,2026-09-10 00:07:50.509419,1,nonstop; dep 2026-09-25 19:00
546,BLR,BOM,2026-09-25,15,Air India,AI 2854,Economy,8559.0,INR,,,,,AVAILABLE,,serpapi_google_flights,,2026-09-10 00:07:50.509419,1,nonstop; dep 2026-09-25 18:05
547,BLR,BOM,2026-09-25,15,Air India,AI 2852,Economy,8648.0,INR,,,,,AVAILABLE,,serpapi_google_flights,,2026-09-10 00:07:50.509419,1,nonstop; dep 2026-09-25 10:30
548,BLR,BOM,2026-09-25,15,IndiGo,6E 5255,Economy,8872.0,INR,,,,,AVAILABLE,,serpapi_google_flights,,2026-09-10 00:07:50.509419,1,nonstop; dep 2026-09-25 17:25
549,BLR,BOM,2026-09-25,15,Air India,AI 2850,Economy,8937.0,INR,,,,,AVAILABLE,,serpapi_google_flights,,2026-09-10 00:07:50.509419,1,nonstop; dep 2026-09-25 20:30
550,BLR,BOM,2026-10-10,30,IndiGo,6E 5293,Economy,4584.0,INR,,,,,AVAILABLE,,serpapi_google_flights,,2026-09-10 00:07:53.682297,1,nonstop; dep 2026-10-10 01:00
551,BLR,BOM,2026-10-10,30,Air India,AI 2811,Economy,4742.0,INR,,,,,AVAILABLE,,serpapi_google_flights,,2026-09-10 00:07:53.682297,1,nonstop; dep 2026-10-10 23:40
552,BLR,BOM,2026-10-10,30,Air India,AI 2858,Economy,5005.0,INR,,,,,AVAILABLE,,serpapi_google_flights,,2026-09-10 00:07:53.682297,1,nonstop; dep 2026-10-10 02:20
553,BLR,BOM,2026-10-10,30,IndiGo,6E 5205,Economy,6054.0,INR,,,,,AVAILABLE,,serpapi_google_flights,,2026-09-10 00:07:53.682297,1,nonstop; dep 2026-10-10 03:45
554,BLR,BOM,2026-10-10,30,IndiGo,6E 5089,Economy,6684.0,INR,,,,,AVAILABLE,,serpapi_google_flights,,2026-09-10 00:07:53.682297,1,nonstop; dep 2026-10-10 05:30
555,BLR,BOM,2026-10-10,30,IndiGo,6E 5094,Economy,6877.0,INR,,,,,AVAILABLE,,serpapi_google_flights,,2026-09-10 00:07:53.682297,1,nonstop; dep 2026-10-10 22:20
556,BLR,BOM,2026-10-10,30,Air India,AI 2642,Economy,7037.0,INR,,,,,AVAILABLE,,serpapi_google_flights,,2026-09-10 00:07:53.682297,1,nonstop; dep 2026-10-10 21:30
557,BLR,BOM,2026-10-10,30,Akasa Air,QP 1134,Economy,7082.0,INR,,,,,AVAILABLE,,serpapi_google_flights,,2026-09-10 00:07:53.682297,1,nonstop; dep 2026-10-10 22:55
558,BLR,BOM,2026-10-10,30,IndiGo,6E 5255,Economy,7192.0,INR,,,,,AVAILABLE,,serpapi_google_flights,,2026-09-10 00:07:53.682297,1,nonstop; dep 2026-10-10 17:25
559,BLR,BOM,2026-10-10,30,IndiGo,6E 5376,Economy,7192.0,INR,,,,,AVAILABLE,,serpapi_google_flights,,2026-09-10 00:07:53.682297,1,nonstop; dep 2026-10-10 20:15
560,BLR,BOM,2026-10-10,30,Air India,AI 2840,Economy,7331.0,INR,,,,,AVAILABLE,,serpapi_google_flights,,2026-09-10 00:07:53.682297,1,nonstop; dep 2026-10-10 22:30
561,BLR,BOM,2026-10-10,30,Air India,AI 2850,Economy,7472.0,INR,,,,,AVAILABLE,,serpapi_google_flights,,2026-09-10 00:07:53.682297,1,nonstop; dep 2026-10-10 20:30
562,BLR,BOM,2026-10-10,30,IndiGo,6E 5216,Economy,7507.0,INR,,,,,AVAILABLE,,serpapi_google_flights,,2026-09-10 00:07:53.682297,1,nonstop; dep 2026-10-10 07:25
563,BLR,BOM,2026-10-10,30,IndiGo,6E 5051,Economy,7507.0,INR,,,,,AVAILABLE,,serpapi_google_flights,,2026-09-10 00:07:53.682297,1,nonstop; dep 2026-10-10 08:30
564,BLR,BOM,2026-10-10,30,IndiGo,6E 5069,Economy,7507.0,INR,,,,,AVAILABLE,,serpapi_google_flights,,2026-09-10 00:07:53.682297,1,nonstop; dep 2026-10-10 11:30
565,BLR,BOM,2026-10-10,30,IndiGo,6E 5218,Economy,7507.0,INR,,,,,AVAILABLE,,serpapi_google_flights,,2026-09-10 00:07:53.682297,1,nonstop; dep 2026-10-10 13:00
566,BLR,BOM,2026-10-10,30,IndiGo,6E 5031,Economy,7507.0,INR,,,,,AVAILABLE,,serpapi_google_flights,,2026-09-10 00:07:53.682297,1,nonstop; dep 2026-10-10 16:00
567,BLR,BOM,2026-10-10,30,IndiGo,6E 6283,Economy,7507.0,INR,,,,,AVAILABLE,,serpapi_google_flights,,2026-09-10 00:07:53.682297,1,nonstop; dep 2026-10-10 19:05
568,BLR,BOM,2026-10-10,30,Air India,AI 2610,Economy,7593.0,INR,,,,,AVAILABLE,,serpapi_google_flights,,2026-09-10 00:07:53.682297,1,nonstop; dep 2026-10-10 19:00
569,BLR,BOM,2026-10-10,30,Air India,AI 2402,Economy,7667.0,INR,,,,,AVAILABLE,,serpapi_google_flights,,2026-09-10 00:07:53.682297,1,nonstop; dep 2026-10-10 06:35
570,BLR,BOM,2026-10-10,30,Air India,AI 2630,Economy,7793.0,INR,,,,,AVAILABLE,,serpapi_google_flights,,2026-09-10 00:07:53.682297,1,nonstop; dep 2026-10-10 12:05
571,BLR,BOM,2026-10-10,30,Air India,AI 2852,Economy,7856.0,INR,,,,,AVAILABLE,,serpapi_google_flights,,2026-09-10 00:07:53.682297,1,nonstop; dep 2026-10-10 10:30
572,BLR,BOM,2026-10-10,30,Air India,AI 2854,Economy,7919.0,INR,,,,,AVAILABLE,,serpapi_google_flights,,2026-09-10 00:07:53.682297,1,nonstop; dep 2026-10-10 18:05
573,BLR,BOM,2026-10-10,30,IndiGo,6E 5237,Economy,7927.0,INR,,,,,AVAILABLE,,serpapi_google_flights,,2026-09-10 00:07:53.682297,1,nonstop; dep 2026-10-10 10:15
574,BLR,BOM,2026-10-10,30,IndiGo,6E 5351,Economy,8347.0,INR,,,,,AVAILABLE,,serpapi_google_flights,,2026-09-10 00:07:53.682297,1,nonstop; dep 2026-10-10 14:20
575,BLR,BOM,2026-10-10,30,Akasa Air,QP 1517,Economy,8568.0,INR,,,,,AVAILABLE,,serpapi_google_flights,,2026-09-10 00:07:53.682297,1,nonstop; dep 2026-10-10 05:00
576,BLR,BOM,2026-10-10,30,Air India,AI 2604,Economy,8648.0,INR,,,,,AVAILABLE,,serpapi_google_flights,,2026-09-10 00:07:53.682297,1,nonstop; dep 2026-10-10 09:15
577,BLR,BOM,2026-10-10,30,Akasa Air,QP 1515,Economy,8907.0,INR,,,,,AVAILABLE,,serpapi_google_flights,,2026-09-10 00:07:53.682297,1,nonstop; dep 2026-10-10 06:00
578,BLR,BOM,2026-10-25,45,IndiGo,6E 6189,Economy,6877.0,INR,,,,,AVAILABLE,,serpapi_google_flights,,2026-09-10 00:07:57.427846,1,nonstop; dep 2026-10-25 23:30
579,BLR,BOM,2026-10-25,45,SpiceJet,SG 269,Economy,6998.0,INR,,,,,AVAILABLE,,serpapi_google_flights,,2026-09-10 00:07:57.427846,1,nonstop; dep 2026-10-25 21:05
580,BLR,BOM,2026-10-25,45,Air India Express,IX 1548,Economy,7608.0,INR,,,,,AVAILABLE,,serpapi_google_flights,,2026-09-10 00:07:57.427846,1,nonstop; dep 2026-10-25 17:00
581,BLR,BOM,2026-10-25,45,Akasa Air,QP 1134,Economy,7933.0,INR,,,,,AVAILABLE,,serpapi_google_flights,,2026-09-10 00:07:57.427846,1,nonstop; dep 2026-10-25 21:45
582,BLR,BOM,2026-10-25,45,Air India,AI 2622,Economy,8160.0,INR,,,,,AVAILABLE,,serpapi_google_flights,,2026-09-10 00:07:57.427846,1,nonstop; dep 2026-10-25 16:30
583,BLR,BOM,2026-10-25,45,IndiGo,6E 5205,Economy,6877.0,INR,,,,,AVAILABLE,,serpapi_google_flights,,2026-09-10 00:07:57.427846,1,nonstop; dep 2026-10-25 03:20
584,BLR,BOM,2026-10-25,45,IndiGo,6E 5089,Economy,6877.0,INR,,,,,AVAILABLE,,serpapi_google_flights,,2026-09-10 00:07:57.427846,1,nonstop; dep 2026-10-25 04:45
585,BLR,BOM,2026-10-25,45,IndiGo,6E 5216,Economy,6877.0,INR,,,,,AVAILABLE,,serpapi_google_flights,,2026-09-10 00:07:57.427846,1,nonstop; dep 2026-10-25 07:00
586,BLR,BOM,2026-10-25,45,IndiGo,6E 5051,Economy,6877.0,INR,,,,,AVAILABLE,,serpapi_google_flights,,2026-09-10 00:07:57.427846,1,nonstop; dep 2026-10-25 08:30
587,BLR,BOM,2026-10-25,45,SpiceJet,SG 115,Economy,6998.0,INR,,,,,AVAILABLE,,serpapi_google_flights,,2026-09-10 00:07:57.427846,1,nonstop; dep 2026-10-25 07:30
588,BLR,BOM,2026-10-25,45,SpiceJet,SG 640,Economy,6998.0,INR,,,,,AVAILABLE,,serpapi_google_flights,,2026-09-10 00:07:57.427846,1,nonstop; dep 2026-10-25 08:30
589,BLR,BOM,2026-10-25,45,Air India,AI 2846,Economy,7262.0,INR,,,,,AVAILABLE,,serpapi_google_flights,,2026-09-10 00:07:57.427846,1,nonstop; dep 2026-10-25 08:30
590,BLR,BOM,2026-10-25,45,Akasa Air,QP 1335,Economy,7352.0,INR,,,,,AVAILABLE,,serpapi_google_flights,,2026-09-10 00:07:57.427846,1,nonstop; dep 2026-10-25 05:10
591,BLR,BOM,2026-10-25,45,Akasa Air,QP 1331,Economy,7352.0,INR,,,,,AVAILABLE,,serpapi_google_flights,,2026-09-10 00:07:57.427846,1,nonstop; dep 2026-10-25 06:00
592,BLR,BOM,2026-10-25,45,IndiGo,6E 5256,Economy,7507.0,INR,,,,,AVAILABLE,,serpapi_google_flights,,2026-09-10 00:07:57.427846,1,nonstop; dep 2026-10-25 09:55
593,BLR,BOM,2026-10-25,45,IndiGo,6E 5069,Economy,7507.0,INR,,,,,AVAILABLE,,serpapi_google_flights,,2026-09-10 00:07:57.427846,1,nonstop; dep 2026-10-25 12:15
594,BLR,BOM,2026-10-25,45,Air India,AI 2402,Economy,7714.0,INR,,,,,AVAILABLE,,serpapi_google_flights,,2026-09-10 00:07:57.427846,1,nonstop; dep 2026-10-25 07:15
595,BLR,BOM,2026-10-25,45,IndiGo,6E 5218,Economy,7927.0,INR,,,,,AVAILABLE,,serpapi_google_flights,,2026-09-10 00:07:57.427846,1,nonstop; dep 2026-10-25 13:40
596,BLR,BOM,2026-10-25,45,IndiGo,6E 5031,Economy,7927.0,INR,,,,,AVAILABLE,,serpapi_google_flights,,2026-09-10 00:07:57.427846,1,nonstop; dep 2026-10-25 16:15
597,BLR,BOM,2026-10-25,45,IndiGo,6E 5255,Economy,7927.0,INR,,,,,AVAILABLE,,serpapi_google_flights,,2026-09-10 00:07:57.427846,1,nonstop; dep 2026-10-25 17:35
598,BLR,BOM,2026-10-25,45,IndiGo,6E 5082,Economy,7927.0,INR,,,,,AVAILABLE,,serpapi_google_flights,,2026-09-10 00:07:57.427846,1,nonstop; dep 2026-10-25 19:00
599,BLR,BOM,2026-10-25,45,IndiGo,6E 5376,Economy,7927.0,INR,,,,,AVAILABLE,,serpapi_google_flights,,2026-09-10 00:07:57.427846,1,nonstop; dep 2026-10-25 20:15
600,BLR,BOM,2026-10-25,45,IndiGo,6E 5094,Economy,7927.0,INR,,,,,AVAILABLE,,serpapi_google_flights,,2026-09-10 00:07:57.427846,1,nonstop; dep 2026-10-25 22:00
601,BLR,BOM,2026-10-25,45,Air India,AI 2624,Economy,8160.0,INR,,,,,AVAILABLE,,serpapi_google_flights,,2026-09-10 00:07:57.427846,1,nonstop; dep 2026-10-25 13:30
602,BLR,BOM,2026-10-25,45,Air India,AI 2642,Economy,8160.0,INR,,,,,AVAILABLE,,serpapi_google_flights,,2026-09-10 00:07:57.427846,1,nonstop; dep 2026-10-25 21:45
603,BLR,BOM,2026-10-25,45,Air India,AI 2604,Economy,8302.0,INR,,,,,AVAILABLE,,serpapi_google_flights,,2026-09-10 00:07:57.427846,1,nonstop; dep 2026-10-25 09:00
604,BLR,BOM,2026-10-25,45,IndiGo,6E 5351,Economy,8347.0,INR,,,,,AVAILABLE,,serpapi_google_flights,,2026-09-10 00:07:57.427846,1,nonstop; dep 2026-10-25 15:00
605,BLR,BOM,2026-10-25,45,Air India,AI 2610,Economy,8507.0,INR,,,,,AVAILABLE,,serpapi_google_flights,,2026-09-10 00:07:57.427846,1,nonstop; dep 2026-10-25 19:00
606,BLR,BOM,2026-10-25,45,Air India,AI 2483,Economy,8643.0,INR,,,,,AVAILABLE,,serpapi_google_flights,,2026-09-10 00:07:57.427846,1,nonstop; dep 2026-10-25 14:45
607,BLR,BOM,2026-10-25,45,Air India,AI 2850,Economy,8790.0,INR,,,,,AVAILABLE,,serpapi_google_flights,,2026-09-10 00:07:57.427846,1,nonstop; dep 2026-10-25 20:15
608,BLR,BOM,2026-10-25,45,Air India,AI 2854,Economy,9158.0,INR,,,,,AVAILABLE,,serpapi_google_flights,,2026-09-10 00:07:57.427846,1,nonstop; dep 2026-10-25 15:30
609,BLR,BOM,2026-10-25,45,Air India,AI 2852,Economy,9310.0,INR,,,,,AVAILABLE,,serpapi_google_flights,,2026-09-10 00:07:57.427846,1,nonstop; dep 2026-10-25 10:20
610,BLR,BOM,2026-10-25,45,IndiGo,6E 6334,Economy,16642.0,INR,,,,,AVAILABLE,,serpapi_google_flights,,2026-09-10 00:07:57.427846,1,nonstop; dep 2026-10-25 01:00
611,DEL,HYD,2026-09-11,1,Air India,AI 2577,Economy,8711.0,INR,,,,,AVAILABLE,,serpapi_google_flights,,2026-09-10 00:08:00.753565,1,nonstop; dep 2026-09-11 02:00
612,DEL,HYD,2026-09-11,1,IndiGo,6E 884,Economy,8825.0,INR,,,,,AVAILABLE,,serpapi_google_flights,,2026-09-10 00:08:00.753565,1,nonstop; dep 2026-09-11 11:45
613,DEL,HYD,2026-09-11,1,Air India,AI 2449,Economy,8711.0,INR,,,,,AVAILABLE,,serpapi_google_flights,,2026-09-10 00:08:00.753565,1,nonstop; dep 2026-09-11 22:00
614,DEL,HYD,2026-09-11,1,Air India,AI 1706,Economy,8711.0,INR,,,,,AVAILABLE,,serpapi_google_flights,,2026-09-10 00:08:00.753565,1,nonstop; dep 2026-09-11 23:00
615,DEL,HYD,2026-09-11,1,IndiGo,6E 6282,Economy,8825.0,INR,,,,,AVAILABLE,,serpapi_google_flights,,2026-09-10 00:08:00.753565,1,nonstop; dep 2026-09-11 13:30
616,DEL,HYD,2026-09-11,1,IndiGo,6E 6212,Economy,8825.0,INR,,,,,AVAILABLE,,serpapi_google_flights,,2026-09-10 00:08:00.753565,1,nonstop; dep 2026-09-11 14:45
617,DEL,HYD,2026-09-11,1,IndiGo,6E 6217,Economy,8825.0,INR,,,,,AVAILABLE,,serpapi_google_flights,,2026-09-10 00:08:00.753565,1,nonstop; dep 2026-09-11 16:15
618,DEL,HYD,2026-09-11,1,IndiGo,6E 717,Economy,8825.0,INR,,,,,AVAILABLE,,serpapi_google_flights,,2026-09-10 00:08:00.753565,1,nonstop; dep 2026-09-11 17:55
619,DEL,HYD,2026-09-11,1,IndiGo,6E 882,Economy,8825.0,INR,,,,,AVAILABLE,,serpapi_google_flights,,2026-09-10 00:08:00.753565,1,nonstop; dep 2026-09-11 23:15
620,DEL,HYD,2026-09-11,1,Air India,AI 2542,Economy,8984.0,INR,,,,,AVAILABLE,,serpapi_google_flights,,2026-09-10 00:08:00.753565,1,nonstop; dep 2026-09-11 09:40
621,DEL,HYD,2026-09-11,1,Air India,AI 2859,Economy,8984.0,INR,,,,,AVAILABLE,,serpapi_google_flights,,2026-09-10 00:08:00.753565,1,nonstop; dep 2026-09-11 10:30
622,DEL,HYD,2026-09-11,1,Air India,AI 2899,Economy,8984.0,INR,,,,,AVAILABLE,,serpapi_google_flights,,2026-09-10 00:08:00.753565,1,nonstop; dep 2026-09-11 12:30
623,DEL,HYD,2026-09-11,1,Air India,AI 2465,Economy,8984.0,INR,,,,,AVAILABLE,,serpapi_google_flights,,2026-09-10 00:08:00.753565,1,nonstop; dep 2026-09-11 14:30
624,DEL,HYD,2026-09-11,1,Air India,AI 2519,Economy,8984.0,INR,,,,,AVAILABLE,,serpapi_google_flights,,2026-09-10 00:08:00.753565,1,nonstop; dep 2026-09-11 15:30
625,DEL,HYD,2026-09-11,1,Air India,AI 2879,Economy,8984.0,INR,,,,,AVAILABLE,,serpapi_google_flights,,2026-09-10 00:08:00.753565,1,nonstop; dep 2026-09-11 18:00
626,DEL,HYD,2026-09-11,1,Air India,AI 2871,Economy,8984.0,INR,,,,,AVAILABLE,,serpapi_google_flights,,2026-09-10 00:08:00.753565,1,nonstop; dep 2026-09-11 20:30
627,DEL,HYD,2026-09-11,1,IndiGo,6E 6293,Economy,9301.0,INR,,,,,AVAILABLE,,serpapi_google_flights,,2026-09-10 00:08:00.753565,1,nonstop; dep 2026-09-11 09:55
628,DEL,HYD,2026-09-11,1,IndiGo,6E 382,Economy,9301.0,INR,,,,,AVAILABLE,,serpapi_google_flights,,2026-09-10 00:08:00.753565,1,nonstop; dep 2026-09-11 21:00
629,DEL,HYD,2026-09-11,1,Akasa Air,QP 1409,Economy,9362.0,INR,,,,,AVAILABLE,,serpapi_google_flights,,2026-09-10 00:08:00.753565,1,nonstop; dep 2026-09-11 20:40
630,DEL,HYD,2026-09-11,1,Akasa Air,QP 1406,Economy,9527.0,INR,,,,,AVAILABLE,,serpapi_google_flights,,2026-09-10 00:08:00.753565,1,nonstop; dep 2026-09-11 14:10
631,DEL,HYD,2026-09-11,1,Air India,AI 1793,Economy,9971.0,INR,,,,,AVAILABLE,,serpapi_google_flights,,2026-09-10 00:08:00.753565,1,nonstop; dep 2026-09-11 06:00
632,DEL,HYD,2026-09-11,1,Air India,AI 1708,Economy,10139.0,INR,,,,,AVAILABLE,,serpapi_google_flights,,2026-09-10 00:08:00.753565,1,nonstop; dep 2026-09-11 19:30
633,DEL,HYD,2026-09-11,1,IndiGo,6E 6601,Economy,10346.0,INR,,,,,AVAILABLE,,serpapi_google_flights,,2026-09-10 00:08:00.753565,1,nonstop; dep 2026-09-11 19:45
634,DEL,HYD,2026-09-11,1,IndiGo,6E 203,Economy,10917.0,INR,,,,,AVAILABLE,,serpapi_google_flights,,2026-09-10 00:08:00.753565,1,nonstop; dep 2026-09-11 07:10
635,DEL,HYD,2026-09-11,1,IndiGo,6E 705,Economy,10917.0,INR,,,,,AVAILABLE,,serpapi_google_flights,,2026-09-10 00:08:00.753565,1,nonstop; dep 2026-09-11 08:30
636,DEL,HYD,2026-09-17,7,Akasa Air,QP 1406,Economy,8735.0,INR,,,,,AVAILABLE,,serpapi_google_flights,,2026-09-10 00:08:09.260693,1,nonstop; dep 2026-09-17 14:10
637,DEL,HYD,2026-09-17,7,IndiGo,6E 6282,Economy,8825.0,INR,,,,,AVAILABLE,,serpapi_google_flights,,2026-09-10 00:08:09.260693,1,nonstop; dep 2026-09-17 13:30
638,DEL,HYD,2026-09-17,7,Air India,AI 2465,Economy,8984.0,INR,,,,,AVAILABLE,,serpapi_google_flights,,2026-09-10 00:08:09.260693,1,nonstop; dep 2026-09-17 14:30
639,DEL,HYD,2026-09-17,7,Air India,AI 2577,Economy,8711.0,INR,,,,,AVAILABLE,,serpapi_google_flights,,2026-09-10 00:08:09.260693,1,nonstop; dep 2026-09-17 02:00
640,DEL,HYD,2026-09-17,7,Air India,AI 2449,Economy,8711.0,INR,,,,,AVAILABLE,,serpapi_google_flights,,2026-09-10 00:08:09.260693,1,nonstop; dep 2026-09-17 22:00
641,DEL,HYD,2026-09-17,7,Air India,AI 1706,Economy,8711.0,INR,,,,,AVAILABLE,,serpapi_google_flights,,2026-09-10 00:08:09.260693,1,nonstop; dep 2026-09-17 23:00
642,DEL,HYD,2026-09-17,7,IndiGo,6E 704,Economy,8825.0,INR,,,,,AVAILABLE,,serpapi_google_flights,,2026-09-10 00:08:09.260693,1,nonstop; dep 2026-09-17 02:25
643,DEL,HYD,2026-09-17,7,IndiGo,6E 6217,Economy,8825.0,INR,,,,,AVAILABLE,,serpapi_google_flights,,2026-09-10 00:08:09.260693,1,nonstop; dep 2026-09-17 16:15
644,DEL,HYD,2026-09-17,7,IndiGo,6E 717,Economy,8825.0,INR,,,,,AVAILABLE,,serpapi_google_flights,,2026-09-10 00:08:09.260693,1,nonstop; dep 2026-09-17 17:55
645,DEL,HYD,2026-09-17,7,IndiGo,6E 6601,Economy,8825.0,INR,,,,,AVAILABLE,,serpapi_google_flights,,2026-09-10 00:08:09.260693,1,nonstop; dep 2026-09-17 19:45
646,DEL,HYD,2026-09-17,7,IndiGo,6E 382,Economy,8825.0,INR,,,,,AVAILABLE,,serpapi_google_flights,,2026-09-10 00:08:09.260693,1,nonstop; dep 2026-09-17 21:00
647,DEL,HYD,2026-09-17,7,IndiGo,6E 882,Economy,8825.0,INR,,,,,AVAILABLE,,serpapi_google_flights,,2026-09-10 00:08:09.260693,1,nonstop; dep 2026-09-17 23:15
648,DEL,HYD,2026-09-17,7,Air India,AI 2519,Economy,8984.0,INR,,,,,AVAILABLE,,serpapi_google_flights,,2026-09-10 00:08:09.260693,1,nonstop; dep 2026-09-17 15:30
649,DEL,HYD,2026-09-17,7,Air India,AI 2879,Economy,8984.0,INR,,,,,AVAILABLE,,serpapi_google_flights,,2026-09-10 00:08:09.260693,1,nonstop; dep 2026-09-17 18:00
650,DEL,HYD,2026-09-17,7,Air India,AI 1708,Economy,8984.0,INR,,,,,AVAILABLE,,serpapi_google_flights,,2026-09-10 00:08:09.260693,1,nonstop; dep 2026-09-17 19:30
651,DEL,HYD,2026-09-17,7,Air India,AI 2871,Economy,8984.0,INR,,,,,AVAILABLE,,serpapi_google_flights,,2026-09-10 00:08:09.260693,1,nonstop; dep 2026-09-17 20:30
652,DEL,HYD,2026-09-17,7,IndiGo,6E 6293,Economy,9807.0,INR,,,,,AVAILABLE,,serpapi_google_flights,,2026-09-10 00:08:09.260693,1,nonstop; dep 2026-09-17 09:55
653,DEL,HYD,2026-09-17,7,IndiGo,6E 884,Economy,9807.0,INR,,,,,AVAILABLE,,serpapi_google_flights,,2026-09-10 00:08:09.260693,1,nonstop; dep 2026-09-17 11:45
654,DEL,HYD,2026-09-17,7,Air India,AI 2859,Economy,9966.0,INR,,,,,AVAILABLE,,serpapi_google_flights,,2026-09-10 00:08:09.260693,1,nonstop; dep 2026-09-17 10:30
655,DEL,HYD,2026-09-17,7,Air India,AI 2899,Economy,9966.0,INR,,,,,AVAILABLE,,serpapi_google_flights,,2026-09-10 00:08:09.260693,1,nonstop; dep 2026-09-17 12:30
656,DEL,HYD,2026-09-17,7,IndiGo,6E 203,Economy,10346.0,INR,,,,,AVAILABLE,,serpapi_google_flights,,2026-09-10 00:08:09.260693,1,nonstop; dep 2026-09-17 07:10
657,DEL,HYD,2026-09-17,7,Air India,AI 2542,Economy,10397.0,INR,,,,,AVAILABLE,,serpapi_google_flights,,2026-09-10 00:08:09.260693,1,nonstop; dep 2026-09-17 09:40
658,DEL,HYD,2026-09-17,7,Akasa Air,QP 1409,Economy,10401.0,INR,,,,,AVAILABLE,,serpapi_google_flights,,2026-09-10 00:08:09.260693,1,nonstop; dep 2026-09-17 20:40
659,DEL,HYD,2026-09-17,7,Air India,AI 1793,Economy,10481.0,INR,,,,,AVAILABLE,,serpapi_google_flights,,2026-09-10 00:08:09.260693,1,nonstop; dep 2026-09-17 06:00
660,DEL,HYD,2026-09-17,7,IndiGo,6E 705,Economy,10917.0,INR,,,,,AVAILABLE,,serpapi_google_flights,,2026-09-10 00:08:09.260693,1,nonstop; dep 2026-09-17 08:30
661,DEL,HYD,2026-09-25,15,Akasa Air,QP 1409,Economy,8440.0,INR,,,,,AVAILABLE,,serpapi_google_flights,,2026-09-10 00:08:16.858256,1,nonstop; dep 2026-09-25 20:40
662,DEL,HYD,2026-09-25,15,Air India,AI 1793,Economy,8711.0,INR,,,,,AVAILABLE,,serpapi_google_flights,,2026-09-10 00:08:16.858256,1,nonstop; dep 2026-09-25 06:00
663,DEL,HYD,2026-09-25,15,IndiGo,6E 203,Economy,8825.0,INR,,,,,AVAILABLE,,serpapi_google_flights,,2026-09-10 00:08:16.858256,1,nonstop; dep 2026-09-25 07:10
664,DEL,HYD,2026-09-25,15,Air India,AI 2577,Economy,8711.0,INR,,,,,AVAILABLE,,serpapi_google_flights,,2026-09-10 00:08:16.858256,1,nonstop; dep 2026-09-25 02:00
665,DEL,HYD,2026-09-25,15,Air India,AI 2449,Economy,8711.0,INR,,,,,AVAILABLE,,serpapi_google_flights,,2026-09-10 00:08:16.858256,1,nonstop; dep 2026-09-25 22:00
666,DEL,HYD,2026-09-25,15,Air India,AI 1706,Economy,8711.0,INR,,,,,AVAILABLE,,serpapi_google_flights,,2026-09-10 00:08:16.858256,1,nonstop; dep 2026-09-25 23:00
667,DEL,HYD,2026-09-25,15,IndiGo,6E 6282,Economy,8825.0,INR,,,,,AVAILABLE,,serpapi_google_flights,,2026-09-10 00:08:16.858256,1,nonstop; dep 2026-09-25 13:30
668,DEL,HYD,2026-09-25,15,IndiGo,6E 6212,Economy,8825.0,INR,,,,,AVAILABLE,,serpapi_google_flights,,2026-09-10 00:08:16.858256,1,nonstop; dep 2026-09-25 14:45
669,DEL,HYD,2026-09-25,15,IndiGo,6E 717,Economy,8825.0,INR,,,,,AVAILABLE,,serpapi_google_flights,,2026-09-10 00:08:16.858256,1,nonstop; dep 2026-09-25 17:55
670,DEL,HYD,2026-09-25,15,IndiGo,6E 6601,Economy,8825.0,INR,,,,,AVAILABLE,,serpapi_google_flights,,2026-09-10 00:08:16.858256,1,nonstop; dep 2026-09-25 19:45
671,DEL,HYD,2026-09-25,15,IndiGo,6E 382,Economy,8825.0,INR,,,,,AVAILABLE,,serpapi_google_flights,,2026-09-10 00:08:16.858256,1,nonstop; dep 2026-09-25 21:00
672,DEL,HYD,2026-09-25,15,IndiGo,6E 882,Economy,8825.0,INR,,,,,AVAILABLE,,serpapi_google_flights,,2026-09-10 00:08:16.858256,1,nonstop; dep 2026-09-25 23:15
673,DEL,HYD,2026-09-25,15,Air India,AI 2465,Economy,8984.0,INR,,,,,AVAILABLE,,serpapi_google_flights,,2026-09-10 00:08:16.858256,1,nonstop; dep 2026-09-25 14:30
674,DEL,HYD,2026-09-25,15,Air India,AI 2879,Economy,8984.0,INR,,,,,AVAILABLE,,serpapi_google_flights,,2026-09-10 00:08:16.858256,1,nonstop; dep 2026-09-25 18:00
675,DEL,HYD,2026-09-25,15,Air India,AI 1708,Economy,8984.0,INR,,,,,AVAILABLE,,serpapi_google_flights,,2026-09-10 00:08:16.858256,1,nonstop; dep 2026-09-25 19:30
676,DEL,HYD,2026-09-25,15,Air India,AI 2871,Economy,8984.0,INR,,,,,AVAILABLE,,serpapi_google_flights,,2026-09-10 00:08:16.858256,1,nonstop; dep 2026-09-25 20:30
677,DEL,HYD,2026-09-25,15,Akasa Air,QP 1406,Economy,9200.0,INR,,,,,AVAILABLE,,serpapi_google_flights,,2026-09-10 00:08:16.858256,1,nonstop; dep 2026-09-25 14:10
678,DEL,HYD,2026-09-25,15,IndiGo,6E 884,Economy,9301.0,INR,,,,,AVAILABLE,,serpapi_google_flights,,2026-09-10 00:08:16.858256,1,nonstop; dep 2026-09-25 11:45
679,DEL,HYD,2026-09-25,15,IndiGo,6E 6217,Economy,9301.0,INR,,,,,AVAILABLE,,serpapi_google_flights,,2026-09-10 00:08:16.858256,1,nonstop; dep 2026-09-25 16:15
680,DEL,HYD,2026-09-25,15,Air India,AI 2899,Economy,9457.0,INR,,,,,AVAILABLE,,serpapi_google_flights,,2026-09-10 00:08:16.858256,1,nonstop; dep 2026-09-25 12:30
681,DEL,HYD,2026-09-25,15,Air India,AI 2519,Economy,9457.0,INR,,,,,AVAILABLE,,serpapi_google_flights,,2026-09-10 00:08:16.858256,1,nonstop; dep 2026-09-25 15:30
682,DEL,HYD,2026-09-25,15,IndiGo,6E 705,Economy,9807.0,INR,,,,,AVAILABLE,,serpapi_google_flights,,2026-09-10 00:08:16.858256,1,nonstop; dep 2026-09-25 08:30
683,DEL,HYD,2026-09-25,15,IndiGo,6E 6293,Economy,9807.0,INR,,,,,AVAILABLE,,serpapi_google_flights,,2026-09-10 00:08:16.858256,1,nonstop; dep 2026-09-25 09:55
684,DEL,HYD,2026-09-25,15,Air India,AI 2542,Economy,9966.0,INR,,,,,AVAILABLE,,serpapi_google_flights,,2026-09-10 00:08:16.858256,1,nonstop; dep 2026-09-25 09:40
685,DEL,HYD,2026-09-25,15,Air India,AI 2859,Economy,9966.0,INR,,,,,AVAILABLE,,serpapi_google_flights,,2026-09-10 00:08:16.858256,1,nonstop; dep 2026-09-25 10:30
686,DEL,HYD,2026-10-10,30,Akasa Air,QP 1409,Economy,8587.0,INR,,,,,AVAILABLE,,serpapi_google_flights,,2026-09-10 00:08:25.090229,1,nonstop; dep 2026-10-10 20:40
687,DEL,HYD,2026-10-10,30,Air India,AI 2577,Economy,8711.0,INR,,,,,AVAILABLE,,serpapi_google_flights,,2026-09-10 00:08:25.090229,1,nonstop; dep 2026-10-10 02:00
688,DEL,HYD,2026-10-10,30,IndiGo,6E 705,Economy,8828.0,INR,,,,,AVAILABLE,,serpapi_google_flights,,2026-09-10 00:08:25.090229,1,nonstop; dep 2026-10-10 08:30
689,DEL,HYD,2026-10-10,30,Air India,AI 1706,Economy,8711.0,INR,,,,,AVAILABLE,,serpapi_google_flights,,2026-09-10 00:08:25.090229,1,nonstop; dep 2026-10-10 23:00
690,DEL,HYD,2026-10-10,30,IndiGo,6E 704,Economy,8828.0,INR,,,,,AVAILABLE,,serpapi_google_flights,,2026-09-10 00:08:25.090229,1,nonstop; dep 2026-10-10 02:25
691,DEL,HYD,2026-10-10,30,IndiGo,6E 6026,Economy,8828.0,INR,,,,,AVAILABLE,,serpapi_google_flights,,2026-09-10 00:08:25.090229,1,nonstop; dep 2026-10-10 05:30
692,DEL,HYD,2026-10-10,30,IndiGo,6E 203,Economy,8828.0,INR,,,,,AVAILABLE,,serpapi_google_flights,,2026-09-10 00:08:25.090229,1,nonstop; dep 2026-10-10 07:10
693,DEL,HYD,2026-10-10,30,IndiGo,6E 6293,Economy,8828.0,INR,,,,,AVAILABLE,,serpapi_google_flights,,2026-09-10 00:08:25.090229,1,nonstop; dep 2026-10-10 09:55
694,DEL,HYD,2026-10-10,30,IndiGo,6E 6282,Economy,8828.0,INR,,,,,AVAILABLE,,serpapi_google_flights,,2026-09-10 00:08:25.090229,1,nonstop; dep 2026-10-10 13:30
695,DEL,HYD,2026-10-10,30,IndiGo,6E 6212,Economy,8828.0,INR,,,,,AVAILABLE,,serpapi_google_flights,,2026-09-10 00:08:25.090229,1,nonstop; dep 2026-10-10 14:45
696,DEL,HYD,2026-10-10,30,IndiGo,6E 717,Economy,8828.0,INR,,,,,AVAILABLE,,serpapi_google_flights,,2026-09-10 00:08:25.090229,1,nonstop; dep 2026-10-10 17:55
697,DEL,HYD,2026-10-10,30,IndiGo,6E 6601,Economy,8828.0,INR,,,,,AVAILABLE,,serpapi_google_flights,,2026-09-10 00:08:25.090229,1,nonstop; dep 2026-10-10 19:45
698,DEL,HYD,2026-10-10,30,IndiGo,6E 382,Economy,8828.0,INR,,,,,AVAILABLE,,serpapi_google_flights,,2026-09-10 00:08:25.090229,1,nonstop; dep 2026-10-10 21:00
699,DEL,HYD,2026-10-10,30,IndiGo,6E 882,Economy,8828.0,INR,,,,,AVAILABLE,,serpapi_google_flights,,2026-09-10 00:08:25.090229,1,nonstop; dep 2026-10-10 23:15
700,DEL,HYD,2026-10-10,30,Air India,AI 2542,Economy,8984.0,INR,,,,,AVAILABLE,,serpapi_google_flights,,2026-09-10 00:08:25.090229,1,nonstop; dep 2026-10-10 09:40
701,DEL,HYD,2026-10-10,30,Air India,AI 2859,Economy,8984.0,INR,,,,,AVAILABLE,,serpapi_google_flights,,2026-09-10 00:08:25.090229,1,nonstop; dep 2026-10-10 10:30
702,DEL,HYD,2026-10-10,30,Air India,AI 2879,Economy,8984.0,INR,,,,,AVAILABLE,,serpapi_google_flights,,2026-09-10 00:08:25.090229,1,nonstop; dep 2026-10-10 18:00
703,DEL,HYD,2026-10-10,30,Air India,AI 2871,Economy,8984.0,INR,,,,,AVAILABLE,,serpapi_google_flights,,2026-09-10 00:08:25.090229,1,nonstop; dep 2026-10-10 20:30
704,DEL,HYD,2026-10-10,30,Akasa Air,QP 1406,Economy,9200.0,INR,,,,,AVAILABLE,,serpapi_google_flights,,2026-09-10 00:08:25.090229,1,nonstop; dep 2026-10-10 14:10
705,DEL,HYD,2026-10-10,30,Air India,AI 1793,Economy,9226.0,INR,,,,,AVAILABLE,,serpapi_google_flights,,2026-09-10 00:08:25.090229,1,nonstop; dep 2026-10-10 06:00
706,DEL,HYD,2026-10-10,30,Air India,AI 2465,Economy,9284.0,INR,,,,,AVAILABLE,,serpapi_google_flights,,2026-09-10 00:08:25.090229,1,nonstop; dep 2026-10-10 14:30
707,DEL,HYD,2026-10-10,30,IndiGo,6E 884,Economy,9303.0,INR,,,,,AVAILABLE,,serpapi_google_flights,,2026-09-10 00:08:25.090229,1,nonstop; dep 2026-10-10 11:45
708,DEL,HYD,2026-10-10,30,IndiGo,6E 6217,Economy,9303.0,INR,,,,,AVAILABLE,,serpapi_google_flights,,2026-09-10 00:08:25.090229,1,nonstop; dep 2026-10-10 16:15
709,DEL,HYD,2026-10-10,30,Air India,AI 2519,Economy,9698.0,INR,,,,,AVAILABLE,,serpapi_google_flights,,2026-09-10 00:08:25.090229,1,nonstop; dep 2026-10-10 15:30
710,DEL,HYD,2026-10-10,30,Air India,AI 1708,Economy,10139.0,INR,,,,,AVAILABLE,,serpapi_google_flights,,2026-09-10 00:08:25.090229,1,nonstop; dep 2026-10-10 19:30
711,DEL,HYD,2026-10-10,30,Air India,AI 2899,Economy,13016.0,INR,,,,,AVAILABLE,,serpapi_google_flights,,2026-09-10 00:08:25.090229,1,nonstop; dep 2026-10-10 12:30
712,DEL,HYD,2026-10-25,45,IndiGo,6E 705,Economy,8828.0,INR,,,,,AVAILABLE,,serpapi_google_flights,,2026-09-10 00:08:30.550412,1,nonstop; dep 2026-10-25 08:30
713,DEL,HYD,2026-10-25,45,Air India,AI 2560,Economy,8984.0,INR,,,,,AVAILABLE,,serpapi_google_flights,,2026-09-10 00:08:30.550412,1,nonstop; dep 2026-10-25 07:00
714,DEL,HYD,2026-10-25,45,IndiGo,6E 704,Economy,8828.0,INR,,,,,AVAILABLE,,serpapi_google_flights,,2026-09-10 00:08:30.550412,1,nonstop; dep 2026-10-25 02:25
715,DEL,HYD,2026-10-25,45,IndiGo,6E 2303,Economy,8828.0,INR,,,,,AVAILABLE,,serpapi_google_flights,,2026-09-10 00:08:30.550412,1,nonstop; dep 2026-10-25 05:15
716,DEL,HYD,2026-10-25,45,IndiGo,6E 203,Economy,8828.0,INR,,,,,AVAILABLE,,serpapi_google_flights,,2026-09-10 00:08:30.550412,1,nonstop; dep 2026-10-25 06:30
717,DEL,HYD,2026-10-25,45,IndiGo,6E 6293,Economy,10348.0,INR,,,,,AVAILABLE,,serpapi_google_flights,,2026-09-10 00:08:30.550412,1,nonstop; dep 2026-10-25 10:00
718,DEL,HYD,2026-10-25,45,IndiGo,6E 382,Economy,10348.0,INR,,,,,AVAILABLE,,serpapi_google_flights,,2026-09-10 00:08:30.550412,1,nonstop; dep 2026-10-25 21:00
719,DEL,HYD,2026-10-25,45,IndiGo,6E 719,Economy,10348.0,INR,,,,,AVAILABLE,,serpapi_google_flights,,2026-09-10 00:08:30.550412,1,nonstop; dep 2026-10-25 22:30
720,DEL,HYD,2026-10-25,45,Air India,AI 2449,Economy,10502.0,INR,,,,,AVAILABLE,,serpapi_google_flights,,2026-09-10 00:08:30.550412,1,nonstop; dep 2026-10-25 22:00
721,DEL,HYD,2026-10-25,45,Air India,AI 1706,Economy,10502.0,INR,,,,,AVAILABLE,,serpapi_google_flights,,2026-09-10 00:08:30.550412,1,nonstop; dep 2026-10-25 23:00
722,DEL,HYD,2026-10-25,45,Air India,AI 2859,Economy,10775.0,INR,,,,,AVAILABLE,,serpapi_google_flights,,2026-09-10 00:08:30.550412,1,nonstop; dep 2026-10-25 11:00
723,DEL,HYD,2026-10-25,45,Akasa Air,QP 1206,Economy,10776.0,INR,,,,,AVAILABLE,,serpapi_google_flights,,2026-09-10 00:08:30.550412,1,nonstop; dep 2026-10-25 20:35
724,DEL,HYD,2026-10-25,45,IndiGo,6E 884,Economy,10919.0,INR,,,,,AVAILABLE,,serpapi_google_flights,,2026-09-10 00:08:30.550412,1,nonstop; dep 2026-10-25 11:45
725,DEL,HYD,2026-10-25,45,IndiGo,6E 6601,Economy,10919.0,INR,,,,,AVAILABLE,,serpapi_google_flights,,2026-09-10 00:08:30.550412,1,nonstop; dep 2026-10-25 19:45
726,DEL,HYD,2026-10-25,45,Air India,AI 2542,Economy,10958.0,INR,,,,,AVAILABLE,,serpapi_google_flights,,2026-09-10 00:08:30.550412,1,nonstop; dep 2026-10-25 09:40
727,DEL,HYD,2026-10-25,45,Air India,AI 2549,Economy,11079.0,INR,,,,,AVAILABLE,,serpapi_google_flights,,2026-09-10 00:08:30.550412,1,nonstop; dep 2026-10-25 19:30
728,DEL,HYD,2026-10-25,45,Air India,AI 2899,Economy,11368.0,INR,,,,,AVAILABLE,,serpapi_google_flights,,2026-09-10 00:08:30.550412,1,nonstop; dep 2026-10-25 12:30
729,DEL,HYD,2026-10-25,45,IndiGo,6E 6212,Economy,11527.0,INR,,,,,AVAILABLE,,serpapi_google_flights,,2026-09-10 00:08:30.550412,1,nonstop; dep 2026-10-25 14:50
730,DEL,HYD,2026-10-25,45,IndiGo,6E 6217,Economy,11527.0,INR,,,,,AVAILABLE,,serpapi_google_flights,,2026-09-10 00:08:30.550412,1,nonstop; dep 2026-10-25 16:15
731,DEL,HYD,2026-10-25,45,Akasa Air,QP 1202,Economy,11780.0,INR,,,,,AVAILABLE,,serpapi_google_flights,,2026-09-10 00:08:30.550412,1,nonstop; dep 2026-10-25 14:10
732,DEL,HYD,2026-10-25,45,Air India,AI 2519,Economy,11993.0,INR,,,,,AVAILABLE,,serpapi_google_flights,,2026-09-10 00:08:30.550412,1,nonstop; dep 2026-10-25 15:30
733,DEL,HYD,2026-10-25,45,IndiGo,6E 717,Economy,12174.0,INR,,,,,AVAILABLE,,serpapi_google_flights,,2026-09-10 00:08:30.550412,1,nonstop; dep 2026-10-25 18:15
734,DEL,HYD,2026-10-25,45,Air India,AI 2465,Economy,12407.0,INR,,,,,AVAILABLE,,serpapi_google_flights,,2026-09-10 00:08:30.550412,1,nonstop; dep 2026-10-25 14:30
735,DEL,HYD,2026-10-25,45,Air India,AI 2879,Economy,12659.0,INR,,,,,AVAILABLE,,serpapi_google_flights,,2026-09-10 00:08:30.550412,1,nonstop; dep 2026-10-25 18:00
736,DEL,HYD,2026-10-25,45,IndiGo,6E 5058,Economy,14368.0,INR,,,,,AVAILABLE,,serpapi_google_flights,,2026-09-10 00:08:30.550412,1,nonstop; dep 2026-10-25 13:30
737,DEL,BOM,2026-09-11,1,Air India,AI 1745,Economy,6314.0,INR,,,,,AVAILABLE,,serpapi_google_flights,,2026-09-10 00:16:03.947848,1,nonstop; dep 2026-09-11 05:00; key=key1
738,DEL,BOM,2026-09-11,1,IndiGo,6E 675,Economy,6425.0,INR,,,,,AVAILABLE,,serpapi_google_flights,,2026-09-10 00:16:03.947848,1,nonstop; dep 2026-09-11 08:45; key=key1
739,DEL,BOM,2026-09-11,1,Akasa Air,QP 1119,Economy,6880.0,INR,,,,,AVAILABLE,,serpapi_google_flights,,2026-09-10 00:16:03.947848,1,nonstop; dep 2026-09-11 08:40; key=key1
740,DEL,BOM,2026-09-11,1,IndiGo,6E 449,Economy,6425.0,INR,,,,,AVAILABLE,,serpapi_google_flights,,2026-09-10 00:16:03.947848,1,nonstop; dep 2026-09-11 05:00; key=key1
741,DEL,BOM,2026-09-11,1,IndiGo,6E 6218,Economy,6425.0,INR,,,,,AVAILABLE,,serpapi_google_flights,,2026-09-10 00:16:03.947848,1,nonstop; dep 2026-09-11 06:05; key=key1
742,DEL,BOM,2026-09-11,1,IndiGo,6E 6107,Economy,6425.0,INR,,,,,AVAILABLE,,serpapi_google_flights,,2026-09-10 00:16:03.947848,1,nonstop; dep 2026-09-11 09:30; key=key1
743,DEL,BOM,2026-09-11,1,IndiGo,6E 6328,Economy,6425.0,INR,,,,,AVAILABLE,,serpapi_google_flights,,2026-09-10 00:16:03.947848,1,nonstop; dep 2026-09-11 10:15; key=key1
744,DEL,BOM,2026-09-11,1,IndiGo,6E 6676,Economy,6425.0,INR,,,,,AVAILABLE,,serpapi_google_flights,,2026-09-10 00:16:03.947848,1,nonstop; dep 2026-09-11 12:00; key=key1
745,DEL,BOM,2026-09-11,1,IndiGo,6E 6022,Economy,6425.0,INR,,,,,AVAILABLE,,serpapi_google_flights,,2026-09-10 00:16:03.947848,1,nonstop; dep 2026-09-11 14:00; key=key1
746,DEL,BOM,2026-09-11,1,IndiGo,6E 6318,Economy,6425.0,INR,,,,,AVAILABLE,,serpapi_google_flights,,2026-09-10 00:16:03.947848,1,nonstop; dep 2026-09-11 14:45; key=key1
747,DEL,BOM,2026-09-11,1,Air India,AI 2975,Economy,6582.0,INR,,,,,AVAILABLE,,serpapi_google_flights,,2026-09-10 00:16:03.947848,1,nonstop; dep 2026-09-11 06:30; key=key1
748,DEL,BOM,2026-09-11,1,Air India,AI 2943,Economy,6582.0,INR,,,,,AVAILABLE,,serpapi_google_flights,,2026-09-10 00:16:03.947848,1,nonstop; dep 2026-09-11 07:30; key=key1
749,DEL,BOM,2026-09-11,1,Air India,AI 2927,Economy,6582.0,INR,,,,,AVAILABLE,,serpapi_google_flights,,2026-09-10 00:16:03.947848,1,nonstop; dep 2026-09-11 09:30; key=key1
750,DEL,BOM,2026-09-11,1,Air India,AI 2995,Economy,6582.0,INR,,,,,AVAILABLE,,serpapi_google_flights,,2026-09-10 00:16:03.947848,1,nonstop; dep 2026-09-11 10:00; key=key1
751,DEL,BOM,2026-09-11,1,Air India,AI 2945,Economy,6582.0,INR,,,,,AVAILABLE,,serpapi_google_flights,,2026-09-10 00:16:03.947848,1,nonstop; dep 2026-09-11 11:00; key=key1
752,DEL,BOM,2026-09-11,1,Air India,AI 1785,Economy,6582.0,INR,,,,,AVAILABLE,,serpapi_google_flights,,2026-09-10 00:16:03.947848,1,nonstop; dep 2026-09-11 12:00; key=key1
753,DEL,BOM,2026-09-11,1,Air India,AI 2441,Economy,6582.0,INR,,,,,AVAILABLE,,serpapi_google_flights,,2026-09-10 00:16:03.947848,1,nonstop; dep 2026-09-11 14:10; key=key1
754,DEL,BOM,2026-09-11,1,IndiGo,6E 6814,Economy,6583.0,INR,,,,,AVAILABLE,,serpapi_google_flights,,2026-09-10 00:16:03.947848,1,nonstop; dep 2026-09-11 07:15; key=key1
755,DEL,BOM,2026-09-11,1,IndiGo,6E 320,Economy,6583.0,INR,,,,,AVAILABLE,,serpapi_google_flights,,2026-09-10 00:16:03.947848,1,nonstop; dep 2026-09-11 08:00; key=key1
756,DEL,BOM,2026-09-11,1,IndiGo,6E 6047,Economy,6583.0,INR,,,,,AVAILABLE,,serpapi_google_flights,,2026-09-10 00:16:03.947848,1,nonstop; dep 2026-09-11 11:00; key=key1
757,DEL,BOM,2026-09-11,1,IndiGo,6E 324,Economy,6583.0,INR,,,,,AVAILABLE,,serpapi_google_flights,,2026-09-10 00:16:03.947848,1,nonstop; dep 2026-09-11 13:00; key=key1
758,DEL,BOM,2026-09-11,1,Air India,AI 2429,Economy,6740.0,INR,,,,,AVAILABLE,,serpapi_google_flights,,2026-09-10 00:16:03.947848,1,nonstop; dep 2026-09-11 07:00; key=key1
759,DEL,BOM,2026-09-11,1,Air India,AI 2678,Economy,6740.0,INR,,,,,AVAILABLE,,serpapi_google_flights,,2026-09-10 00:16:03.947848,1,nonstop; dep 2026-09-11 08:30; key=key1
760,DEL,BOM,2026-09-11,1,Air India Express,IX 1056,Economy,6779.0,INR,,,,,AVAILABLE,,serpapi_google_flights,,2026-09-10 00:16:03.947848,1,nonstop; dep 2026-09-11 05:35; key=key1
761,DEL,BOM,2026-09-11,1,IndiGo,6E 864,Economy,6793.0,INR,,,,,AVAILABLE,,serpapi_google_flights,,2026-09-10 00:16:03.947848,1,nonstop; dep 2026-09-11 15:30; key=key1
762,DEL,BOM,2026-09-11,1,Akasa Air,QP 1833,Economy,6880.0,INR,,,,,AVAILABLE,,serpapi_google_flights,,2026-09-10 00:16:03.947848,1,nonstop; dep 2026-09-11 06:50; key=key1
763,DEL,BOM,2026-09-11,1,Akasa Air,QP 1110,Economy,6880.0,INR,,,,,AVAILABLE,,serpapi_google_flights,,2026-09-10 00:16:03.947848,1,nonstop; dep 2026-09-11 10:30; key=key1
764,DEL,BOM,2026-09-11,1,Akasa Air,QP 1836,Economy,6880.0,INR,,,,,AVAILABLE,,serpapi_google_flights,,2026-09-10 00:16:03.947848,1,nonstop; dep 2026-09-11 12:30; key=key1
765,DEL,BOM,2026-09-11,1,Air India,AI 2933,Economy,6950.0,INR,,,,,AVAILABLE,,serpapi_google_flights,,2026-09-10 00:16:03.947848,1,nonstop; dep 2026-09-11 15:30; key=key1
766,DEL,BOM,2026-09-11,1,Air India,AI 1777,Economy,6950.0,INR,,,,,AVAILABLE,,serpapi_google_flights,,2026-09-10 00:16:03.947848,1,nonstop; dep 2026-09-11 16:00; key=key1
767,DEL,BOM,2026-09-11,1,Air India,AI 2951,Economy,7842.0,INR,,,,,AVAILABLE,,serpapi_google_flights,,2026-09-10 00:16:03.947848,1,nonstop; dep 2026-09-11 13:30; key=key1
768,DEL,BOM,2026-09-11,1,IndiGo,6E 327,Economy,8473.0,INR,,,,,AVAILABLE,,serpapi_google_flights,,2026-09-10 00:16:03.947848,1,nonstop; dep 2026-09-11 16:15; key=key1
769,DEL,BOM,2026-09-11,1,Akasa Air,QP 1128,Economy,8720.0,INR,,,,,AVAILABLE,,serpapi_google_flights,,2026-09-10 00:16:03.947848,1,nonstop; dep 2026-09-11 16:00; key=key1
770,DEL,BOM,2026-09-11,1,Air India,AI 2941,Economy,9569.0,INR,,,,,AVAILABLE,,serpapi_google_flights,,2026-09-10 00:16:03.947848,1,nonstop; dep 2026-09-11 16:30; key=key1
771,DEL,BOM,2026-09-11,1,Air India,AI 441,Economy,9968.0,INR,,,,,AVAILABLE,,serpapi_google_flights,,2026-09-10 00:16:03.947848,1,nonstop; dep 2026-09-11 17:00; key=key1
772,DEL,BOM,2026-09-11,1,IndiGo,6E 6706,Economy,10363.0,INR,,,,,AVAILABLE,,serpapi_google_flights,,2026-09-10 00:16:03.947848,1,nonstop; dep 2026-09-11 17:00; key=key1
773,DEL,BOM,2026-09-11,1,IndiGo,6E 322,Economy,13513.0,INR,,,,,AVAILABLE,,serpapi_google_flights,,2026-09-10 00:16:03.947848,1,nonstop; dep 2026-09-11 23:30; key=key1
774,DEL,BOM,2026-09-11,1,Akasa Air,QP 1820,Economy,14787.0,INR,,,,,AVAILABLE,,serpapi_google_flights,,2026-09-10 00:16:03.947848,1,nonstop; dep 2026-09-11 17:30; key=key1
775,DEL,BOM,2026-09-11,1,IndiGo,6E 395,Economy,15088.0,INR,,,,,AVAILABLE,,serpapi_google_flights,,2026-09-10 00:16:03.947848,1,nonstop; dep 2026-09-11 21:45; key=key1
776,DEL,BOM,2026-09-11,1,IndiGo,6E 6114,Economy,15088.0,INR,,,,,AVAILABLE,,serpapi_google_flights,,2026-09-10 00:16:03.947848,1,nonstop; dep 2026-09-11 22:45; key=key1
777,DEL,BOM,2026-09-11,1,Akasa Air,QP 1826,Economy,16154.0,INR,,,,,AVAILABLE,,serpapi_google_flights,,2026-09-10 00:16:03.947848,1,nonstop; dep 2026-09-11 19:55; key=key1
778,DEL,BOM,2026-09-11,1,Air India,AI 2981,Economy,16583.0,INR,,,,,AVAILABLE,,serpapi_google_flights,,2026-09-10 00:16:03.947848,1,nonstop; dep 2026-09-11 21:00; key=key1
779,DEL,BOM,2026-09-11,1,Air India,AI 2433,Economy,16583.0,INR,,,,,AVAILABLE,,serpapi_google_flights,,2026-09-10 00:16:03.947848,1,nonstop; dep 2026-09-11 21:30; key=key1
780,DEL,BOM,2026-09-11,1,Air India,AI 2439,Economy,16583.0,INR,,,,,AVAILABLE,,serpapi_google_flights,,2026-09-10 00:16:03.947848,1,nonstop; dep 2026-09-11 23:00; key=key1
781,DEL,BOM,2026-09-11,1,Air India Express,IX 1235,Economy,16844.0,INR,,,,,AVAILABLE,,serpapi_google_flights,,2026-09-10 00:16:03.947848,1,nonstop; dep 2026-09-11 23:25; key=key1
782,DEL,BOM,2026-09-11,1,IndiGo,6E 329,Economy,17083.0,INR,,,,,AVAILABLE,,serpapi_google_flights,,2026-09-10 00:16:03.947848,1,nonstop; dep 2026-09-11 18:00; key=key1
783,DEL,BOM,2026-09-11,1,IndiGo,6E 303,Economy,17083.0,INR,,,,,AVAILABLE,,serpapi_google_flights,,2026-09-10 00:16:03.947848,1,nonstop; dep 2026-09-11 20:00; key=key1
784,DEL,BOM,2026-09-11,1,IndiGo,6E 853,Economy,17083.0,INR,,,,,AVAILABLE,,serpapi_google_flights,,2026-09-10 00:16:03.947848,1,nonstop; dep 2026-09-11 20:45; key=key1
785,DEL,BOM,2026-09-11,1,Air India,AI 2955,Economy,17350.0,INR,,,,,AVAILABLE,,serpapi_google_flights,,2026-09-10 00:16:03.947848,1,nonstop; dep 2026-09-11 18:00; key=key1
786,DEL,BOM,2026-09-11,1,IndiGo,6E 354,Economy,19498.0,INR,,,,,AVAILABLE,,serpapi_google_flights,,2026-09-10 00:16:03.947848,1,nonstop; dep 2026-09-11 19:00; key=key1
787,DEL,BOM,2026-09-11,1,Air India,AI 2957,Economy,23844.0,INR,,,,,AVAILABLE,,serpapi_google_flights,,2026-09-10 00:16:03.947848,1,nonstop; dep 2026-09-11 20:30; key=key1
788,DEL,BOM,2026-09-11,1,Air India,AI 2985,Economy,24747.0,INR,,,,,AVAILABLE,,serpapi_google_flights,,2026-09-10 00:16:03.947848,1,nonstop; dep 2026-09-11 19:30; key=key1
789,DEL,BOM,2026-09-11,1,Air India,AI 2977,Economy,24973.0,INR,,,,,AVAILABLE,,serpapi_google_flights,,2026-09-10 00:16:03.947848,1,nonstop; dep 2026-09-11 19:00; key=key1
790,DEL,BOM,2026-09-17,7,Air India,AI 2439,Economy,6314.0,INR,,,,,AVAILABLE,,serpapi_google_flights,,2026-09-10 00:16:04.077164,1,nonstop; dep 2026-09-17 23:00; key=key1
791,DEL,BOM,2026-09-17,7,IndiGo,6E 322,Economy,6425.0,INR,,,,,AVAILABLE,,serpapi_google_flights,,2026-09-10 00:16:04.077164,1,nonstop; dep 2026-09-17 23:30; key=key1
792,DEL,BOM,2026-09-17,7,Akasa Air,QP 1826,Economy,6880.0,INR,,,,,AVAILABLE,,serpapi_google_flights,,2026-09-10 00:16:04.077164,1,nonstop; dep 2026-09-17 19:55; key=key1
793,DEL,BOM,2026-09-17,7,Air India,AI 1745,Economy,6314.0,INR,,,,,AVAILABLE,,serpapi_google_flights,,2026-09-10 00:16:04.077164,1,nonstop; dep 2026-09-17 05:00; key=key1
794,DEL,BOM,2026-09-17,7,IndiGo,6E 449,Economy,6425.0,INR,,,,,AVAILABLE,,serpapi_google_flights,,2026-09-10 00:16:04.077164,1,nonstop; dep 2026-09-17 05:00; key=key1
795,DEL,BOM,2026-09-17,7,IndiGo,6E 675,Economy,6425.0,INR,,,,,AVAILABLE,,serpapi_google_flights,,2026-09-10 00:16:04.077164,1,nonstop; dep 2026-09-17 08:45; key=key1
796,DEL,BOM,2026-09-17,7,IndiGo,6E 6107,Economy,6425.0,INR,,,,,AVAILABLE,,serpapi_google_flights,,2026-09-10 00:16:04.077164,1,nonstop; dep 2026-09-17 09:30; key=key1
797,DEL,BOM,2026-09-17,7,IndiGo,6E 6328,Economy,6425.0,INR,,,,,AVAILABLE,,serpapi_google_flights,,2026-09-10 00:16:04.077164,1,nonstop; dep 2026-09-17 10:15; key=key1
798,DEL,BOM,2026-09-17,7,IndiGo,6E 6047,Economy,6425.0,INR,,,,,AVAILABLE,,serpapi_google_flights,,2026-09-10 00:16:04.077164,1,nonstop; dep 2026-09-17 11:00; key=key1
799,DEL,BOM,2026-09-17,7,IndiGo,6E 6676,Economy,6425.0,INR,,,,,AVAILABLE,,serpapi_google_flights,,2026-09-10 00:16:04.077164,1,nonstop; dep 2026-09-17 12:00; key=key1
800,DEL,BOM,2026-09-17,7,IndiGo,6E 324,Economy,6425.0,INR,,,,,AVAILABLE,,serpapi_google_flights,,2026-09-10 00:16:04.077164,1,nonstop; dep 2026-09-17 13:00; key=key1
801,DEL,BOM,2026-09-17,7,IndiGo,6E 6022,Economy,6425.0,INR,,,,,AVAILABLE,,serpapi_google_flights,,2026-09-10 00:16:04.077164,1,nonstop; dep 2026-09-17 14:00; key=key1
802,DEL,BOM,2026-09-17,7,IndiGo,6E 6318,Economy,6425.0,INR,,,,,AVAILABLE,,serpapi_google_flights,,2026-09-10 00:16:04.077164,1,nonstop; dep 2026-09-17 14:45; key=key1
803,DEL,BOM,2026-09-17,7,IndiGo,6E 864,Economy,6425.0,INR,,,,,AVAILABLE,,serpapi_google_flights,,2026-09-10 00:16:04.077164,1,nonstop; dep 2026-09-17 15:30; key=key1
804,DEL,BOM,2026-09-17,7,IndiGo,6E 327,Economy,6425.0,INR,,,,,AVAILABLE,,serpapi_google_flights,,2026-09-10 00:16:04.077164,1,nonstop; dep 2026-09-17 16:15; key=key1
805,DEL,BOM,2026-09-17,7,IndiGo,6E 6706,Economy,6425.0,INR,,,,,AVAILABLE,,serpapi_google_flights,,2026-09-10 00:16:04.077164,1,nonstop; dep 2026-09-17 17:00; key=key1
806,DEL,BOM,2026-09-17,7,IndiGo,6E 6114,Economy,6425.0,INR,,,,,AVAILABLE,,serpapi_google_flights,,2026-09-10 00:16:04.077164,1,nonstop; dep 2026-09-17 22:45; key=key1
807,DEL,BOM,2026-09-17,7,Air India,AI 2678,Economy,6582.0,INR,,,,,AVAILABLE,,serpapi_google_flights,,2026-09-10 00:16:04.077164,1,nonstop; dep 2026-09-17 08:30; key=key1
808,DEL,BOM,2026-09-17,7,Air India,AI 2963,Economy,6582.0,INR,,,,,AVAILABLE,,serpapi_google_flights,,2026-09-10 00:16:04.077164,1,nonstop; dep 2026-09-17 09:00; key=key1
809,DEL,BOM,2026-09-17,7,Air India,AI 2927,Economy,6582.0,INR,,,,,AVAILABLE,,serpapi_google_flights,,2026-09-10 00:16:04.077164,1,nonstop; dep 2026-09-17 09:30; key=key1
810,DEL,BOM,2026-09-17,7,Air India,AI 2995,Economy,6582.0,INR,,,,,AVAILABLE,,serpapi_google_flights,,2026-09-10 00:16:04.077164,1,nonstop; dep 2026-09-17 10:00; key=key1
811,DEL,BOM,2026-09-17,7,Air India,AI 2945,Economy,6582.0,INR,,,,,AVAILABLE,,serpapi_google_flights,,2026-09-10 00:16:04.077164,1,nonstop; dep 2026-09-17 11:00; key=key1
812,DEL,BOM,2026-09-17,7,Air India,AI 1785,Economy,6582.0,INR,,,,,AVAILABLE,,serpapi_google_flights,,2026-09-10 00:16:04.077164,1,nonstop; dep 2026-09-17 12:00; key=key1
813,DEL,BOM,2026-09-17,7,Air India,AI 2933,Economy,6582.0,INR,,,,,AVAILABLE,,serpapi_google_flights,,2026-09-10 00:16:04.077164,1,nonstop; dep 2026-09-17 15:30; key=key1
814,DEL,BOM,2026-09-17,7,Air India,AI 1777,Economy,6582.0,INR,,,,,AVAILABLE,,serpapi_google_flights,,2026-09-10 00:16:04.077164,1,nonstop; dep 2026-09-17 16:00; key=key1
815,DEL,BOM,2026-09-17,7,Air India,AI 2941,Economy,6582.0,INR,,,,,AVAILABLE,,serpapi_google_flights,,2026-09-10 00:16:04.077164,1,nonstop; dep 2026-09-17 16:30; key=key1
816,DEL,BOM,2026-09-17,7,Air India,AI 441,Economy,6582.0,INR,,,,,AVAILABLE,,serpapi_google_flights,,2026-09-10 00:16:04.077164,1,nonstop; dep 2026-09-17 17:00; key=key1
817,DEL,BOM,2026-09-17,7,IndiGo,6E 6218,Economy,6583.0,INR,,,,,AVAILABLE,,serpapi_google_flights,,2026-09-10 00:16:04.077164,1,nonstop; dep 2026-09-17 06:05; key=key1
818,DEL,BOM,2026-09-17,7,Air India Express,IX 1056,Economy,6610.0,INR,,,,,AVAILABLE,,serpapi_google_flights,,2026-09-10 00:16:04.077164,1,nonstop; dep 2026-09-17 05:35; key=key1
819,DEL,BOM,2026-09-17,7,Air India Express,IX 1235,Economy,6610.0,INR,,,,,AVAILABLE,,serpapi_google_flights,,2026-09-10 00:16:04.077164,1,nonstop; dep 2026-09-17 23:25; key=key1
820,DEL,BOM,2026-09-17,7,Air India,AI 2975,Economy,6740.0,INR,,,,,AVAILABLE,,serpapi_google_flights,,2026-09-10 00:16:04.077164,1,nonstop; dep 2026-09-17 06:30; key=key1
821,DEL,BOM,2026-09-17,7,Air India,AI 2951,Economy,6740.0,INR,,,,,AVAILABLE,,serpapi_google_flights,,2026-09-10 00:16:04.077164,1,nonstop; dep 2026-09-17 13:30; key=key1
822,DEL,BOM,2026-09-17,7,IndiGo,6E 6814,Economy,6793.0,INR,,,,,AVAILABLE,,serpapi_google_flights,,2026-09-10 00:16:04.077164,1,nonstop; dep 2026-09-17 07:15; key=key1
823,DEL,BOM,2026-09-17,7,IndiGo,6E 320,Economy,6793.0,INR,,,,,AVAILABLE,,serpapi_google_flights,,2026-09-10 00:16:04.077164,1,nonstop; dep 2026-09-17 08:00; key=key1
824,DEL,BOM,2026-09-17,7,IndiGo,6E 329,Economy,6793.0,INR,,,,,AVAILABLE,,serpapi_google_flights,,2026-09-10 00:16:04.077164,1,nonstop; dep 2026-09-17 18:00; key=key1
825,DEL,BOM,2026-09-17,7,IndiGo,6E 395,Economy,6793.0,INR,,,,,AVAILABLE,,serpapi_google_flights,,2026-09-10 00:16:04.077164,1,nonstop; dep 2026-09-17 21:45; key=key1
826,DEL,BOM,2026-09-17,7,Akasa Air,QP 1833,Economy,6880.0,INR,,,,,AVAILABLE,,serpapi_google_flights,,2026-09-10 00:16:04.077164,1,nonstop; dep 2026-09-17 06:50; key=key1
827,DEL,BOM,2026-09-17,7,Akasa Air,QP 1119,Economy,6880.0,INR,,,,,AVAILABLE,,serpapi_google_flights,,2026-09-10 00:16:04.077164,1,nonstop; dep 2026-09-17 08:40; key=key1
828,DEL,BOM,2026-09-17,7,Akasa Air,QP 1112,Economy,6880.0,INR,,,,,AVAILABLE,,serpapi_google_flights,,2026-09-10 00:16:04.077164,1,nonstop; dep 2026-09-17 09:20; key=key1
829,DEL,BOM,2026-09-17,7,Akasa Air,QP 1110,Economy,6880.0,INR,,,,,AVAILABLE,,serpapi_google_flights,,2026-09-10 00:16:04.077164,1,nonstop; dep 2026-09-17 10:30; key=key1
830,DEL,BOM,2026-09-17,7,Akasa Air,QP 1836,Economy,6880.0,INR,,,,,AVAILABLE,,serpapi_google_flights,,2026-09-10 00:16:04.077164,1,nonstop; dep 2026-09-17 12:30; key=key1
831,DEL,BOM,2026-09-17,7,Akasa Air,QP 1128,Economy,6880.0,INR,,,,,AVAILABLE,,serpapi_google_flights,,2026-09-10 00:16:04.077164,1,nonstop; dep 2026-09-17 16:00; key=key1
832,DEL,BOM,2026-09-17,7,Akasa Air,QP 1820,Economy,6880.0,INR,,,,,AVAILABLE,,serpapi_google_flights,,2026-09-10 00:16:04.077164,1,nonstop; dep 2026-09-17 17:30; key=key1
833,DEL,BOM,2026-09-17,7,Air India,AI 2429,Economy,6950.0,INR,,,,,AVAILABLE,,serpapi_google_flights,,2026-09-10 00:16:04.077164,1,nonstop; dep 2026-09-17 07:00; key=key1
834,DEL,BOM,2026-09-17,7,Air India,AI 2943,Economy,6950.0,INR,,,,,AVAILABLE,,serpapi_google_flights,,2026-09-10 00:16:04.077164,1,nonstop; dep 2026-09-17 07:30; key=key1
835,DEL,BOM,2026-09-17,7,Air India,AI 2985,Economy,6950.0,INR,,,,,AVAILABLE,,serpapi_google_flights,,2026-09-10 00:16:04.077164,1,nonstop; dep 2026-09-17 19:30; key=key1
836,DEL,BOM,2026-09-17,7,Air India,AI 2981,Economy,6950.0,INR,,,,,AVAILABLE,,serpapi_google_flights,,2026-09-10 00:16:04.077164,1,nonstop; dep 2026-09-17 21:00; key=key1
837,DEL,BOM,2026-09-17,7,Air India,AI 887,Economy,6950.0,INR,,,,,AVAILABLE,,serpapi_google_flights,,2026-09-10 00:16:04.077164,1,nonstop; dep 2026-09-17 21:00; key=key1
838,DEL,BOM,2026-09-17,7,IndiGo,6E 354,Economy,7055.0,INR,,,,,AVAILABLE,,serpapi_google_flights,,2026-09-10 00:16:04.077164,1,nonstop; dep 2026-09-17 19:00; key=key1
839,DEL,BOM,2026-09-17,7,IndiGo,6E 853,Economy,7055.0,INR,,,,,AVAILABLE,,serpapi_google_flights,,2026-09-10 00:16:04.077164,1,nonstop; dep 2026-09-17 20:45; key=key1
840,DEL,BOM,2026-09-17,7,Air India,AI 2433,Economy,7123.0,INR,,,,,AVAILABLE,,serpapi_google_flights,,2026-09-10 00:16:04.077164,1,nonstop; dep 2026-09-17 21:30; key=key1
841,DEL,BOM,2026-09-17,7,Air India,AI 2805,Economy,7181.0,INR,,,,,AVAILABLE,,serpapi_google_flights,,2026-09-10 00:16:04.077164,1,nonstop; dep 2026-09-17 20:00; key=key1
842,DEL,BOM,2026-09-17,7,Air India,AI 2957,Economy,7212.0,INR,,,,,AVAILABLE,,serpapi_google_flights,,2026-09-10 00:16:04.077164,1,nonstop; dep 2026-09-17 20:30; key=key1
843,DEL,BOM,2026-09-17,7,Air India,AI 2977,Economy,7238.0,INR,,,,,AVAILABLE,,serpapi_google_flights,,2026-09-10 00:16:04.077164,1,nonstop; dep 2026-09-17 19:00; key=key1
844,DEL,BOM,2026-09-17,7,Air India,AI 2955,Economy,7349.0,INR,,,,,AVAILABLE,,serpapi_google_flights,,2026-09-10 00:16:04.077164,1,nonstop; dep 2026-09-17 18:00; key=key1
845,DEL,BOM,2026-09-17,7,IndiGo,6E 303,Economy,7370.0,INR,,,,,AVAILABLE,,serpapi_google_flights,,2026-09-10 00:16:04.077164,1,nonstop; dep 2026-09-17 20:00; key=key1
846,DEL,BOM,2026-09-17,7,SpiceJet,SG 162,Economy,9642.0,INR,,,,,AVAILABLE,,serpapi_google_flights,,2026-09-10 00:16:04.077164,1,nonstop; dep 2026-09-17 19:55; key=key1
847,DEL,BOM,2026-09-17,7,SpiceJet,SG 2802,Economy,19603.0,INR,,,,,AVAILABLE,,serpapi_google_flights,,2026-09-10 00:16:04.077164,1,nonstop; dep 2026-09-17 22:45; key=key1
848,DEL,BOM,2026-09-25,15,IndiGo,6E 675,Economy,6425.0,INR,,,,,AVAILABLE,,serpapi_google_flights,,2026-09-10 00:16:04.213939,1,nonstop; dep 2026-09-25 08:45; key=key1
849,DEL,BOM,2026-09-25,15,Air India Express,IX 1056,Economy,6610.0,INR,,,,,AVAILABLE,,serpapi_google_flights,,2026-09-10 00:16:04.213939,1,nonstop; dep 2026-09-25 05:35; key=key1
850,DEL,BOM,2026-09-25,15,Akasa Air,QP 1119,Economy,6880.0,INR,,,,,AVAILABLE,,serpapi_google_flights,,2026-09-10 00:16:04.213939,1,nonstop; dep 2026-09-25 08:40; key=key1
851,DEL,BOM,2026-09-25,15,IndiGo,6E 449,Economy,6425.0,INR,,,,,AVAILABLE,,serpapi_google_flights,,2026-09-10 00:16:04.213939,1,nonstop; dep 2026-09-25 05:00; key=key1
852,DEL,BOM,2026-09-25,15,IndiGo,6E 6107,Economy,6425.0,INR,,,,,AVAILABLE,,serpapi_google_flights,,2026-09-10 00:16:04.213939,1,nonstop; dep 2026-09-25 09:30; key=key1
853,DEL,BOM,2026-09-25,15,IndiGo,6E 6328,Economy,6425.0,INR,,,,,AVAILABLE,,serpapi_google_flights,,2026-09-10 00:16:04.213939,1,nonstop; dep 2026-09-25 10:15; key=key1
854,DEL,BOM,2026-09-25,15,IndiGo,6E 6047,Economy,6425.0,INR,,,,,AVAILABLE,,serpapi_google_flights,,2026-09-10 00:16:04.213939,1,nonstop; dep 2026-09-25 11:00; key=key1
855,DEL,BOM,2026-09-25,15,IndiGo,6E 6676,Economy,6425.0,INR,,,,,AVAILABLE,,serpapi_google_flights,,2026-09-10 00:16:04.213939,1,nonstop; dep 2026-09-25 12:00; key=key1
856,DEL,BOM,2026-09-25,15,IndiGo,6E 6022,Economy,6425.0,INR,,,,,AVAILABLE,,serpapi_google_flights,,2026-09-10 00:16:04.213939,1,nonstop; dep 2026-09-25 14:00; key=key1
857,DEL,BOM,2026-09-25,15,IndiGo,6E 6318,Economy,6425.0,INR,,,,,AVAILABLE,,serpapi_google_flights,,2026-09-10 00:16:04.213939,1,nonstop; dep 2026-09-25 14:45; key=key1
858,DEL,BOM,2026-09-25,15,IndiGo,6E 864,Economy,6425.0,INR,,,,,AVAILABLE,,serpapi_google_flights,,2026-09-10 00:16:04.213939,1,nonstop; dep 2026-09-25 15:30; key=key1
859,DEL,BOM,2026-09-25,15,IndiGo,6E 6218,Economy,6583.0,INR,,,,,AVAILABLE,,serpapi_google_flights,,2026-09-10 00:16:04.213939,1,nonstop; dep 2026-09-25 06:05; key=key1
860,DEL,BOM,2026-09-25,15,IndiGo,6E 324,Economy,6583.0,INR,,,,,AVAILABLE,,serpapi_google_flights,,2026-09-10 00:16:04.213939,1,nonstop; dep 2026-09-25 13:00; key=key1
861,DEL,BOM,2026-09-25,15,IndiGo,6E 327,Economy,6583.0,INR,,,,,AVAILABLE,,serpapi_google_flights,,2026-09-10 00:16:04.213939,1,nonstop; dep 2026-09-25 16:15; key=key1
862,DEL,BOM,2026-09-25,15,Air India Express,IX 1235,Economy,6779.0,INR,,,,,AVAILABLE,,serpapi_google_flights,,2026-09-10 00:16:04.213939,1,nonstop; dep 2026-09-25 23:25; key=key1
863,DEL,BOM,2026-09-25,15,IndiGo,6E 6814,Economy,6793.0,INR,,,,,AVAILABLE,,serpapi_google_flights,,2026-09-10 00:16:04.213939,1,nonstop; dep 2026-09-25 07:15; key=key1
864,DEL,BOM,2026-09-25,15,IndiGo,6E 6706,Economy,6793.0,INR,,,,,AVAILABLE,,serpapi_google_flights,,2026-09-10 00:16:04.213939,1,nonstop; dep 2026-09-25 17:00; key=key1
865,DEL,BOM,2026-09-25,15,IndiGo,6E 6114,Economy,6793.0,INR,,,,,AVAILABLE,,serpapi_google_flights,,2026-09-10 00:16:04.213939,1,nonstop; dep 2026-09-25 22:45; key=key1
866,DEL,BOM,2026-09-25,15,Akasa Air,QP 1833,Economy,6880.0,INR,,,,,AVAILABLE,,serpapi_google_flights,,2026-09-10 00:16:04.213939,1,nonstop; dep 2026-09-25 06:50; key=key1
867,DEL,BOM,2026-09-25,15,Akasa Air,QP 1112,Economy,6880.0,INR,,,,,AVAILABLE,,serpapi_google_flights,,2026-09-10 00:16:04.213939,1,nonstop; dep 2026-09-25 09:20; key=key1
868,DEL,BOM,2026-09-25,15,Akasa Air,QP 1110,Economy,6880.0,INR,,,,,AVAILABLE,,serpapi_google_flights,,2026-09-10 00:16:04.213939,1,nonstop; dep 2026-09-25 10:30; key=key1
869,DEL,BOM,2026-09-25,15,Akasa Air,QP 1836,Economy,6880.0,INR,,,,,AVAILABLE,,serpapi_google_flights,,2026-09-10 00:16:04.213939,1,nonstop; dep 2026-09-25 12:30; key=key1
870,DEL,BOM,2026-09-25,15,Akasa Air,QP 1128,Economy,6880.0,INR,,,,,AVAILABLE,,serpapi_google_flights,,2026-09-10 00:16:04.213939,1,nonstop; dep 2026-09-25 16:00; key=key1
871,DEL,BOM,2026-09-25,15,Akasa Air,QP 1820,Economy,6880.0,INR,,,,,AVAILABLE,,serpapi_google_flights,,2026-09-10 00:16:04.213939,1,nonstop; dep 2026-09-25 17:30; key=key1
872,DEL,BOM,2026-09-25,15,Akasa Air,QP 1826,Economy,6880.0,INR,,,,,AVAILABLE,,serpapi_google_flights,,2026-09-10 00:16:04.213939,1,nonstop; dep 2026-09-25 19:55; key=key1
873,DEL,BOM,2026-09-25,15,IndiGo,6E 320,Economy,7055.0,INR,,,,,AVAILABLE,,serpapi_google_flights,,2026-09-10 00:16:04.213939,1,nonstop; dep 2026-09-25 08:00; key=key1
874,DEL,BOM,2026-09-25,15,IndiGo,6E 329,Economy,7055.0,INR,,,,,AVAILABLE,,serpapi_google_flights,,2026-09-10 00:16:04.213939,1,nonstop; dep 2026-09-25 18:00; key=key1
875,DEL,BOM,2026-09-25,15,IndiGo,6E 853,Economy,7055.0,INR,,,,,AVAILABLE,,serpapi_google_flights,,2026-09-10 00:16:04.213939,1,nonstop; dep 2026-09-25 20:45; key=key1
876,DEL,BOM,2026-09-25,15,IndiGo,6E 395,Economy,7055.0,INR,,,,,AVAILABLE,,serpapi_google_flights,,2026-09-10 00:16:04.213939,1,nonstop; dep 2026-09-25 21:45; key=key1
877,DEL,BOM,2026-09-25,15,IndiGo,6E 322,Economy,7055.0,INR,,,,,AVAILABLE,,serpapi_google_flights,,2026-09-10 00:16:04.213939,1,nonstop; dep 2026-09-25 23:30; key=key1
878,DEL,BOM,2026-09-25,15,IndiGo,6E 303,Economy,7370.0,INR,,,,,AVAILABLE,,serpapi_google_flights,,2026-09-10 00:16:04.213939,1,nonstop; dep 2026-09-25 20:00; key=key1
879,DEL,BOM,2026-09-25,15,IndiGo,6E 354,Economy,7685.0,INR,,,,,AVAILABLE,,serpapi_google_flights,,2026-09-10 00:16:04.213939,1,nonstop; dep 2026-09-25 19:00; key=key1
880,DEL,BOM,2026-09-25,15,Air India,AI 2981,Economy,7842.0,INR,,,,,AVAILABLE,,serpapi_google_flights,,2026-09-10 00:16:04.213939,1,nonstop; dep 2026-09-25 21:00; key=key1
881,DEL,BOM,2026-09-25,15,Air India,AI 2927,Economy,9968.0,INR,,,,,AVAILABLE,,serpapi_google_flights,,2026-09-10 00:16:04.213939,1,nonstop; dep 2026-09-25 09:30; key=key1
882,DEL,BOM,2026-09-25,15,SpiceJet,SG 2802,Economy,19603.0,INR,,,,,AVAILABLE,,serpapi_google_flights,,2026-09-10 00:16:04.213939,1,nonstop; dep 2026-09-25 22:45; key=key1
883,DEL,BOM,2026-09-25,15,SpiceJet,SG 162,Economy,22551.0,INR,,,,,AVAILABLE,,serpapi_google_flights,,2026-09-10 00:16:04.213939,1,nonstop; dep 2026-09-25 19:55; key=key1
884,DEL,BOM,2026-10-10,30,IndiGo,6E 675,Economy,6425.0,INR,,,,,AVAILABLE,,serpapi_google_flights,,2026-09-10 00:16:04.336804,1,nonstop; dep 2026-10-10 08:45; key=key1
885,DEL,BOM,2026-10-10,30,Air India,AI 2963,Economy,6582.0,INR,,,,,AVAILABLE,,serpapi_google_flights,,2026-09-10 00:16:04.336804,1,nonstop; dep 2026-10-10 09:00; key=key1
886,DEL,BOM,2026-10-10,30,Akasa Air,QP 1119,Economy,6880.0,INR,,,,,AVAILABLE,,serpapi_google_flights,,2026-09-10 00:16:04.336804,1,nonstop; dep 2026-10-10 08:40; key=key1
887,DEL,BOM,2026-10-10,30,IndiGo,6E 353,Economy,6425.0,INR,,,,,AVAILABLE,,serpapi_google_flights,,2026-09-10 00:16:04.336804,1,nonstop; dep 2026-10-10 03:00; key=key1
888,DEL,BOM,2026-10-10,30,IndiGo,6E 6814,Economy,6425.0,INR,,,,,AVAILABLE,,serpapi_google_flights,,2026-09-10 00:16:04.336804,1,nonstop; dep 2026-10-10 07:15; key=key1
889,DEL,BOM,2026-10-10,30,IndiGo,6E 320,Economy,6425.0,INR,,,,,AVAILABLE,,serpapi_google_flights,,2026-09-10 00:16:04.336804,1,nonstop; dep 2026-10-10 08:00; key=key1
890,DEL,BOM,2026-10-10,30,IndiGo,6E 6107,Economy,6425.0,INR,,,,,AVAILABLE,,serpapi_google_flights,,2026-09-10 00:16:04.336804,1,nonstop; dep 2026-10-10 09:30; key=key1
891,DEL,BOM,2026-10-10,30,IndiGo,6E 6328,Economy,6425.0,INR,,,,,AVAILABLE,,serpapi_google_flights,,2026-09-10 00:16:04.336804,1,nonstop; dep 2026-10-10 10:15; key=key1
892,DEL,BOM,2026-10-10,30,IndiGo,6E 6047,Economy,6425.0,INR,,,,,AVAILABLE,,serpapi_google_flights,,2026-09-10 00:16:04.336804,1,nonstop; dep 2026-10-10 11:00; key=key1
893,DEL,BOM,2026-10-10,30,IndiGo,6E 6676,Economy,6425.0,INR,,,,,AVAILABLE,,serpapi_google_flights,,2026-09-10 00:16:04.336804,1,nonstop; dep 2026-10-10 12:00; key=key1
894,DEL,BOM,2026-10-10,30,IndiGo,6E 324,Economy,6425.0,INR,,,,,AVAILABLE,,serpapi_google_flights,,2026-09-10 00:16:04.336804,1,nonstop; dep 2026-10-10 13:00; key=key1
895,DEL,BOM,2026-10-10,30,IndiGo,6E 6022,Economy,6425.0,INR,,,,,AVAILABLE,,serpapi_google_flights,,2026-09-10 00:16:04.336804,1,nonstop; dep 2026-10-10 14:00; key=key1
896,DEL,BOM,2026-10-10,30,IndiGo,6E 6318,Economy,6425.0,INR,,,,,AVAILABLE,,serpapi_google_flights,,2026-09-10 00:16:04.336804,1,nonstop; dep 2026-10-10 14:45; key=key1
897,DEL,BOM,2026-10-10,30,IndiGo,6E 864,Economy,6425.0,INR,,,,,AVAILABLE,,serpapi_google_flights,,2026-09-10 00:16:04.336804,1,nonstop; dep 2026-10-10 15:30; key=key1
898,DEL,BOM,2026-10-10,30,IndiGo,6E 327,Economy,6425.0,INR,,,,,AVAILABLE,,serpapi_google_flights,,2026-09-10 00:16:04.336804,1,nonstop; dep 2026-10-10 16:15; key=key1
899,DEL,BOM,2026-10-10,30,IndiGo,6E 6706,Economy,6425.0,INR,,,,,AVAILABLE,,serpapi_google_flights,,2026-09-10 00:16:04.336804,1,nonstop; dep 2026-10-10 17:00; key=key1
900,DEL,BOM,2026-10-10,30,IndiGo,6E 329,Economy,6425.0,INR,,,,,AVAILABLE,,serpapi_google_flights,,2026-09-10 00:16:04.336804,1,nonstop; dep 2026-10-10 18:00; key=key1
901,DEL,BOM,2026-10-10,30,IndiGo,6E 354,Economy,6425.0,INR,,,,,AVAILABLE,,serpapi_google_flights,,2026-09-10 00:16:04.336804,1,nonstop; dep 2026-10-10 19:00; key=key1
902,DEL,BOM,2026-10-10,30,IndiGo,6E 303,Economy,6425.0,INR,,,,,AVAILABLE,,serpapi_google_flights,,2026-09-10 00:16:04.336804,1,nonstop; dep 2026-10-10 20:00; key=key1
903,DEL,BOM,2026-10-10,30,IndiGo,6E 6114,Economy,6425.0,INR,,,,,AVAILABLE,,serpapi_google_flights,,2026-09-10 00:16:04.336804,1,nonstop; dep 2026-10-10 22:45; key=key1
904,DEL,BOM,2026-10-10,30,IndiGo,6E 322,Economy,6425.0,INR,,,,,AVAILABLE,,serpapi_google_flights,,2026-09-10 00:16:04.336804,1,nonstop; dep 2026-10-10 23:30; key=key1
905,DEL,BOM,2026-10-10,30,Air India,AI 2439,Economy,6566.0,INR,,,,,AVAILABLE,,serpapi_google_flights,,2026-09-10 00:16:04.336804,1,nonstop; dep 2026-10-10 23:00; key=key1
906,DEL,BOM,2026-10-10,30,Air India,AI 1745,Economy,6582.0,INR,,,,,AVAILABLE,,serpapi_google_flights,,2026-09-10 00:16:04.336804,1,nonstop; dep 2026-10-10 05:00; key=key1
907,DEL,BOM,2026-10-10,30,Air India,AI 2429,Economy,6582.0,INR,,,,,AVAILABLE,,serpapi_google_flights,,2026-09-10 00:16:04.336804,1,nonstop; dep 2026-10-10 07:00; key=key1
908,DEL,BOM,2026-10-10,30,Air India,AI 2678,Economy,6582.0,INR,,,,,AVAILABLE,,serpapi_google_flights,,2026-09-10 00:16:04.336804,1,nonstop; dep 2026-10-10 08:30; key=key1
909,DEL,BOM,2026-10-10,30,Air India,AI 2927,Economy,6582.0,INR,,,,,AVAILABLE,,serpapi_google_flights,,2026-09-10 00:16:04.336804,1,nonstop; dep 2026-10-10 09:30; key=key1
910,DEL,BOM,2026-10-10,30,Air India,AI 2995,Economy,6582.0,INR,,,,,AVAILABLE,,serpapi_google_flights,,2026-09-10 00:16:04.336804,1,nonstop; dep 2026-10-10 10:00; key=key1
911,DEL,BOM,2026-10-10,30,Air India,AI 2425,Economy,6582.0,INR,,,,,AVAILABLE,,serpapi_google_flights,,2026-09-10 00:16:04.336804,1,nonstop; dep 2026-10-10 10:30; key=key1
912,DEL,BOM,2026-10-10,30,Air India,AI 2945,Economy,6582.0,INR,,,,,AVAILABLE,,serpapi_google_flights,,2026-09-10 00:16:04.336804,1,nonstop; dep 2026-10-10 11:00; key=key1
913,DEL,BOM,2026-10-10,30,Air India,AI 2441,Economy,6582.0,INR,,,,,AVAILABLE,,serpapi_google_flights,,2026-09-10 00:16:04.336804,1,nonstop; dep 2026-10-10 14:10; key=key1
914,DEL,BOM,2026-10-10,30,Air India,AI 2933,Economy,6582.0,INR,,,,,AVAILABLE,,serpapi_google_flights,,2026-09-10 00:16:04.336804,1,nonstop; dep 2026-10-10 15:30; key=key1
915,DEL,BOM,2026-10-10,30,Air India,AI 441,Economy,6582.0,INR,,,,,AVAILABLE,,serpapi_google_flights,,2026-09-10 00:16:04.336804,1,nonstop; dep 2026-10-10 17:00; key=key1
916,DEL,BOM,2026-10-10,30,Air India,AI 2957,Economy,6582.0,INR,,,,,AVAILABLE,,serpapi_google_flights,,2026-09-10 00:16:04.336804,1,nonstop; dep 2026-10-10 20:30; key=key1
917,DEL,BOM,2026-10-10,30,IndiGo,6E 449,Economy,6583.0,INR,,,,,AVAILABLE,,serpapi_google_flights,,2026-09-10 00:16:04.336804,1,nonstop; dep 2026-10-10 05:00; key=key1
918,DEL,BOM,2026-10-10,30,IndiGo,6E 6218,Economy,6583.0,INR,,,,,AVAILABLE,,serpapi_google_flights,,2026-09-10 00:16:04.336804,1,nonstop; dep 2026-10-10 06:05; key=key1
919,DEL,BOM,2026-10-10,30,IndiGo,6E 853,Economy,6583.0,INR,,,,,AVAILABLE,,serpapi_google_flights,,2026-09-10 00:16:04.336804,1,nonstop; dep 2026-10-10 20:45; key=key1
920,DEL,BOM,2026-10-10,30,IndiGo,6E 395,Economy,6583.0,INR,,,,,AVAILABLE,,serpapi_google_flights,,2026-09-10 00:16:04.336804,1,nonstop; dep 2026-10-10 21:45; key=key1
921,DEL,BOM,2026-10-10,30,Air India Express,IX 1235,Economy,6610.0,INR,,,,,AVAILABLE,,serpapi_google_flights,,2026-09-10 00:16:04.336804,1,nonstop; dep 2026-10-10 23:25; key=key1
922,DEL,BOM,2026-10-10,30,Air India,AI 2975,Economy,6740.0,INR,,,,,AVAILABLE,,serpapi_google_flights,,2026-09-10 00:16:04.336804,1,nonstop; dep 2026-10-10 06:30; key=key1
923,DEL,BOM,2026-10-10,30,Air India,AI 2951,Economy,6740.0,INR,,,,,AVAILABLE,,serpapi_google_flights,,2026-09-10 00:16:04.336804,1,nonstop; dep 2026-10-10 13:30; key=key1
924,DEL,BOM,2026-10-10,30,Air India,AI 2981,Economy,6740.0,INR,,,,,AVAILABLE,,serpapi_google_flights,,2026-09-10 00:16:04.336804,1,nonstop; dep 2026-10-10 21:00; key=key1
925,DEL,BOM,2026-10-10,30,Air India,AI 2943,Economy,6745.0,INR,,,,,AVAILABLE,,serpapi_google_flights,,2026-09-10 00:16:04.336804,1,nonstop; dep 2026-10-10 07:30; key=key1
926,DEL,BOM,2026-10-10,30,Air India,AI 1785,Economy,6745.0,INR,,,,,AVAILABLE,,serpapi_google_flights,,2026-09-10 00:16:04.336804,1,nonstop; dep 2026-10-10 12:00; key=key1
927,DEL,BOM,2026-10-10,30,Air India,AI 1777,Economy,6745.0,INR,,,,,AVAILABLE,,serpapi_google_flights,,2026-09-10 00:16:04.336804,1,nonstop; dep 2026-10-10 16:00; key=key1
928,DEL,BOM,2026-10-10,30,Air India,AI 2985,Economy,6745.0,INR,,,,,AVAILABLE,,serpapi_google_flights,,2026-09-10 00:16:04.336804,1,nonstop; dep 2026-10-10 19:30; key=key1
929,DEL,BOM,2026-10-10,30,SpiceJet,SG 815,Economy,6778.0,INR,,,,,AVAILABLE,,serpapi_google_flights,,2026-09-10 00:16:04.336804,1,nonstop; dep 2026-10-10 09:55; key=key1
930,DEL,BOM,2026-10-10,30,SpiceJet,SG 802,Economy,6778.0,INR,,,,,AVAILABLE,,serpapi_google_flights,,2026-09-10 00:16:04.336804,1,nonstop; dep 2026-10-10 22:30; key=key1
931,DEL,BOM,2026-10-10,30,Akasa Air,QP 1833,Economy,6880.0,INR,,,,,AVAILABLE,,serpapi_google_flights,,2026-09-10 00:16:04.336804,1,nonstop; dep 2026-10-10 06:50; key=key1
932,DEL,BOM,2026-10-10,30,Akasa Air,QP 1110,Economy,6880.0,INR,,,,,AVAILABLE,,serpapi_google_flights,,2026-09-10 00:16:04.336804,1,nonstop; dep 2026-10-10 10:00; key=key1
933,DEL,BOM,2026-10-10,30,Akasa Air,QP 1128,Economy,6880.0,INR,,,,,AVAILABLE,,serpapi_google_flights,,2026-09-10 00:16:04.336804,1,nonstop; dep 2026-10-10 16:00; key=key1
934,DEL,BOM,2026-10-10,30,Akasa Air,QP 1820,Economy,6880.0,INR,,,,,AVAILABLE,,serpapi_google_flights,,2026-09-10 00:16:04.336804,1,nonstop; dep 2026-10-10 17:30; key=key1
935,DEL,BOM,2026-10-10,30,Air India,AI 2955,Economy,6902.0,INR,,,,,AVAILABLE,,serpapi_google_flights,,2026-09-10 00:16:04.336804,1,nonstop; dep 2026-10-10 18:00; key=key1
936,DEL,BOM,2026-10-10,30,Air India,AI 2977,Economy,6902.0,INR,,,,,AVAILABLE,,serpapi_google_flights,,2026-09-10 00:16:04.336804,1,nonstop; dep 2026-10-10 19:00; key=key1
937,DEL,BOM,2026-10-10,30,Air India,AI 2433,Economy,6908.0,INR,,,,,AVAILABLE,,serpapi_google_flights,,2026-09-10 00:16:04.336804,1,nonstop; dep 2026-10-10 21:30; key=key1
938,DEL,BOM,2026-10-10,30,Air India Express,IX 1056,Economy,7261.0,INR,,,,,AVAILABLE,,serpapi_google_flights,,2026-09-10 00:16:04.336804,1,nonstop; dep 2026-10-10 17:50; key=key1
939,DEL,BOM,2026-10-10,30,Akasa Air,QP 1826,Economy,7327.0,INR,,,,,AVAILABLE,,serpapi_google_flights,,2026-09-10 00:16:04.336804,1,nonstop; dep 2026-10-10 19:55; key=key1
940,DEL,BOM,2026-10-25,45,SpiceJet,SG 612,Economy,6778.0,INR,,,,,AVAILABLE,,serpapi_google_flights,,2026-09-10 00:16:04.470261,1,nonstop; dep 2026-10-25 19:00; key=key1
941,DEL,BOM,2026-10-25,45,IndiGo,6E 327,Economy,6914.0,INR,,,,,AVAILABLE,,serpapi_google_flights,,2026-09-10 00:16:04.470261,1,nonstop; dep 2026-10-25 16:15; key=key1
942,DEL,BOM,2026-10-25,45,Air India Express,IX 1127,Economy,6989.0,INR,,,,,AVAILABLE,,serpapi_google_flights,,2026-09-10 00:16:04.470261,1,nonstop; dep 2026-10-25 20:40; key=key1
943,DEL,BOM,2026-10-25,45,Air India,AI 2951,Economy,7070.0,INR,,,,,AVAILABLE,,serpapi_google_flights,,2026-09-10 00:16:04.470261,1,nonstop; dep 2026-10-25 13:30; key=key1
944,DEL,BOM,2026-10-25,45,Akasa Air,QP 1114,Economy,7453.0,INR,,,,,AVAILABLE,,serpapi_google_flights,,2026-09-10 00:16:04.470261,1,nonstop; dep 2026-10-25 16:00; key=key1
945,DEL,BOM,2026-10-25,45,SpiceJet,SG 603,Economy,6778.0,INR,,,,,AVAILABLE,,serpapi_google_flights,,2026-09-10 00:16:04.470261,1,nonstop; dep 2026-10-25 05:45; key=key1
946,DEL,BOM,2026-10-25,45,SpiceJet,SG 510,Economy,6778.0,INR,,,,,AVAILABLE,,serpapi_google_flights,,2026-09-10 00:16:04.470261,1,nonstop; dep 2026-10-25 06:30; key=key1
947,DEL,BOM,2026-10-25,45,IndiGo,6E 353,Economy,6914.0,INR,,,,,AVAILABLE,,serpapi_google_flights,,2026-09-10 00:16:04.470261,1,nonstop; dep 2026-10-25 03:30; key=key1
948,DEL,BOM,2026-10-25,45,IndiGo,6E 449,Economy,6914.0,INR,,,,,AVAILABLE,,serpapi_google_flights,,2026-09-10 00:16:04.470261,1,nonstop; dep 2026-10-25 05:00; key=key1
949,DEL,BOM,2026-10-25,45,IndiGo,6E 6218,Economy,6914.0,INR,,,,,AVAILABLE,,serpapi_google_flights,,2026-09-10 00:16:04.470261,1,nonstop; dep 2026-10-25 06:05; key=key1
950,DEL,BOM,2026-10-25,45,IndiGo,6E 6814,Economy,6914.0,INR,,,,,AVAILABLE,,serpapi_google_flights,,2026-09-10 00:16:04.470261,1,nonstop; dep 2026-10-25 07:00; key=key1
951,DEL,BOM,2026-10-25,45,IndiGo,6E 320,Economy,6914.0,INR,,,,,AVAILABLE,,serpapi_google_flights,,2026-09-10 00:16:04.470261,1,nonstop; dep 2026-10-25 08:00; key=key1
952,DEL,BOM,2026-10-25,45,IndiGo,6E 675,Economy,6914.0,INR,,,,,AVAILABLE,,serpapi_google_flights,,2026-09-10 00:16:04.470261,1,nonstop; dep 2026-10-25 08:45; key=key1
953,DEL,BOM,2026-10-25,45,IndiGo,6E 6107,Economy,6914.0,INR,,,,,AVAILABLE,,serpapi_google_flights,,2026-09-10 00:16:04.470261,1,nonstop; dep 2026-10-25 09:30; key=key1
954,DEL,BOM,2026-10-25,45,IndiGo,6E 6328,Economy,6914.0,INR,,,,,AVAILABLE,,serpapi_google_flights,,2026-09-10 00:16:04.470261,1,nonstop; dep 2026-10-25 10:15; key=key1
955,DEL,BOM,2026-10-25,45,IndiGo,6E 6047,Economy,6914.0,INR,,,,,AVAILABLE,,serpapi_google_flights,,2026-09-10 00:16:04.470261,1,nonstop; dep 2026-10-25 11:00; key=key1
956,DEL,BOM,2026-10-25,45,IndiGo,6E 6051,Economy,6914.0,INR,,,,,AVAILABLE,,serpapi_google_flights,,2026-09-10 00:16:04.470261,1,nonstop; dep 2026-10-25 11:45; key=key1
957,DEL,BOM,2026-10-25,45,IndiGo,6E 324,Economy,6914.0,INR,,,,,AVAILABLE,,serpapi_google_flights,,2026-09-10 00:16:04.470261,1,nonstop; dep 2026-10-25 13:15; key=key1
958,DEL,BOM,2026-10-25,45,IndiGo,6E 6318,Economy,6914.0,INR,,,,,AVAILABLE,,serpapi_google_flights,,2026-09-10 00:16:04.470261,1,nonstop; dep 2026-10-25 14:45; key=key1
959,DEL,BOM,2026-10-25,45,IndiGo,6E 6706,Economy,6914.0,INR,,,,,AVAILABLE,,serpapi_google_flights,,2026-09-10 00:16:04.470261,1,nonstop; dep 2026-10-25 17:00; key=key1
960,DEL,BOM,2026-10-25,45,IndiGo,6E 853,Economy,6914.0,INR,,,,,AVAILABLE,,serpapi_google_flights,,2026-09-10 00:16:04.470261,1,nonstop; dep 2026-10-25 21:00; key=key1
961,DEL,BOM,2026-10-25,45,IndiGo,6E 395,Economy,6914.0,INR,,,,,AVAILABLE,,serpapi_google_flights,,2026-09-10 00:16:04.470261,1,nonstop; dep 2026-10-25 22:00; key=key1
962,DEL,BOM,2026-10-25,45,IndiGo,6E 6114,Economy,6914.0,INR,,,,,AVAILABLE,,serpapi_google_flights,,2026-09-10 00:16:04.470261,1,nonstop; dep 2026-10-25 23:00; key=key1
963,DEL,BOM,2026-10-25,45,Air India Express,IX 1056,Economy,6989.0,INR,,,,,AVAILABLE,,serpapi_google_flights,,2026-09-10 00:16:04.470261,1,nonstop; dep 2026-10-25 08:45; key=key1
964,DEL,BOM,2026-10-25,45,IndiGo,6E 6676,Economy,7064.0,INR,,,,,AVAILABLE,,serpapi_google_flights,,2026-09-10 00:16:04.470261,1,nonstop; dep 2026-10-25 12:30; key=key1
965,DEL,BOM,2026-10-25,45,IndiGo,6E 6022,Economy,7064.0,INR,,,,,AVAILABLE,,serpapi_google_flights,,2026-09-10 00:16:04.470261,1,nonstop; dep 2026-10-25 14:00; key=key1
966,DEL,BOM,2026-10-25,45,Air India,AI 2573,Economy,7070.0,INR,,,,,AVAILABLE,,serpapi_google_flights,,2026-09-10 00:16:04.470261,1,nonstop; dep 2026-10-25 05:30; key=key1
967,DEL,BOM,2026-10-25,45,Air India,AI 2975,Economy,7070.0,INR,,,,,AVAILABLE,,serpapi_google_flights,,2026-09-10 00:16:04.470261,1,nonstop; dep 2026-10-25 06:30; key=key1
968,DEL,BOM,2026-10-25,45,Air India,AI 2678,Economy,7070.0,INR,,,,,AVAILABLE,,serpapi_google_flights,,2026-09-10 00:16:04.470261,1,nonstop; dep 2026-10-25 08:30; key=key1
969,DEL,BOM,2026-10-25,45,Air India,AI 2963,Economy,7070.0,INR,,,,,AVAILABLE,,serpapi_google_flights,,2026-09-10 00:16:04.470261,1,nonstop; dep 2026-10-25 09:00; key=key1
970,DEL,BOM,2026-10-25,45,Air India,AI 2425,Economy,7070.0,INR,,,,,AVAILABLE,,serpapi_google_flights,,2026-09-10 00:16:04.470261,1,nonstop; dep 2026-10-25 10:30; key=key1
971,DEL,BOM,2026-10-25,45,Air India,AI 2945,Economy,7070.0,INR,,,,,AVAILABLE,,serpapi_google_flights,,2026-09-10 00:16:04.470261,1,nonstop; dep 2026-10-25 11:00; key=key1
972,DEL,BOM,2026-10-25,45,Air India,AI 2587,Economy,7070.0,INR,,,,,AVAILABLE,,serpapi_google_flights,,2026-09-10 00:16:04.470261,1,nonstop; dep 2026-10-25 12:00; key=key1
973,DEL,BOM,2026-10-25,45,Air India,AI 2987,Economy,7070.0,INR,,,,,AVAILABLE,,serpapi_google_flights,,2026-09-10 00:16:04.470261,1,nonstop; dep 2026-10-25 13:00; key=key1
974,DEL,BOM,2026-10-25,45,Air India,AI 2999,Economy,7070.0,INR,,,,,AVAILABLE,,serpapi_google_flights,,2026-09-10 00:16:04.470261,1,nonstop; dep 2026-10-25 22:00; key=key1
975,DEL,BOM,2026-10-25,45,Air India,AI 2437,Economy,7070.0,INR,,,,,AVAILABLE,,serpapi_google_flights,,2026-09-10 00:16:04.470261,1,nonstop; dep 2026-10-25 22:30; key=key1
976,DEL,BOM,2026-10-25,45,SpiceJet,SG 475,Economy,7142.0,INR,,,,,AVAILABLE,,serpapi_google_flights,,2026-09-10 00:16:04.470261,1,nonstop; dep 2026-10-25 17:10; key=key1
977,DEL,BOM,2026-10-25,45,Air India,AI 2943,Economy,7249.0,INR,,,,,AVAILABLE,,serpapi_google_flights,,2026-09-10 00:16:04.470261,1,nonstop; dep 2026-10-25 07:30; key=key1
978,DEL,BOM,2026-10-25,45,Akasa Air,QP 1112,Economy,7327.0,INR,,,,,AVAILABLE,,serpapi_google_flights,,2026-09-10 00:16:04.470261,1,nonstop; dep 2026-10-25 10:00; key=key1
979,DEL,BOM,2026-10-25,45,IndiGo,6E 864,Economy,7364.0,INR,,,,,AVAILABLE,,serpapi_google_flights,,2026-09-10 00:16:04.470261,1,nonstop; dep 2026-10-25 15:30; key=key1
980,DEL,BOM,2026-10-25,45,Air India,AI 441,Economy,7364.0,INR,,,,,AVAILABLE,,serpapi_google_flights,,2026-09-10 00:16:04.470261,1,nonstop; dep 2026-10-25 17:05; key=key1
981,DEL,BOM,2026-10-25,45,IndiGo,6E 329,Economy,7364.0,INR,,,,,AVAILABLE,,serpapi_google_flights,,2026-09-10 00:16:04.470261,1,nonstop; dep 2026-10-25 18:30; key=key1
982,DEL,BOM,2026-10-25,45,IndiGo,6E 354,Economy,7364.0,INR,,,,,AVAILABLE,,serpapi_google_flights,,2026-09-10 00:16:04.470261,1,nonstop; dep 2026-10-25 19:15; key=key1
983,DEL,BOM,2026-10-25,45,IndiGo,6E 303,Economy,7364.0,INR,,,,,AVAILABLE,,serpapi_google_flights,,2026-09-10 00:16:04.470261,1,nonstop; dep 2026-10-25 20:00; key=key1
984,DEL,BOM,2026-10-25,45,Air India,AI 2439,Economy,7364.0,INR,,,,,AVAILABLE,,serpapi_google_flights,,2026-09-10 00:16:04.470261,1,nonstop; dep 2026-10-25 23:00; key=key1
985,DEL,BOM,2026-10-25,45,Air India,AI 2981,Economy,7422.0,INR,,,,,AVAILABLE,,serpapi_google_flights,,2026-09-10 00:16:04.470261,1,nonstop; dep 2026-10-25 21:00; key=key1
986,DEL,BOM,2026-10-25,45,Air India,AI 2433,Economy,7422.0,INR,,,,,AVAILABLE,,serpapi_google_flights,,2026-09-10 00:16:04.470261,1,nonstop; dep 2026-10-25 21:30; key=key1
987,DEL,BOM,2026-10-25,45,Akasa Air,QP 1118,Economy,7453.0,INR,,,,,AVAILABLE,,serpapi_google_flights,,2026-09-10 00:16:04.470261,1,nonstop; dep 2026-10-25 17:30; key=key1
988,DEL,BOM,2026-10-25,45,Air India,AI 2555,Economy,7522.0,INR,,,,,AVAILABLE,,serpapi_google_flights,,2026-09-10 00:16:04.470261,1,nonstop; dep 2026-10-25 17:30; key=key1
989,DEL,BOM,2026-10-25,45,Akasa Air,QP 1116,Economy,7583.0,INR,,,,,AVAILABLE,,serpapi_google_flights,,2026-09-10 00:16:04.470261,1,nonstop; dep 2026-10-25 21:45; key=key1
990,DEL,BOM,2026-10-25,45,Air India,AI 2985,Economy,7711.0,INR,,,,,AVAILABLE,,serpapi_google_flights,,2026-09-10 00:16:04.470261,1,nonstop; dep 2026-10-25 19:30; key=key1
991,DEL,BOM,2026-10-25,45,Air India,AI 2955,Economy,8026.0,INR,,,,,AVAILABLE,,serpapi_google_flights,,2026-09-10 00:16:04.470261,1,nonstop; dep 2026-10-25 18:00; key=key1
992,DEL,BOM,2026-10-25,45,Air India,AI 2977,Economy,8026.0,INR,,,,,AVAILABLE,,serpapi_google_flights,,2026-09-10 00:16:04.470261,1,nonstop; dep 2026-10-25 19:00; key=key1
993,DEL,BOM,2026-10-25,45,Air India,AI 2957,Economy,8750.0,INR,,,,,AVAILABLE,,serpapi_google_flights,,2026-09-10 00:16:04.470261,1,nonstop; dep 2026-10-25 20:30; key=key1
994,DEL,BOM,2026-10-25,45,Air India,AI 2941,Economy,8992.0,INR,,,,,AVAILABLE,,serpapi_google_flights,,2026-09-10 00:16:04.470261,1,nonstop; dep 2026-10-25 16:30; key=key1
995,DEL,BOM,2026-10-25,45,Air India,AI 2933,Economy,9260.0,INR,,,,,AVAILABLE,,serpapi_google_flights,,2026-09-10 00:16:04.470261,1,nonstop; dep 2026-10-25 15:30; key=key1
996,DEL,BOM,2026-10-25,45,IndiGo,6E 328,Economy,9854.0,INR,,,,,AVAILABLE,,serpapi_google_flights,,2026-09-10 00:16:04.470261,1,nonstop; dep 2026-10-25 17:45; key=key1
997,BLR,DEL,2026-09-11,1,IndiGo,6E 809,Economy,9720.0,INR,,,,,AVAILABLE,,serpapi_google_flights,,2026-09-10 00:16:04.597358,1,nonstop; dep 2026-09-11 12:00; key=key1
998,BLR,DEL,2026-09-11,1,Air India,AI 2414,Economy,9890.0,INR,,,,,AVAILABLE,,serpapi_google_flights,,2026-09-10 00:16:04.597358,1,nonstop; dep 2026-09-11 05:30; key=key1
999,BLR,DEL,2026-09-11,1,Akasa Air,QP 1821,Economy,10329.0,INR,,,,,AVAILABLE,,serpapi_google_flights,,2026-09-10 00:16:04.597358,1,nonstop; dep 2026-09-11 13:10; key=key1
1000,BLR,DEL,2026-09-11,1,Air India Express,IX 1040,Economy,10470.0,INR,,,,,AVAILABLE,,serpapi_google_flights,,2026-09-10 00:16:04.597358,1,nonstop; dep 2026-09-11 14:40; key=key1
1001,BLR,DEL,2026-09-11,1,IndiGo,6E 836,Economy,10273.0,INR,,,,,AVAILABLE,,serpapi_google_flights,,2026-09-10 00:16:04.597358,1,nonstop; dep 2026-09-11 05:05; key=key1
1002,BLR,DEL,2026-09-11,1,IndiGo,6E 869,Economy,10273.0,INR,,,,,AVAILABLE,,serpapi_google_flights,,2026-09-10 00:16:04.597358,1,nonstop; dep 2026-09-11 13:10; key=key1
1003,BLR,DEL,2026-09-11,1,IndiGo,6E 840,Economy,10273.0,INR,,,,,AVAILABLE,,serpapi_google_flights,,2026-09-10 00:16:04.597358,1,nonstop; dep 2026-09-11 13:55; key=key1
1004,BLR,DEL,2026-09-11,1,Air India,AI 2804,Economy,10431.0,INR,,,,,AVAILABLE,,serpapi_google_flights,,2026-09-10 00:16:04.597358,1,nonstop; dep 2026-09-11 10:00; key=key1
1005,BLR,DEL,2026-09-11,1,Air India,AI 2486,Economy,10431.0,INR,,,,,AVAILABLE,,serpapi_google_flights,,2026-09-10 00:16:04.597358,1,nonstop; dep 2026-09-11 14:00; key=key1
1006,BLR,DEL,2026-09-11,1,Air India,AI 428,Economy,10431.0,INR,,,,,AVAILABLE,,serpapi_google_flights,,2026-09-10 00:16:04.597358,1,nonstop; dep 2026-09-11 15:30; key=key1
1007,BLR,DEL,2026-09-11,1,Akasa Air,QP 1359,Economy,10512.0,INR,,,,,AVAILABLE,,serpapi_google_flights,,2026-09-10 00:16:04.597358,1,nonstop; dep 2026-09-11 05:00; key=key1
1008,BLR,DEL,2026-09-11,1,Air India,AI 2406,Economy,10520.0,INR,,,,,AVAILABLE,,serpapi_google_flights,,2026-09-10 00:16:04.597358,1,nonstop; dep 2026-09-11 11:00; key=key1
1009,BLR,DEL,2026-09-11,1,Akasa Air,QP 1811,Economy,10701.0,INR,,,,,AVAILABLE,,serpapi_google_flights,,2026-09-10 00:16:04.597358,1,nonstop; dep 2026-09-11 04:10; key=key1
1010,BLR,DEL,2026-09-11,1,IndiGo,6E 175,Economy,10864.0,INR,,,,,AVAILABLE,,serpapi_google_flights,,2026-09-10 00:16:04.597358,1,nonstop; dep 2026-09-11 10:45; key=key1
1011,BLR,DEL,2026-09-11,1,Air India,AI 2511,Economy,10872.0,INR,,,,,AVAILABLE,,serpapi_google_flights,,2026-09-10 00:16:04.597358,1,nonstop; dep 2026-09-11 15:00; key=key1
1012,BLR,DEL,2026-09-11,1,Akasa Air,QP 1823,Economy,11087.0,INR,,,,,AVAILABLE,,serpapi_google_flights,,2026-09-10 00:16:04.597358,1,nonstop; dep 2026-09-11 06:05; key=key1
1013,BLR,DEL,2026-09-11,1,Air India,AI 2868,Economy,11397.0,INR,,,,,AVAILABLE,,serpapi_google_flights,,2026-09-10 00:16:04.597358,1,nonstop; dep 2026-09-11 09:00; key=key1
1014,BLR,DEL,2026-09-11,1,IndiGo,6E 849,Economy,11494.0,INR,,,,,AVAILABLE,,serpapi_google_flights,,2026-09-10 00:16:04.597358,1,nonstop; dep 2026-09-11 08:15; key=key1
1015,BLR,DEL,2026-09-11,1,IndiGo,6E 830,Economy,11494.0,INR,,,,,AVAILABLE,,serpapi_google_flights,,2026-09-10 00:16:04.597358,1,nonstop; dep 2026-09-11 09:30; key=key1
1016,BLR,DEL,2026-09-11,1,Air India,AI 2810,Economy,11654.0,INR,,,,,AVAILABLE,,serpapi_google_flights,,2026-09-10 00:16:04.597358,1,nonstop; dep 2026-09-11 06:00; key=key1
1017,BLR,DEL,2026-09-11,1,Air India Express,IX 5976,Economy,11690.0,INR,,,,,AVAILABLE,,serpapi_google_flights,,2026-09-10 00:16:04.597358,1,nonstop; dep 2026-09-11 01:15; key=key1
1018,BLR,DEL,2026-09-11,1,IndiGo,6E 804,Economy,12168.0,INR,,,,,AVAILABLE,,serpapi_google_flights,,2026-09-10 00:16:04.597358,1,nonstop; dep 2026-09-11 03:00; key=key1
1019,BLR,DEL,2026-09-11,1,IndiGo,6E 844,Economy,12168.0,INR,,,,,AVAILABLE,,serpapi_google_flights,,2026-09-10 00:16:04.597358,1,nonstop; dep 2026-09-11 07:00; key=key1
1020,BLR,DEL,2026-09-11,1,IndiGo,6E 860,Economy,14472.0,INR,,,,,AVAILABLE,,serpapi_google_flights,,2026-09-10 00:16:04.597358,1,nonstop; dep 2026-09-11 15:45; key=key1
1021,BLR,DEL,2026-09-11,1,Air India,AI 2758,Economy,15224.0,INR,,,,,AVAILABLE,,serpapi_google_flights,,2026-09-10 00:16:04.597358,1,nonstop; dep 2026-09-11 00:15; key=key1
1022,BLR,DEL,2026-09-11,1,Air India,AI 2654,Economy,15907.0,INR,,,,,AVAILABLE,,serpapi_google_flights,,2026-09-10 00:16:04.597358,1,nonstop; dep 2026-09-11 07:00; key=key1
1023,BLR,DEL,2026-09-11,1,Air India,AI 2418,Economy,15907.0,INR,,,,,AVAILABLE,,serpapi_google_flights,,2026-09-10 00:16:04.597358,1,nonstop; dep 2026-09-11 16:30; key=key1
1024,BLR,DEL,2026-09-11,1,IndiGo,6E 6039,Economy,18336.0,INR,,,,,AVAILABLE,,serpapi_google_flights,,2026-09-10 00:16:04.597358,1,nonstop; dep 2026-09-11 17:00; key=key1
1025,BLR,DEL,2026-09-11,1,IndiGo,6E 2313,Economy,19469.0,INR,,,,,AVAILABLE,,serpapi_google_flights,,2026-09-10 00:16:04.597358,1,nonstop; dep 2026-09-11 23:30; key=key1
1026,BLR,DEL,2026-09-11,1,Akasa Air,QP 1307,Economy,19778.0,INR,,,,,AVAILABLE,,serpapi_google_flights,,2026-09-10 00:16:04.597358,1,nonstop; dep 2026-09-11 17:20; key=key1
1027,BLR,DEL,2026-09-11,1,IndiGo,6E 6034,Economy,20680.0,INR,,,,,AVAILABLE,,serpapi_google_flights,,2026-09-10 00:16:04.597358,1,nonstop; dep 2026-09-11 18:15; key=key1
1028,BLR,DEL,2026-09-11,1,Air India,AI 2820,Economy,20810.0,INR,,,,,AVAILABLE,,serpapi_google_flights,,2026-09-10 00:16:04.597358,1,nonstop; dep 2026-09-11 17:25; key=key1
1029,BLR,DEL,2026-09-11,1,IndiGo,6E 870,Economy,21971.0,INR,,,,,AVAILABLE,,serpapi_google_flights,,2026-09-10 00:16:04.597358,1,nonstop; dep 2026-09-11 19:30; key=key1
1030,BLR,DEL,2026-09-11,1,IndiGo,6E 817,Economy,21971.0,INR,,,,,AVAILABLE,,serpapi_google_flights,,2026-09-10 00:16:04.597358,1,nonstop; dep 2026-09-11 20:40; key=key1
1031,BLR,DEL,2026-09-11,1,IndiGo,6E 6406,Economy,21971.0,INR,,,,,AVAILABLE,,serpapi_google_flights,,2026-09-10 00:16:04.597358,1,nonstop; dep 2026-09-11 22:00; key=key1
1032,BLR,DEL,2026-09-11,1,Air India,AI 2802,Economy,24679.0,INR,,,,,AVAILABLE,,serpapi_google_flights,,2026-09-10 00:16:04.597358,1,nonstop; dep 2026-09-11 18:20; key=key1
1033,BLR,DEL,2026-09-11,1,Air India,AI 2665,Economy,24679.0,INR,,,,,AVAILABLE,,serpapi_google_flights,,2026-09-10 00:16:04.597358,1,nonstop; dep 2026-09-11 19:40; key=key1
1034,BLR,DEL,2026-09-11,1,Air India,AI 2818,Economy,24679.0,INR,,,,,AVAILABLE,,serpapi_google_flights,,2026-09-10 00:16:04.597358,1,nonstop; dep 2026-09-11 20:00; key=key1
1035,BLR,DEL,2026-09-11,1,Air India,AI 2488,Economy,24679.0,INR,,,,,AVAILABLE,,serpapi_google_flights,,2026-09-10 00:16:04.597358,1,nonstop; dep 2026-09-11 22:30; key=key1
1036,BLR,DEL,2026-09-17,7,IndiGo,6E 804,Economy,8259.0,INR,,,,,AVAILABLE,,serpapi_google_flights,,2026-09-10 00:16:04.741274,1,nonstop; dep 2026-09-17 03:00; key=key1
1037,BLR,DEL,2026-09-17,7,Air India,AI 2511,Economy,8415.0,INR,,,,,AVAILABLE,,serpapi_google_flights,,2026-09-10 00:16:04.741274,1,nonstop; dep 2026-09-17 15:00; key=key1
1038,BLR,DEL,2026-09-17,7,Air India Express,IX 1040,Economy,8912.0,INR,,,,,AVAILABLE,,serpapi_google_flights,,2026-09-10 00:16:04.741274,1,nonstop; dep 2026-09-17 14:40; key=key1
1039,BLR,DEL,2026-09-17,7,Akasa Air,QP 1359,Economy,9141.0,INR,,,,,AVAILABLE,,serpapi_google_flights,,2026-09-10 00:16:04.741274,1,nonstop; dep 2026-09-17 05:00; key=key1
1040,BLR,DEL,2026-09-17,7,IndiGo,6E 836,Economy,8259.0,INR,,,,,AVAILABLE,,serpapi_google_flights,,2026-09-10 00:16:04.741274,1,nonstop; dep 2026-09-17 05:05; key=key1
1041,BLR,DEL,2026-09-17,7,Air India,AI 2758,Economy,8268.0,INR,,,,,AVAILABLE,,serpapi_google_flights,,2026-09-10 00:16:04.741274,1,nonstop; dep 2026-09-17 00:15; key=key1
1042,BLR,DEL,2026-09-17,7,Air India Express,IX 5976,Economy,8656.0,INR,,,,,AVAILABLE,,serpapi_google_flights,,2026-09-10 00:16:04.741274,1,nonstop; dep 2026-09-17 01:15; key=key1
1043,BLR,DEL,2026-09-17,7,IndiGo,6E 844,Economy,8715.0,INR,,,,,AVAILABLE,,serpapi_google_flights,,2026-09-10 00:16:04.741274,1,nonstop; dep 2026-09-17 07:00; key=key1
1044,BLR,DEL,2026-09-17,7,IndiGo,6E 830,Economy,8715.0,INR,,,,,AVAILABLE,,serpapi_google_flights,,2026-09-10 00:16:04.741274,1,nonstop; dep 2026-09-17 09:30; key=key1
1045,BLR,DEL,2026-09-17,7,IndiGo,6E 175,Economy,8715.0,INR,,,,,AVAILABLE,,serpapi_google_flights,,2026-09-10 00:16:04.741274,1,nonstop; dep 2026-09-17 10:45; key=key1
1046,BLR,DEL,2026-09-17,7,IndiGo,6E 809,Economy,8715.0,INR,,,,,AVAILABLE,,serpapi_google_flights,,2026-09-10 00:16:04.741274,1,nonstop; dep 2026-09-17 12:00; key=key1
1047,BLR,DEL,2026-09-17,7,IndiGo,6E 869,Economy,8715.0,INR,,,,,AVAILABLE,,serpapi_google_flights,,2026-09-10 00:16:04.741274,1,nonstop; dep 2026-09-17 13:10; key=key1
1048,BLR,DEL,2026-09-17,7,IndiGo,6E 860,Economy,8715.0,INR,,,,,AVAILABLE,,serpapi_google_flights,,2026-09-10 00:16:04.741274,1,nonstop; dep 2026-09-17 15:45; key=key1
1049,BLR,DEL,2026-09-17,7,IndiGo,6E 6039,Economy,8715.0,INR,,,,,AVAILABLE,,serpapi_google_flights,,2026-09-10 00:16:04.741274,1,nonstop; dep 2026-09-17 17:00; key=key1
1050,BLR,DEL,2026-09-17,7,Air India,AI 2414,Economy,8725.0,INR,,,,,AVAILABLE,,serpapi_google_flights,,2026-09-10 00:16:04.741274,1,nonstop; dep 2026-09-17 05:30; key=key1
1051,BLR,DEL,2026-09-17,7,Air India,AI 2810,Economy,8872.0,INR,,,,,AVAILABLE,,serpapi_google_flights,,2026-09-10 00:16:04.741274,1,nonstop; dep 2026-09-17 06:00; key=key1
1052,BLR,DEL,2026-09-17,7,Akasa Air,QP 1811,Economy,9141.0,INR,,,,,AVAILABLE,,serpapi_google_flights,,2026-09-10 00:16:04.741274,1,nonstop; dep 2026-09-17 04:10; key=key1
1053,BLR,DEL,2026-09-17,7,IndiGo,6E 840,Economy,9201.0,INR,,,,,AVAILABLE,,serpapi_google_flights,,2026-09-10 00:16:04.741274,1,nonstop; dep 2026-09-17 13:55; key=key1
1054,BLR,DEL,2026-09-17,7,Akasa Air,QP 1823,Economy,9299.0,INR,,,,,AVAILABLE,,serpapi_google_flights,,2026-09-10 00:16:04.741274,1,nonstop; dep 2026-09-17 06:05; key=key1
1055,BLR,DEL,2026-09-17,7,Akasa Air,QP 1307,Economy,9299.0,INR,,,,,AVAILABLE,,serpapi_google_flights,,2026-09-10 00:16:04.741274,1,nonstop; dep 2026-09-17 17:20; key=key1
1056,BLR,DEL,2026-09-17,7,Air India,AI 428,Economy,9360.0,INR,,,,,AVAILABLE,,serpapi_google_flights,,2026-09-10 00:16:04.741274,1,nonstop; dep 2026-09-17 15:30; key=key1
1057,BLR,DEL,2026-09-17,7,Air India,AI 2418,Economy,9591.0,INR,,,,,AVAILABLE,,serpapi_google_flights,,2026-09-10 00:16:04.741274,1,nonstop; dep 2026-09-17 16:30; key=key1
1058,BLR,DEL,2026-09-17,7,IndiGo,6E 6034,Economy,9720.0,INR,,,,,AVAILABLE,,serpapi_google_flights,,2026-09-10 00:16:04.741274,1,nonstop; dep 2026-09-17 18:15; key=key1
1059,BLR,DEL,2026-09-17,7,IndiGo,6E 2313,Economy,9720.0,INR,,,,,AVAILABLE,,serpapi_google_flights,,2026-09-10 00:16:04.741274,1,nonstop; dep 2026-09-17 23:30; key=key1
1060,BLR,DEL,2026-09-17,7,Air India,AI 2804,Economy,9880.0,INR,,,,,AVAILABLE,,serpapi_google_flights,,2026-09-10 00:16:04.741274,1,nonstop; dep 2026-09-17 10:00; key=key1
1061,BLR,DEL,2026-09-17,7,Air India,AI 2406,Economy,9880.0,INR,,,,,AVAILABLE,,serpapi_google_flights,,2026-09-10 00:16:04.741274,1,nonstop; dep 2026-09-17 11:00; key=key1
1062,BLR,DEL,2026-09-17,7,Air India,AI 2486,Economy,9880.0,INR,,,,,AVAILABLE,,serpapi_google_flights,,2026-09-10 00:16:04.741274,1,nonstop; dep 2026-09-17 14:00; key=key1
1063,BLR,DEL,2026-09-17,7,IndiGo,6E 849,Economy,10273.0,INR,,,,,AVAILABLE,,serpapi_google_flights,,2026-09-10 00:16:04.741274,1,nonstop; dep 2026-09-17 08:15; key=key1
1064,BLR,DEL,2026-09-17,7,IndiGo,6E 6406,Economy,10273.0,INR,,,,,AVAILABLE,,serpapi_google_flights,,2026-09-10 00:16:04.741274,1,nonstop; dep 2026-09-17 22:00; key=key1
1065,BLR,DEL,2026-09-17,7,Air India,AI 2820,Economy,10431.0,INR,,,,,AVAILABLE,,serpapi_google_flights,,2026-09-10 00:16:04.741274,1,nonstop; dep 2026-09-17 17:25; key=key1
1066,BLR,DEL,2026-09-17,7,Air India,AI 2868,Economy,10609.0,INR,,,,,AVAILABLE,,serpapi_google_flights,,2026-09-10 00:16:04.741274,1,nonstop; dep 2026-09-17 09:00; key=key1
1067,BLR,DEL,2026-09-17,7,Air India,AI 2488,Economy,10609.0,INR,,,,,AVAILABLE,,serpapi_google_flights,,2026-09-10 00:16:04.741274,1,nonstop; dep 2026-09-17 22:30; key=key1
1068,BLR,DEL,2026-09-17,7,IndiGo,6E 870,Economy,10864.0,INR,,,,,AVAILABLE,,serpapi_google_flights,,2026-09-10 00:16:04.741274,1,nonstop; dep 2026-09-17 19:30; key=key1
1069,BLR,DEL,2026-09-17,7,IndiGo,6E 817,Economy,10864.0,INR,,,,,AVAILABLE,,serpapi_google_flights,,2026-09-10 00:16:04.741274,1,nonstop; dep 2026-09-17 20:40; key=key1
1070,BLR,DEL,2026-09-17,7,Air India,AI 2654,Economy,11654.0,INR,,,,,AVAILABLE,,serpapi_google_flights,,2026-09-10 00:16:04.741274,1,nonstop; dep 2026-09-17 07:00; key=key1
1071,BLR,DEL,2026-09-17,7,Air India,AI 2665,Economy,11854.0,INR,,,,,AVAILABLE,,serpapi_google_flights,,2026-09-10 00:16:04.741274,1,nonstop; dep 2026-09-17 19:40; key=key1
1072,BLR,DEL,2026-09-17,7,Air India,AI 2802,Economy,13271.0,INR,,,,,AVAILABLE,,serpapi_google_flights,,2026-09-10 00:16:04.741274,1,nonstop; dep 2026-09-17 18:20; key=key1
1073,BLR,DEL,2026-09-17,7,Air India,AI 2818,Economy,13843.0,INR,,,,,AVAILABLE,,serpapi_google_flights,,2026-09-10 00:16:04.741274,1,nonstop; dep 2026-09-17 20:00; key=key1
1074,BLR,DEL,2026-09-25,15,IndiGo,6E 860,Economy,9201.0,INR,,,,,AVAILABLE,,serpapi_google_flights,,2026-09-10 00:16:04.864682,1,nonstop; dep 2026-09-25 15:45; key=key1
1075,BLR,DEL,2026-09-25,15,Akasa Air,QP 1811,Economy,9299.0,INR,,,,,AVAILABLE,,serpapi_google_flights,,2026-09-10 00:16:04.864682,1,nonstop; dep 2026-09-25 04:10; key=key1
1076,BLR,DEL,2026-09-25,15,Air India,AI 2486,Economy,9360.0,INR,,,,,AVAILABLE,,serpapi_google_flights,,2026-09-10 00:16:04.864682,1,nonstop; dep 2026-09-25 14:00; key=key1
1077,BLR,DEL,2026-09-25,15,IndiGo,6E 804,Economy,9201.0,INR,,,,,AVAILABLE,,serpapi_google_flights,,2026-09-10 00:16:04.864682,1,nonstop; dep 2026-09-25 03:00; key=key1
1078,BLR,DEL,2026-09-25,15,IndiGo,6E 836,Economy,9201.0,INR,,,,,AVAILABLE,,serpapi_google_flights,,2026-09-10 00:16:04.864682,1,nonstop; dep 2026-09-25 05:05; key=key1
1079,BLR,DEL,2026-09-25,15,IndiGo,6E 869,Economy,9201.0,INR,,,,,AVAILABLE,,serpapi_google_flights,,2026-09-10 00:16:04.864682,1,nonstop; dep 2026-09-25 13:10; key=key1
1080,BLR,DEL,2026-09-25,15,Air India Express,IX 5976,Economy,9211.0,INR,,,,,AVAILABLE,,serpapi_google_flights,,2026-09-10 00:16:04.864682,1,nonstop; dep 2026-09-25 01:15; key=key1
1081,BLR,DEL,2026-09-25,15,Air India,AI 428,Economy,9360.0,INR,,,,,AVAILABLE,,serpapi_google_flights,,2026-09-10 00:16:04.864682,1,nonstop; dep 2026-09-25 15:30; key=key1
1082,BLR,DEL,2026-09-25,15,Akasa Air,QP 1359,Economy,9462.0,INR,,,,,AVAILABLE,,serpapi_google_flights,,2026-09-10 00:16:04.864682,1,nonstop; dep 2026-09-25 05:00; key=key1
1083,BLR,DEL,2026-09-25,15,Air India Express,IX 1040,Economy,9561.0,INR,,,,,AVAILABLE,,serpapi_google_flights,,2026-09-10 00:16:04.864682,1,nonstop; dep 2026-09-25 14:40; key=key1
1084,BLR,DEL,2026-09-25,15,IndiGo,6E 849,Economy,9720.0,INR,,,,,AVAILABLE,,serpapi_google_flights,,2026-09-10 00:16:04.864682,1,nonstop; dep 2026-09-25 08:15; key=key1
1085,BLR,DEL,2026-09-25,15,IndiGo,6E 830,Economy,9720.0,INR,,,,,AVAILABLE,,serpapi_google_flights,,2026-09-10 00:16:04.864682,1,nonstop; dep 2026-09-25 09:30; key=key1
1086,BLR,DEL,2026-09-25,15,IndiGo,6E 840,Economy,9720.0,INR,,,,,AVAILABLE,,serpapi_google_flights,,2026-09-10 00:16:04.864682,1,nonstop; dep 2026-09-25 13:55; key=key1
1087,BLR,DEL,2026-09-25,15,Air India,AI 2511,Economy,9743.0,INR,,,,,AVAILABLE,,serpapi_google_flights,,2026-09-10 00:16:04.864682,1,nonstop; dep 2026-09-25 15:00; key=key1
1088,BLR,DEL,2026-09-25,15,Akasa Air,QP 1823,Economy,9798.0,INR,,,,,AVAILABLE,,serpapi_google_flights,,2026-09-10 00:16:04.864682,1,nonstop; dep 2026-09-25 06:05; key=key1
1089,BLR,DEL,2026-09-25,15,Air India,AI 2810,Economy,9880.0,INR,,,,,AVAILABLE,,serpapi_google_flights,,2026-09-10 00:16:04.864682,1,nonstop; dep 2026-09-25 06:00; key=key1
1090,BLR,DEL,2026-09-25,15,Air India,AI 2804,Economy,9880.0,INR,,,,,AVAILABLE,,serpapi_google_flights,,2026-09-10 00:16:04.864682,1,nonstop; dep 2026-09-25 10:00; key=key1
1091,BLR,DEL,2026-09-25,15,Air India,AI 2414,Economy,9890.0,INR,,,,,AVAILABLE,,serpapi_google_flights,,2026-09-10 00:16:04.864682,1,nonstop; dep 2026-09-25 05:30; key=key1
1092,BLR,DEL,2026-09-25,15,Air India,AI 2406,Economy,9958.0,INR,,,,,AVAILABLE,,serpapi_google_flights,,2026-09-10 00:16:04.864682,1,nonstop; dep 2026-09-25 11:00; key=key1
1093,BLR,DEL,2026-09-25,15,Akasa Air,QP 1821,Economy,10150.0,INR,,,,,AVAILABLE,,serpapi_google_flights,,2026-09-10 00:16:04.864682,1,nonstop; dep 2026-09-25 13:10; key=key1
1094,BLR,DEL,2026-09-25,15,Air India,AI 2868,Economy,10205.0,INR,,,,,AVAILABLE,,serpapi_google_flights,,2026-09-10 00:16:04.864682,1,nonstop; dep 2026-09-25 09:00; key=key1
1095,BLR,DEL,2026-09-25,15,IndiGo,6E 175,Economy,10273.0,INR,,,,,AVAILABLE,,serpapi_google_flights,,2026-09-10 00:16:04.864682,1,nonstop; dep 2026-09-25 10:45; key=key1
1096,BLR,DEL,2026-09-25,15,IndiGo,6E 6039,Economy,10273.0,INR,,,,,AVAILABLE,,serpapi_google_flights,,2026-09-10 00:16:04.864682,1,nonstop; dep 2026-09-25 17:00; key=key1
1097,BLR,DEL,2026-09-25,15,Air India,AI 2758,Economy,10279.0,INR,,,,,AVAILABLE,,serpapi_google_flights,,2026-09-10 00:16:04.864682,1,nonstop; dep 2026-09-25 00:15; key=key1
1098,BLR,DEL,2026-09-25,15,Air India,AI 2418,Economy,10289.0,INR,,,,,AVAILABLE,,serpapi_google_flights,,2026-09-10 00:16:04.864682,1,nonstop; dep 2026-09-25 16:30; key=key1
1099,BLR,DEL,2026-09-25,15,Air India,AI 2820,Economy,10289.0,INR,,,,,AVAILABLE,,serpapi_google_flights,,2026-09-10 00:16:04.864682,1,nonstop; dep 2026-09-25 17:25; key=key1
1100,BLR,DEL,2026-09-25,15,Air India,AI 2802,Economy,10289.0,INR,,,,,AVAILABLE,,serpapi_google_flights,,2026-09-10 00:16:04.864682,1,nonstop; dep 2026-09-25 18:20; key=key1
1101,BLR,DEL,2026-09-25,15,Akasa Air,QP 1307,Economy,10329.0,INR,,,,,AVAILABLE,,serpapi_google_flights,,2026-09-10 00:16:04.864682,1,nonstop; dep 2026-09-25 17:20; key=key1
1102,BLR,DEL,2026-09-25,15,IndiGo,6E 844,Economy,10864.0,INR,,,,,AVAILABLE,,serpapi_google_flights,,2026-09-10 00:16:04.864682,1,nonstop; dep 2026-09-25 07:00; key=key1
1103,BLR,DEL,2026-09-25,15,IndiGo,6E 809,Economy,10864.0,INR,,,,,AVAILABLE,,serpapi_google_flights,,2026-09-10 00:16:04.864682,1,nonstop; dep 2026-09-25 12:00; key=key1
1104,BLR,DEL,2026-09-25,15,IndiGo,6E 6034,Economy,10864.0,INR,,,,,AVAILABLE,,serpapi_google_flights,,2026-09-10 00:16:04.864682,1,nonstop; dep 2026-09-25 18:15; key=key1
1105,BLR,DEL,2026-09-25,15,IndiGo,6E 817,Economy,10864.0,INR,,,,,AVAILABLE,,serpapi_google_flights,,2026-09-10 00:16:04.864682,1,nonstop; dep 2026-09-25 20:40; key=key1
1106,BLR,DEL,2026-09-25,15,Air India,AI 2654,Economy,11491.0,INR,,,,,AVAILABLE,,serpapi_google_flights,,2026-09-10 00:16:04.864682,1,nonstop; dep 2026-09-25 07:00; key=key1
1107,BLR,DEL,2026-09-25,15,Air India,AI 2665,Economy,11491.0,INR,,,,,AVAILABLE,,serpapi_google_flights,,2026-09-10 00:16:04.864682,1,nonstop; dep 2026-09-25 19:40; key=key1
1108,BLR,DEL,2026-09-25,15,IndiGo,6E 2313,Economy,11494.0,INR,,,,,AVAILABLE,,serpapi_google_flights,,2026-09-10 00:16:04.864682,1,nonstop; dep 2026-09-25 23:30; key=key1
1109,BLR,DEL,2026-09-25,15,Air India,AI 2818,Economy,11680.0,INR,,,,,AVAILABLE,,serpapi_google_flights,,2026-09-10 00:16:04.864682,1,nonstop; dep 2026-09-25 20:00; key=key1
1110,BLR,DEL,2026-09-25,15,IndiGo,6E 870,Economy,12168.0,INR,,,,,AVAILABLE,,serpapi_google_flights,,2026-09-10 00:16:04.864682,1,nonstop; dep 2026-09-25 19:30; key=key1
1111,BLR,DEL,2026-09-25,15,IndiGo,6E 6406,Economy,12886.0,INR,,,,,AVAILABLE,,serpapi_google_flights,,2026-09-10 00:16:04.864682,1,nonstop; dep 2026-09-25 22:00; key=key1
1112,BLR,DEL,2026-09-25,15,Air India,AI 2488,Economy,15907.0,INR,,,,,AVAILABLE,,serpapi_google_flights,,2026-09-10 00:16:04.864682,1,nonstop; dep 2026-09-25 22:30; key=key1
1113,BLR,DEL,2026-10-10,30,Air India,AI 2804,Economy,10872.0,INR,,,,,AVAILABLE,,serpapi_google_flights,,2026-09-10 00:16:04.999149,1,nonstop; dep 2026-10-10 10:00; key=key1
1114,BLR,DEL,2026-10-10,30,Air India,AI 2665,Economy,11654.0,INR,,,,,AVAILABLE,,serpapi_google_flights,,2026-09-10 00:16:04.999149,1,nonstop; dep 2026-10-10 19:40; key=key1
1115,BLR,DEL,2026-10-10,30,Air India,AI 2814,Economy,11654.0,INR,,,,,AVAILABLE,,serpapi_google_flights,,2026-09-10 00:16:04.999149,1,nonstop; dep 2026-10-10 22:00; key=key1
1116,BLR,DEL,2026-10-10,30,Air India,AI 2488,Economy,11654.0,INR,,,,,AVAILABLE,,serpapi_google_flights,,2026-09-10 00:16:04.999149,1,nonstop; dep 2026-10-10 22:30; key=key1
1117,BLR,DEL,2026-10-10,30,Air India,AI 2818,Economy,11854.0,INR,,,,,AVAILABLE,,serpapi_google_flights,,2026-09-10 00:16:04.999149,1,nonstop; dep 2026-10-10 20:00; key=key1
1118,BLR,DEL,2026-10-10,30,Air India,AI 2486,Economy,11953.0,INR,,,,,AVAILABLE,,serpapi_google_flights,,2026-09-10 00:16:04.999149,1,nonstop; dep 2026-10-10 14:00; key=key1
1119,BLR,DEL,2026-10-10,30,Air India,AI 428,Economy,11953.0,INR,,,,,AVAILABLE,,serpapi_google_flights,,2026-09-10 00:16:04.999149,1,nonstop; dep 2026-10-10 15:30; key=key1
1120,BLR,DEL,2026-10-10,30,Air India,AI 2418,Economy,11953.0,INR,,,,,AVAILABLE,,serpapi_google_flights,,2026-09-10 00:16:04.999149,1,nonstop; dep 2026-10-10 16:30; key=key1
1121,BLR,DEL,2026-10-10,30,Air India,AI 2802,Economy,11953.0,INR,,,,,AVAILABLE,,serpapi_google_flights,,2026-09-10 00:16:04.999149,1,nonstop; dep 2026-10-10 18:20; key=key1
1122,BLR,DEL,2026-10-10,30,Air India,AI 2406,Economy,12153.0,INR,,,,,AVAILABLE,,serpapi_google_flights,,2026-09-10 00:16:04.999149,1,nonstop; dep 2026-10-10 11:00; key=key1
1123,BLR,DEL,2026-10-10,30,Air India,AI 2511,Economy,12153.0,INR,,,,,AVAILABLE,,serpapi_google_flights,,2026-09-10 00:16:04.999149,1,nonstop; dep 2026-10-10 15:00; key=key1
1124,BLR,DEL,2026-10-10,30,IndiGo,6E 6406,Economy,12168.0,INR,,,,,AVAILABLE,,serpapi_google_flights,,2026-09-10 00:16:04.999149,1,nonstop; dep 2026-10-10 22:00; key=key1
1125,BLR,DEL,2026-10-10,30,Air India,AI 2868,Economy,12352.0,INR,,,,,AVAILABLE,,serpapi_google_flights,,2026-09-10 00:16:04.999149,1,nonstop; dep 2026-10-10 09:00; key=key1
1126,BLR,DEL,2026-10-10,30,Air India Express,IX 5976,Economy,12571.0,INR,,,,,AVAILABLE,,serpapi_google_flights,,2026-09-10 00:16:04.999149,1,nonstop; dep 2026-10-10 01:15; key=key1
1127,BLR,DEL,2026-10-10,30,Air India Express,IX 1040,Economy,12571.0,INR,,,,,AVAILABLE,,serpapi_google_flights,,2026-09-10 00:16:04.999149,1,nonstop; dep 2026-10-10 17:35; key=key1
1128,BLR,DEL,2026-10-10,30,Air India,AI 2758,Economy,12862.0,INR,,,,,AVAILABLE,,serpapi_google_flights,,2026-09-10 00:16:04.999149,1,nonstop; dep 2026-10-10 00:15; key=key1
1129,BLR,DEL,2026-10-10,30,Air India,AI 2414,Economy,12862.0,INR,,,,,AVAILABLE,,serpapi_google_flights,,2026-09-10 00:16:04.999149,1,nonstop; dep 2026-10-10 05:30; key=key1
1130,BLR,DEL,2026-10-10,30,IndiGo,6E 6034,Economy,12886.0,INR,,,,,AVAILABLE,,serpapi_google_flights,,2026-09-10 00:16:04.999149,1,nonstop; dep 2026-10-10 18:15; key=key1
1131,BLR,DEL,2026-10-10,30,IndiGo,6E 817,Economy,12886.0,INR,,,,,AVAILABLE,,serpapi_google_flights,,2026-09-10 00:16:04.999149,1,nonstop; dep 2026-10-10 20:40; key=key1
1132,BLR,DEL,2026-10-10,30,Akasa Air,QP 1823,Economy,13028.0,INR,,,,,AVAILABLE,,serpapi_google_flights,,2026-09-10 00:16:04.999149,1,nonstop; dep 2026-10-10 06:05; key=key1
1133,BLR,DEL,2026-10-10,30,Air India,AI 2654,Economy,13045.0,INR,,,,,AVAILABLE,,serpapi_google_flights,,2026-09-10 00:16:04.999149,1,nonstop; dep 2026-10-10 07:00; key=key1
1134,BLR,DEL,2026-10-10,30,Air India,AI 2820,Economy,13045.0,INR,,,,,AVAILABLE,,serpapi_google_flights,,2026-09-10 00:16:04.999149,1,nonstop; dep 2026-10-10 17:25; key=key1
1135,BLR,DEL,2026-10-10,30,Air India,AI 2810,Economy,13156.0,INR,,,,,AVAILABLE,,serpapi_google_flights,,2026-09-10 00:16:04.999149,1,nonstop; dep 2026-10-10 06:00; key=key1
1136,BLR,DEL,2026-10-10,30,Akasa Air,QP 1359,Economy,13510.0,INR,,,,,AVAILABLE,,serpapi_google_flights,,2026-09-10 00:16:04.999149,1,nonstop; dep 2026-10-10 05:00; key=key1
1137,BLR,DEL,2026-10-10,30,Air India Express,IX 2542,Economy,13571.0,INR,,,,,AVAILABLE,,serpapi_google_flights,,2026-09-10 00:16:04.999149,1,nonstop; dep 2026-10-10 06:40; key=key1
1138,BLR,DEL,2026-10-10,30,IndiGo,6E 804,Economy,13653.0,INR,,,,,AVAILABLE,,serpapi_google_flights,,2026-09-10 00:16:04.999149,1,nonstop; dep 2026-10-10 03:00; key=key1
1139,BLR,DEL,2026-10-10,30,Akasa Air,QP 1821,Economy,13755.0,INR,,,,,AVAILABLE,,serpapi_google_flights,,2026-09-10 00:16:04.999149,1,nonstop; dep 2026-10-10 13:05; key=key1
1140,BLR,DEL,2026-10-10,30,Akasa Air,QP 1811,Economy,14007.0,INR,,,,,AVAILABLE,,serpapi_google_flights,,2026-09-10 00:16:04.999149,1,nonstop; dep 2026-10-10 03:55; key=key1
1141,BLR,DEL,2026-10-10,30,IndiGo,6E 840,Economy,14472.0,INR,,,,,AVAILABLE,,serpapi_google_flights,,2026-09-10 00:16:04.999149,1,nonstop; dep 2026-10-10 13:55; key=key1
1142,BLR,DEL,2026-10-10,30,IndiGo,6E 870,Economy,14472.0,INR,,,,,AVAILABLE,,serpapi_google_flights,,2026-09-10 00:16:04.999149,1,nonstop; dep 2026-10-10 19:30; key=key1
1143,BLR,DEL,2026-10-10,30,IndiGo,6E 839,Economy,15346.0,INR,,,,,AVAILABLE,,serpapi_google_flights,,2026-09-10 00:16:04.999149,1,nonstop; dep 2026-10-10 01:00; key=key1
1144,BLR,DEL,2026-10-10,30,IndiGo,6E 860,Economy,15346.0,INR,,,,,AVAILABLE,,serpapi_google_flights,,2026-09-10 00:16:04.999149,1,nonstop; dep 2026-10-10 15:45; key=key1
1145,BLR,DEL,2026-10-10,30,IndiGo,6E 6039,Economy,15346.0,INR,,,,,AVAILABLE,,serpapi_google_flights,,2026-09-10 00:16:04.999149,1,nonstop; dep 2026-10-10 17:00; key=key1
1146,BLR,DEL,2026-10-10,30,IndiGo,6E 809,Economy,16278.0,INR,,,,,AVAILABLE,,serpapi_google_flights,,2026-09-10 00:16:04.999149,1,nonstop; dep 2026-10-10 12:00; key=key1
1147,BLR,DEL,2026-10-10,30,IndiGo,6E 869,Economy,16278.0,INR,,,,,AVAILABLE,,serpapi_google_flights,,2026-09-10 00:16:04.999149,1,nonstop; dep 2026-10-10 13:10; key=key1
1148,BLR,DEL,2026-10-10,30,IndiGo,6E 836,Economy,17273.0,INR,,,,,AVAILABLE,,serpapi_google_flights,,2026-09-10 00:16:04.999149,1,nonstop; dep 2026-10-10 05:05; key=key1
1149,BLR,DEL,2026-10-25,45,IndiGo,6E 849,Economy,9500.0,INR,,,,,AVAILABLE,,serpapi_google_flights,,2026-09-10 00:16:05.132559,1,nonstop; dep 2026-10-25 08:00; key=key1
1150,BLR,DEL,2026-10-25,45,SpiceJet,SG 619,Economy,9768.0,INR,,,,,AVAILABLE,,serpapi_google_flights,,2026-09-10 00:16:05.132559,1,nonstop; dep 2026-10-25 21:15; key=key1
1151,BLR,DEL,2026-10-25,45,Akasa Air,QP 1823,Economy,9798.0,INR,,,,,AVAILABLE,,serpapi_google_flights,,2026-09-10 00:16:05.132559,1,nonstop; dep 2026-10-25 06:10; key=key1
1152,BLR,DEL,2026-10-25,45,Air India,AI 2804,Economy,10305.0,INR,,,,,AVAILABLE,,serpapi_google_flights,,2026-09-10 00:16:05.132559,1,nonstop; dep 2026-10-25 10:00; key=key1
1153,BLR,DEL,2026-10-25,45,IndiGo,6E 2313,Economy,9500.0,INR,,,,,AVAILABLE,,serpapi_google_flights,,2026-09-10 00:16:05.132559,1,nonstop; dep 2026-10-25 00:30; key=key1
1154,BLR,DEL,2026-10-25,45,IndiGo,6E 804,Economy,9500.0,INR,,,,,AVAILABLE,,serpapi_google_flights,,2026-09-10 00:16:05.132559,1,nonstop; dep 2026-10-25 03:15; key=key1
1155,BLR,DEL,2026-10-25,45,IndiGo,6E 836,Economy,9500.0,INR,,,,,AVAILABLE,,serpapi_google_flights,,2026-09-10 00:16:05.132559,1,nonstop; dep 2026-10-25 05:45; key=key1
1156,BLR,DEL,2026-10-25,45,IndiGo,6E 844,Economy,9500.0,INR,,,,,AVAILABLE,,serpapi_google_flights,,2026-09-10 00:16:05.132559,1,nonstop; dep 2026-10-25 06:45; key=key1
1157,BLR,DEL,2026-10-25,45,IndiGo,6E 870,Economy,9500.0,INR,,,,,AVAILABLE,,serpapi_google_flights,,2026-09-10 00:16:05.132559,1,nonstop; dep 2026-10-25 19:30; key=key1
1158,BLR,DEL,2026-10-25,45,IndiGo,6E 817,Economy,9500.0,INR,,,,,AVAILABLE,,serpapi_google_flights,,2026-09-10 00:16:05.132559,1,nonstop; dep 2026-10-25 20:45; key=key1
1159,BLR,DEL,2026-10-25,45,IndiGo,6E 6406,Economy,9500.0,INR,,,,,AVAILABLE,,serpapi_google_flights,,2026-09-10 00:16:05.132559,1,nonstop; dep 2026-10-25 22:30; key=key1
1160,BLR,DEL,2026-10-25,45,Akasa Air,QP 1811,Economy,9798.0,INR,,,,,AVAILABLE,,serpapi_google_flights,,2026-09-10 00:16:05.132559,1,nonstop; dep 2026-10-25 04:00; key=key1
1161,BLR,DEL,2026-10-25,45,Akasa Air,QP 1301,Economy,9798.0,INR,,,,,AVAILABLE,,serpapi_google_flights,,2026-09-10 00:16:05.132559,1,nonstop; dep 2026-10-25 05:00; key=key1
1162,BLR,DEL,2026-10-25,45,IndiGo,6E 830,Economy,9802.0,INR,,,,,AVAILABLE,,serpapi_google_flights,,2026-09-10 00:16:05.132559,1,nonstop; dep 2026-10-25 09:30; key=key1
1163,BLR,DEL,2026-10-25,45,IndiGo,6E 2328,Economy,9802.0,INR,,,,,AVAILABLE,,serpapi_google_flights,,2026-09-10 00:16:05.132559,1,nonstop; dep 2026-10-25 10:45; key=key1
1164,BLR,DEL,2026-10-25,45,IndiGo,6E 860,Economy,9802.0,INR,,,,,AVAILABLE,,serpapi_google_flights,,2026-09-10 00:16:05.132559,1,nonstop; dep 2026-10-25 15:45; key=key1
1165,BLR,DEL,2026-10-25,45,IndiGo,6E 840,Economy,10139.0,INR,,,,,AVAILABLE,,serpapi_google_flights,,2026-09-10 00:16:05.132559,1,nonstop; dep 2026-10-25 14:30; key=key1
1166,BLR,DEL,2026-10-25,45,IndiGo,6E 6039,Economy,10139.0,INR,,,,,AVAILABLE,,serpapi_google_flights,,2026-09-10 00:16:05.132559,1,nonstop; dep 2026-10-25 17:00; key=key1
1167,BLR,DEL,2026-10-25,45,SpiceJet,SG 141,Economy,10278.0,INR,,,,,AVAILABLE,,serpapi_google_flights,,2026-09-10 00:16:05.132559,1,nonstop; dep 2026-10-25 06:05; key=key1
1168,BLR,DEL,2026-10-25,45,Air India,AI 2758,Economy,10305.0,INR,,,,,AVAILABLE,,serpapi_google_flights,,2026-09-10 00:16:05.132559,1,nonstop; dep 2026-10-25 00:15; key=key1
1169,BLR,DEL,2026-10-25,45,Air India,AI 2516,Economy,10305.0,INR,,,,,AVAILABLE,,serpapi_google_flights,,2026-09-10 00:16:05.132559,1,nonstop; dep 2026-10-25 05:00; key=key1
1170,BLR,DEL,2026-10-25,45,Air India,AI 2488,Economy,10305.0,INR,,,,,AVAILABLE,,serpapi_google_flights,,2026-09-10 00:16:05.132559,1,nonstop; dep 2026-10-25 22:00; key=key1
1171,BLR,DEL,2026-10-25,45,Air India,AI 2802,Economy,10567.0,INR,,,,,AVAILABLE,,serpapi_google_flights,,2026-09-10 00:16:05.132559,1,nonstop; dep 2026-10-25 21:00; key=key1
1172,BLR,DEL,2026-10-25,45,IndiGo,6E 6034,Economy,10650.0,INR,,,,,AVAILABLE,,serpapi_google_flights,,2026-09-10 00:16:05.132559,1,nonstop; dep 2026-10-25 18:15; key=key1
1173,BLR,DEL,2026-10-25,45,Air India,AI 2414,Economy,10729.0,INR,,,,,AVAILABLE,,serpapi_google_flights,,2026-09-10 00:16:05.132559,1,nonstop; dep 2026-10-25 05:30; key=key1
1174,BLR,DEL,2026-10-25,45,Air India,AI 2665,Economy,10729.0,INR,,,,,AVAILABLE,,serpapi_google_flights,,2026-09-10 00:16:05.132559,1,nonstop; dep 2026-10-25 19:40; key=key1
1175,BLR,DEL,2026-10-25,45,Air India,AI 2814,Economy,10729.0,INR,,,,,AVAILABLE,,serpapi_google_flights,,2026-09-10 00:16:05.132559,1,nonstop; dep 2026-10-25 22:00; key=key1
1176,BLR,DEL,2026-10-25,45,Air India,AI 2511,Economy,10735.0,INR,,,,,AVAILABLE,,serpapi_google_flights,,2026-09-10 00:16:05.132559,1,nonstop; dep 2026-10-25 16:00; key=key1
1177,BLR,DEL,2026-10-25,45,Air India,AI 2418,Economy,10735.0,INR,,,,,AVAILABLE,,serpapi_google_flights,,2026-09-10 00:16:05.132559,1,nonstop; dep 2026-10-25 17:00; key=key1
1178,BLR,DEL,2026-10-25,45,Air India,AI 2514,Economy,10788.0,INR,,,,,AVAILABLE,,serpapi_google_flights,,2026-09-10 00:16:05.132559,1,nonstop; dep 2026-10-25 18:00; key=key1
1179,BLR,DEL,2026-10-25,45,Akasa Air,QP 1828,Economy,10891.0,INR,,,,,AVAILABLE,,serpapi_google_flights,,2026-09-10 00:16:05.132559,1,nonstop; dep 2026-10-25 19:05; key=key1
1180,BLR,DEL,2026-10-25,45,Air India,AI 2818,Economy,10966.0,INR,,,,,AVAILABLE,,serpapi_google_flights,,2026-09-10 00:16:05.132559,1,nonstop; dep 2026-10-25 20:00; key=key1
1181,BLR,DEL,2026-10-25,45,Air India,AI 2808,Economy,11000.0,INR,,,,,AVAILABLE,,serpapi_google_flights,,2026-09-10 00:16:05.132559,1,nonstop; dep 2026-10-25 08:00; key=key1
1182,BLR,DEL,2026-10-25,45,Air India,AI 2406,Economy,11056.0,INR,,,,,AVAILABLE,,serpapi_google_flights,,2026-09-10 00:16:05.132559,1,nonstop; dep 2026-10-25 11:00; key=key1
1183,BLR,DEL,2026-10-25,45,Air India Express,IX 1040,Economy,11060.0,INR,,,,,AVAILABLE,,serpapi_google_flights,,2026-09-10 00:16:05.132559,1,nonstop; dep 2026-10-25 05:30; key=key1
1184,BLR,DEL,2026-10-25,45,Air India Express,IX 1524,Economy,11060.0,INR,,,,,AVAILABLE,,serpapi_google_flights,,2026-09-10 00:16:05.132559,1,nonstop; dep 2026-10-25 12:20; key=key1
1185,BLR,DEL,2026-10-25,45,Air India Express,IX 1260,Economy,11060.0,INR,,,,,AVAILABLE,,serpapi_google_flights,,2026-09-10 00:16:05.132559,1,nonstop; dep 2026-10-25 21:25; key=key1
1186,BLR,DEL,2026-10-25,45,IndiGo,6E 809,Economy,11192.0,INR,,,,,AVAILABLE,,serpapi_google_flights,,2026-09-10 00:16:05.132559,1,nonstop; dep 2026-10-25 12:00; key=key1
1187,BLR,DEL,2026-10-25,45,Air India,AI 2654,Economy,11218.0,INR,,,,,AVAILABLE,,serpapi_google_flights,,2026-09-10 00:16:05.132559,1,nonstop; dep 2026-10-25 07:00; key=key1
1188,BLR,DEL,2026-10-25,45,Air India,AI 2868,Economy,11470.0,INR,,,,,AVAILABLE,,serpapi_google_flights,,2026-09-10 00:16:05.132559,1,nonstop; dep 2026-10-25 08:05; key=key1
1189,BLR,DEL,2026-10-25,45,Air India,AI 2820,Economy,11685.0,INR,,,,,AVAILABLE,,serpapi_google_flights,,2026-09-10 00:16:05.132559,1,nonstop; dep 2026-10-25 18:05; key=key1
1190,BLR,DEL,2026-10-25,45,IndiGo,6E 869,Economy,11766.0,INR,,,,,AVAILABLE,,serpapi_google_flights,,2026-09-10 00:16:05.132559,1,nonstop; dep 2026-10-25 13:15; key=key1
1191,BLR,DEL,2026-10-25,45,Air India,AI 2486,Economy,12095.0,INR,,,,,AVAILABLE,,serpapi_google_flights,,2026-09-10 00:16:05.132559,1,nonstop; dep 2026-10-25 13:00; key=key1
1192,BLR,DEL,2026-10-25,45,Air India,AI 2810,Economy,12914.0,INR,,,,,AVAILABLE,,serpapi_google_flights,,2026-09-10 00:16:05.132559,1,nonstop; dep 2026-10-25 06:00; key=key1
1193,BLR,DEL,2026-10-25,45,SpiceJet,SG 722,Economy,16611.0,INR,,,,,AVAILABLE,,serpapi_google_flights,,2026-09-10 00:16:05.132559,1,nonstop; dep 2026-10-25 12:50; key=key1
1194,BLR,BOM,2026-09-11,1,Akasa Air,QP 1515,Economy,10429.0,INR,,,,,AVAILABLE,,serpapi_google_flights,,2026-09-10 00:16:05.263640,1,nonstop; dep 2026-09-11 06:20; key=key1
1195,BLR,BOM,2026-09-11,1,IndiGo,6E 5089,Economy,10464.0,INR,,,,,AVAILABLE,,serpapi_google_flights,,2026-09-10 00:16:05.263640,1,nonstop; dep 2026-09-11 05:30; key=key1
1196,BLR,BOM,2026-09-11,1,Air India,AI 2630,Economy,10706.0,INR,,,,,AVAILABLE,,serpapi_google_flights,,2026-09-10 00:16:05.263640,1,nonstop; dep 2026-09-11 12:05; key=key1
1197,BLR,BOM,2026-09-11,1,IndiGo,6E 5216,Economy,11182.0,INR,,,,,AVAILABLE,,serpapi_google_flights,,2026-09-10 00:16:05.263640,1,nonstop; dep 2026-09-11 07:25; key=key1
1198,BLR,BOM,2026-09-11,1,IndiGo,6E 5237,Economy,11182.0,INR,,,,,AVAILABLE,,serpapi_google_flights,,2026-09-10 00:16:05.263640,1,nonstop; dep 2026-09-11 10:15; key=key1
1199,BLR,BOM,2026-09-11,1,IndiGo,6E 5069,Economy,11182.0,INR,,,,,AVAILABLE,,serpapi_google_flights,,2026-09-10 00:16:05.263640,1,nonstop; dep 2026-09-11 11:30; key=key1
1200,BLR,BOM,2026-09-11,1,IndiGo,6E 5205,Economy,11409.0,INR,,,,,AVAILABLE,,serpapi_google_flights,,2026-09-10 00:16:05.263640,1,nonstop; dep 2026-09-11 03:45; key=key1
1201,BLR,BOM,2026-09-11,1,Akasa Air,QP 1528,Economy,11760.0,INR,,,,,AVAILABLE,,serpapi_google_flights,,2026-09-10 00:16:05.263640,1,nonstop; dep 2026-09-11 10:20; key=key1
1202,BLR,BOM,2026-09-11,1,IndiGo,6E 5218,Economy,11917.0,INR,,,,,AVAILABLE,,serpapi_google_flights,,2026-09-10 00:16:05.263640,1,nonstop; dep 2026-09-11 13:00; key=key1
1203,BLR,BOM,2026-09-11,1,IndiGo,6E 5351,Economy,11917.0,INR,,,,,AVAILABLE,,serpapi_google_flights,,2026-09-10 00:16:05.263640,1,nonstop; dep 2026-09-11 14:20; key=key1
1204,BLR,BOM,2026-09-11,1,Akasa Air,QP 1381,Economy,12247.0,INR,,,,,AVAILABLE,,serpapi_google_flights,,2026-09-10 00:16:05.263640,1,nonstop; dep 2026-09-11 04:50; key=key1
1205,BLR,BOM,2026-09-11,1,Akasa Air,QP 1517,Economy,12247.0,INR,,,,,AVAILABLE,,serpapi_google_flights,,2026-09-10 00:16:05.263640,1,nonstop; dep 2026-09-11 07:40; key=key1
1206,BLR,BOM,2026-09-11,1,IndiGo,6E 5293,Economy,12354.0,INR,,,,,AVAILABLE,,serpapi_google_flights,,2026-09-10 00:16:05.263640,1,nonstop; dep 2026-09-11 01:00; key=key1
1207,BLR,BOM,2026-09-11,1,Air India,AI 2852,Economy,12633.0,INR,,,,,AVAILABLE,,serpapi_google_flights,,2026-09-10 00:16:05.263640,1,nonstop; dep 2026-09-11 10:30; key=key1
1208,BLR,BOM,2026-09-11,1,IndiGo,6E 5051,Economy,12652.0,INR,,,,,AVAILABLE,,serpapi_google_flights,,2026-09-10 00:16:05.263640,1,nonstop; dep 2026-09-11 08:30; key=key1
1209,BLR,BOM,2026-09-11,1,Air India,AI 2811,Economy,13190.0,INR,,,,,AVAILABLE,,serpapi_google_flights,,2026-09-10 00:16:05.263640,1,nonstop; dep 2026-09-11 23:40; key=key1
1210,BLR,BOM,2026-09-11,1,Air India,AI 2858,Economy,14297.0,INR,,,,,AVAILABLE,,serpapi_google_flights,,2026-09-10 00:16:05.263640,1,nonstop; dep 2026-09-11 02:20; key=key1
1211,BLR,BOM,2026-09-11,1,Air India,AI 2402,Economy,14297.0,INR,,,,,AVAILABLE,,serpapi_google_flights,,2026-09-10 00:16:05.263640,1,nonstop; dep 2026-09-11 06:35; key=key1
1212,BLR,BOM,2026-09-11,1,Air India,AI 2604,Economy,14560.0,INR,,,,,AVAILABLE,,serpapi_google_flights,,2026-09-10 00:16:05.263640,1,nonstop; dep 2026-09-11 09:15; key=key1
1213,BLR,BOM,2026-09-11,1,IndiGo,6E 5031,Economy,15382.0,INR,,,,,AVAILABLE,,serpapi_google_flights,,2026-09-10 00:16:05.263640,1,nonstop; dep 2026-09-11 16:00; key=key1
1214,BLR,BOM,2026-09-11,1,IndiGo,6E 5255,Economy,15382.0,INR,,,,,AVAILABLE,,serpapi_google_flights,,2026-09-10 00:16:05.263640,1,nonstop; dep 2026-09-11 17:25; key=key1
1215,BLR,BOM,2026-09-11,1,Air India,AI 2840,Economy,16760.0,INR,,,,,AVAILABLE,,serpapi_google_flights,,2026-09-10 00:16:05.263640,1,nonstop; dep 2026-09-11 22:30; key=key1
1216,BLR,BOM,2026-09-11,1,Akasa Air,QP 1134,Economy,17750.0,INR,,,,,AVAILABLE,,serpapi_google_flights,,2026-09-10 00:16:05.263640,1,nonstop; dep 2026-09-11 22:55; key=key1
1217,BLR,BOM,2026-09-11,1,IndiGo,6E 5094,Economy,18112.0,INR,,,,,AVAILABLE,,serpapi_google_flights,,2026-09-10 00:16:05.263640,1,nonstop; dep 2026-09-11 22:20; key=key1
1218,BLR,BOM,2026-09-11,1,Air India,AI 2642,Economy,19878.0,INR,,,,,AVAILABLE,,serpapi_google_flights,,2026-09-10 00:16:05.263640,1,nonstop; dep 2026-09-11 21:30; key=key1
1219,BLR,BOM,2026-09-11,1,Air India,AI 2850,Economy,20235.0,INR,,,,,AVAILABLE,,serpapi_google_flights,,2026-09-10 00:16:05.263640,1,nonstop; dep 2026-09-11 20:30; key=key1
1220,BLR,BOM,2026-09-11,1,Air India,AI 2854,Economy,20414.0,INR,,,,,AVAILABLE,,serpapi_google_flights,,2026-09-10 00:16:05.263640,1,nonstop; dep 2026-09-11 18:05; key=key1
1221,BLR,BOM,2026-09-11,1,Air India,AI 2610,Economy,26834.0,INR,,,,,AVAILABLE,,serpapi_google_flights,,2026-09-10 00:16:05.263640,1,nonstop; dep 2026-09-11 19:00; key=key1
1222,BLR,BOM,2026-09-17,7,IndiGo,6E 5089,Economy,6054.0,INR,,,,,AVAILABLE,,serpapi_google_flights,,2026-09-10 00:16:05.394588,1,nonstop; dep 2026-09-17 05:30; key=key1
1223,BLR,BOM,2026-09-17,7,Air India,AI 2858,Economy,6128.0,INR,,,,,AVAILABLE,,serpapi_google_flights,,2026-09-10 00:16:05.394588,1,nonstop; dep 2026-09-17 02:20; key=key1
1224,BLR,BOM,2026-09-17,7,Akasa Air,QP 1515,Economy,6337.0,INR,,,,,AVAILABLE,,serpapi_google_flights,,2026-09-10 00:16:05.394588,1,nonstop; dep 2026-09-17 06:20; key=key1
1225,BLR,BOM,2026-09-17,7,IndiGo,6E 5293,Economy,6054.0,INR,,,,,AVAILABLE,,serpapi_google_flights,,2026-09-10 00:16:05.394588,1,nonstop; dep 2026-09-17 01:00; key=key1
1226,BLR,BOM,2026-09-17,7,Air India,AI 2811,Economy,6491.0,INR,,,,,AVAILABLE,,serpapi_google_flights,,2026-09-10 00:16:05.394588,1,nonstop; dep 2026-09-17 23:40; key=key1
1227,BLR,BOM,2026-09-17,7,IndiGo,6E 5205,Economy,6684.0,INR,,,,,AVAILABLE,,serpapi_google_flights,,2026-09-10 00:16:05.394588,1,nonstop; dep 2026-09-17 03:45; key=key1
1228,BLR,BOM,2026-09-17,7,Akasa Air,QP 1150,Economy,6823.0,INR,,,,,AVAILABLE,,serpapi_google_flights,,2026-09-10 00:16:05.394588,1,nonstop; dep 2026-09-17 16:05; key=key1
1229,BLR,BOM,2026-09-17,7,Akasa Air,QP 1986,Economy,6823.0,INR,,,,,AVAILABLE,,serpapi_google_flights,,2026-09-10 00:16:05.394588,1,nonstop; dep 2026-09-17 17:45; key=key1
1230,BLR,BOM,2026-09-17,7,IndiGo,6E 5351,Economy,6877.0,INR,,,,,AVAILABLE,,serpapi_google_flights,,2026-09-10 00:16:05.394588,1,nonstop; dep 2026-09-17 14:20; key=key1
1231,BLR,BOM,2026-09-17,7,IndiGo,6E 5031,Economy,6877.0,INR,,,,,AVAILABLE,,serpapi_google_flights,,2026-09-10 00:16:05.394588,1,nonstop; dep 2026-09-17 16:00; key=key1
1232,BLR,BOM,2026-09-17,7,IndiGo,6E 5255,Economy,6877.0,INR,,,,,AVAILABLE,,serpapi_google_flights,,2026-09-10 00:16:05.394588,1,nonstop; dep 2026-09-17 17:25; key=key1
1233,BLR,BOM,2026-09-17,7,IndiGo,6E 6283,Economy,6877.0,INR,,,,,AVAILABLE,,serpapi_google_flights,,2026-09-10 00:16:05.394588,1,nonstop; dep 2026-09-17 19:05; key=key1
1234,BLR,BOM,2026-09-17,7,Air India,AI 2852,Economy,7037.0,INR,,,,,AVAILABLE,,serpapi_google_flights,,2026-09-10 00:16:05.394588,1,nonstop; dep 2026-09-17 10:30; key=key1
1235,BLR,BOM,2026-09-17,7,Akasa Air,QP 1381,Economy,7082.0,INR,,,,,AVAILABLE,,serpapi_google_flights,,2026-09-10 00:16:05.394588,1,nonstop; dep 2026-09-17 04:50; key=key1
1236,BLR,BOM,2026-09-17,7,Air India,AI 2630,Economy,7152.0,INR,,,,,AVAILABLE,,serpapi_google_flights,,2026-09-10 00:16:05.394588,1,nonstop; dep 2026-09-17 12:05; key=key1
1237,BLR,BOM,2026-09-17,7,IndiGo,6E 5237,Economy,7192.0,INR,,,,,AVAILABLE,,serpapi_google_flights,,2026-09-10 00:16:05.394588,1,nonstop; dep 2026-09-17 10:15; key=key1
1238,BLR,BOM,2026-09-17,7,IndiGo,6E 5094,Economy,7192.0,INR,,,,,AVAILABLE,,serpapi_google_flights,,2026-09-10 00:16:05.394588,1,nonstop; dep 2026-09-17 22:20; key=key1
1239,BLR,BOM,2026-09-17,7,Air India,AI 2854,Economy,7262.0,INR,,,,,AVAILABLE,,serpapi_google_flights,,2026-09-10 00:16:05.394588,1,nonstop; dep 2026-09-17 18:05; key=key1
1240,BLR,BOM,2026-09-17,7,Air India,AI 2840,Economy,7331.0,INR,,,,,AVAILABLE,,serpapi_google_flights,,2026-09-10 00:16:05.394588,1,nonstop; dep 2026-09-17 22:30; key=key1
1241,BLR,BOM,2026-09-17,7,Akasa Air,QP 1383,Economy,7352.0,INR,,,,,AVAILABLE,,serpapi_google_flights,,2026-09-10 00:16:05.394588,1,nonstop; dep 2026-09-17 05:25; key=key1
1242,BLR,BOM,2026-09-17,7,Air India,AI 2610,Economy,7378.0,INR,,,,,AVAILABLE,,serpapi_google_flights,,2026-09-10 00:16:05.394588,1,nonstop; dep 2026-09-17 19:00; key=key1
1243,BLR,BOM,2026-09-17,7,IndiGo,6E 5218,Economy,7507.0,INR,,,,,AVAILABLE,,serpapi_google_flights,,2026-09-10 00:16:05.394588,1,nonstop; dep 2026-09-17 13:00; key=key1
1244,BLR,BOM,2026-09-17,7,IndiGo,6E 5376,Economy,7507.0,INR,,,,,AVAILABLE,,serpapi_google_flights,,2026-09-10 00:16:05.394588,1,nonstop; dep 2026-09-17 20:15; key=key1
1245,BLR,BOM,2026-09-17,7,IndiGo,6E 5069,Economy,7927.0,INR,,,,,AVAILABLE,,serpapi_google_flights,,2026-09-10 00:16:05.394588,1,nonstop; dep 2026-09-17 11:30; key=key1
1246,BLR,BOM,2026-09-17,7,Akasa Air,QP 1528,Economy,7933.0,INR,,,,,AVAILABLE,,serpapi_google_flights,,2026-09-10 00:16:05.394588,1,nonstop; dep 2026-09-17 10:20; key=key1
1247,BLR,BOM,2026-09-17,7,Air India,AI 2850,Economy,8050.0,INR,,,,,AVAILABLE,,serpapi_google_flights,,2026-09-10 00:16:05.394588,1,nonstop; dep 2026-09-17 20:30; key=key1
1248,BLR,BOM,2026-09-17,7,Air India,AI 2604,Economy,8223.0,INR,,,,,AVAILABLE,,serpapi_google_flights,,2026-09-10 00:16:05.394588,1,nonstop; dep 2026-09-17 09:15; key=key1
1249,BLR,BOM,2026-09-17,7,Air India,AI 2642,Economy,8223.0,INR,,,,,AVAILABLE,,serpapi_google_flights,,2026-09-10 00:16:05.394588,1,nonstop; dep 2026-09-17 21:30; key=key1
1250,BLR,BOM,2026-09-17,7,Akasa Air,QP 1134,Economy,8245.0,INR,,,,,AVAILABLE,,serpapi_google_flights,,2026-09-10 00:16:05.394588,1,nonstop; dep 2026-09-17 22:55; key=key1
1251,BLR,BOM,2026-09-17,7,IndiGo,6E 5216,Economy,8347.0,INR,,,,,AVAILABLE,,serpapi_google_flights,,2026-09-10 00:16:05.394588,1,nonstop; dep 2026-09-17 07:25; key=key1
1252,BLR,BOM,2026-09-17,7,IndiGo,6E 5051,Economy,8347.0,INR,,,,,AVAILABLE,,serpapi_google_flights,,2026-09-10 00:16:05.394588,1,nonstop; dep 2026-09-17 08:30; key=key1
1253,BLR,BOM,2026-09-17,7,Akasa Air,QP 1517,Economy,10022.0,INR,,,,,AVAILABLE,,serpapi_google_flights,,2026-09-10 00:16:05.394588,1,nonstop; dep 2026-09-17 07:40; key=key1
1254,BLR,BOM,2026-09-17,7,Air India,AI 2402,Economy,10517.0,INR,,,,,AVAILABLE,,serpapi_google_flights,,2026-09-10 00:16:05.394588,1,nonstop; dep 2026-09-17 06:35; key=key1
1255,BLR,BOM,2026-09-25,15,Air India Express,IX 5986,Economy,4364.0,INR,,,,,AVAILABLE,,serpapi_google_flights,,2026-09-10 00:16:05.527104,1,nonstop; dep 2026-09-25 02:45; key=key1
1256,BLR,BOM,2026-09-25,15,IndiGo,6E 5089,Economy,4584.0,INR,,,,,AVAILABLE,,serpapi_google_flights,,2026-09-10 00:16:05.527104,1,nonstop; dep 2026-09-25 05:30; key=key1
1257,BLR,BOM,2026-09-25,15,Air India,AI 2858,Economy,4585.0,INR,,,,,AVAILABLE,,serpapi_google_flights,,2026-09-10 00:16:05.527104,1,nonstop; dep 2026-09-25 02:20; key=key1
1258,BLR,BOM,2026-09-25,15,Akasa Air,QP 1517,Economy,4944.0,INR,,,,,AVAILABLE,,serpapi_google_flights,,2026-09-10 00:16:05.527104,1,nonstop; dep 2026-09-25 07:40; key=key1
1259,BLR,BOM,2026-09-25,15,IndiGo,6E 5205,Economy,4584.0,INR,,,,,AVAILABLE,,serpapi_google_flights,,2026-09-10 00:16:05.527104,1,nonstop; dep 2026-09-25 03:45; key=key1
1260,BLR,BOM,2026-09-25,15,Akasa Air,QP 1381,Economy,4944.0,INR,,,,,AVAILABLE,,serpapi_google_flights,,2026-09-10 00:16:05.527104,1,nonstop; dep 2026-09-25 04:50; key=key1
1261,BLR,BOM,2026-09-25,15,IndiGo,6E 5293,Economy,5004.0,INR,,,,,AVAILABLE,,serpapi_google_flights,,2026-09-10 00:16:05.527104,1,nonstop; dep 2026-09-25 01:00; key=key1
1262,BLR,BOM,2026-09-25,15,Air India,AI 2811,Economy,5997.0,INR,,,,,AVAILABLE,,serpapi_google_flights,,2026-09-10 00:16:05.527104,1,nonstop; dep 2026-09-25 23:40; key=key1
1263,BLR,BOM,2026-09-25,15,Akasa Air,QP 1515,Economy,6575.0,INR,,,,,AVAILABLE,,serpapi_google_flights,,2026-09-10 00:16:05.527104,1,nonstop; dep 2026-09-25 06:20; key=key1
1264,BLR,BOM,2026-09-25,15,Akasa Air,QP 1134,Economy,6823.0,INR,,,,,AVAILABLE,,serpapi_google_flights,,2026-09-10 00:16:05.527104,1,nonstop; dep 2026-09-25 22:55; key=key1
1265,BLR,BOM,2026-09-25,15,IndiGo,6E 5216,Economy,6877.0,INR,,,,,AVAILABLE,,serpapi_google_flights,,2026-09-10 00:16:05.527104,1,nonstop; dep 2026-09-25 07:25; key=key1
1266,BLR,BOM,2026-09-25,15,IndiGo,6E 5051,Economy,6877.0,INR,,,,,AVAILABLE,,serpapi_google_flights,,2026-09-10 00:16:05.527104,1,nonstop; dep 2026-09-25 08:30; key=key1
1267,BLR,BOM,2026-09-25,15,IndiGo,6E 5094,Economy,6877.0,INR,,,,,AVAILABLE,,serpapi_google_flights,,2026-09-10 00:16:05.527104,1,nonstop; dep 2026-09-25 22:20; key=key1
1268,BLR,BOM,2026-09-25,15,Air India,AI 2402,Economy,7037.0,INR,,,,,AVAILABLE,,serpapi_google_flights,,2026-09-10 00:16:05.527104,1,nonstop; dep 2026-09-25 06:35; key=key1
1269,BLR,BOM,2026-09-25,15,Akasa Air,QP 1528,Economy,7082.0,INR,,,,,AVAILABLE,,serpapi_google_flights,,2026-09-10 00:16:05.527104,1,nonstop; dep 2026-09-25 10:20; key=key1
1270,BLR,BOM,2026-09-25,15,Air India,AI 2840,Economy,7331.0,INR,,,,,AVAILABLE,,serpapi_google_flights,,2026-09-10 00:16:05.527104,1,nonstop; dep 2026-09-25 22:30; key=key1
1271,BLR,BOM,2026-09-25,15,IndiGo,6E 5237,Economy,7507.0,INR,,,,,AVAILABLE,,serpapi_google_flights,,2026-09-10 00:16:05.527104,1,nonstop; dep 2026-09-25 10:15; key=key1
1272,BLR,BOM,2026-09-25,15,Air India,AI 2604,Economy,8223.0,INR,,,,,AVAILABLE,,serpapi_google_flights,,2026-09-10 00:16:05.527104,1,nonstop; dep 2026-09-25 09:15; key=key1
1273,BLR,BOM,2026-09-25,15,Air India,AI 2630,Economy,8223.0,INR,,,,,AVAILABLE,,serpapi_google_flights,,2026-09-10 00:16:05.527104,1,nonstop; dep 2026-09-25 12:05; key=key1
1274,BLR,BOM,2026-09-25,15,IndiGo,6E 5069,Economy,8347.0,INR,,,,,AVAILABLE,,serpapi_google_flights,,2026-09-10 00:16:05.527104,1,nonstop; dep 2026-09-25 11:30; key=key1
1275,BLR,BOM,2026-09-25,15,IndiGo,6E 5218,Economy,8347.0,INR,,,,,AVAILABLE,,serpapi_google_flights,,2026-09-10 00:16:05.527104,1,nonstop; dep 2026-09-25 13:00; key=key1
1276,BLR,BOM,2026-09-25,15,IndiGo,6E 5351,Economy,8347.0,INR,,,,,AVAILABLE,,serpapi_google_flights,,2026-09-10 00:16:05.527104,1,nonstop; dep 2026-09-25 14:20; key=key1
1277,BLR,BOM,2026-09-25,15,IndiGo,6E 5031,Economy,8347.0,INR,,,,,AVAILABLE,,serpapi_google_flights,,2026-09-10 00:16:05.527104,1,nonstop; dep 2026-09-25 16:00; key=key1
1278,BLR,BOM,2026-09-25,15,IndiGo,6E 6283,Economy,8347.0,INR,,,,,AVAILABLE,,serpapi_google_flights,,2026-09-10 00:16:05.527104,1,nonstop; dep 2026-09-25 19:05; key=key1
1279,BLR,BOM,2026-09-25,15,IndiGo,6E 5376,Economy,8347.0,INR,,,,,AVAILABLE,,serpapi_google_flights,,2026-09-10 00:16:05.527104,1,nonstop; dep 2026-09-25 20:15; key=key1
1280,BLR,BOM,2026-09-25,15,Air India,AI 2642,Economy,8354.0,INR,,,,,AVAILABLE,,serpapi_google_flights,,2026-09-10 00:16:05.527104,1,nonstop; dep 2026-09-25 21:30; key=key1
1281,BLR,BOM,2026-09-25,15,Air India,AI 2610,Economy,8491.0,INR,,,,,AVAILABLE,,serpapi_google_flights,,2026-09-10 00:16:05.527104,1,nonstop; dep 2026-09-25 19:00; key=key1
1282,BLR,BOM,2026-09-25,15,Air India,AI 2854,Economy,8559.0,INR,,,,,AVAILABLE,,serpapi_google_flights,,2026-09-10 00:16:05.527104,1,nonstop; dep 2026-09-25 18:05; key=key1
1283,BLR,BOM,2026-09-25,15,Air India,AI 2852,Economy,8648.0,INR,,,,,AVAILABLE,,serpapi_google_flights,,2026-09-10 00:16:05.527104,1,nonstop; dep 2026-09-25 10:30; key=key1
1284,BLR,BOM,2026-09-25,15,IndiGo,6E 5255,Economy,8872.0,INR,,,,,AVAILABLE,,serpapi_google_flights,,2026-09-10 00:16:05.527104,1,nonstop; dep 2026-09-25 17:25; key=key1
1285,BLR,BOM,2026-09-25,15,Air India,AI 2850,Economy,8937.0,INR,,,,,AVAILABLE,,serpapi_google_flights,,2026-09-10 00:16:05.527104,1,nonstop; dep 2026-09-25 20:30; key=key1
1286,BLR,BOM,2026-10-10,30,IndiGo,6E 5293,Economy,4584.0,INR,,,,,AVAILABLE,,serpapi_google_flights,,2026-09-10 00:16:05.651383,1,nonstop; dep 2026-10-10 01:00; key=key1
1287,BLR,BOM,2026-10-10,30,Air India,AI 2811,Economy,4742.0,INR,,,,,AVAILABLE,,serpapi_google_flights,,2026-09-10 00:16:05.651383,1,nonstop; dep 2026-10-10 23:40; key=key1
1288,BLR,BOM,2026-10-10,30,Air India,AI 2858,Economy,5005.0,INR,,,,,AVAILABLE,,serpapi_google_flights,,2026-09-10 00:16:05.651383,1,nonstop; dep 2026-10-10 02:20; key=key1
1289,BLR,BOM,2026-10-10,30,IndiGo,6E 5205,Economy,6054.0,INR,,,,,AVAILABLE,,serpapi_google_flights,,2026-09-10 00:16:05.651383,1,nonstop; dep 2026-10-10 03:45; key=key1
1290,BLR,BOM,2026-10-10,30,IndiGo,6E 5089,Economy,6684.0,INR,,,,,AVAILABLE,,serpapi_google_flights,,2026-09-10 00:16:05.651383,1,nonstop; dep 2026-10-10 05:30; key=key1
1291,BLR,BOM,2026-10-10,30,IndiGo,6E 5094,Economy,6877.0,INR,,,,,AVAILABLE,,serpapi_google_flights,,2026-09-10 00:16:05.651383,1,nonstop; dep 2026-10-10 22:20; key=key1
1292,BLR,BOM,2026-10-10,30,Air India,AI 2642,Economy,7037.0,INR,,,,,AVAILABLE,,serpapi_google_flights,,2026-09-10 00:16:05.651383,1,nonstop; dep 2026-10-10 21:30; key=key1
1293,BLR,BOM,2026-10-10,30,Akasa Air,QP 1134,Economy,7082.0,INR,,,,,AVAILABLE,,serpapi_google_flights,,2026-09-10 00:16:05.651383,1,nonstop; dep 2026-10-10 22:55; key=key1
1294,BLR,BOM,2026-10-10,30,IndiGo,6E 5255,Economy,7192.0,INR,,,,,AVAILABLE,,serpapi_google_flights,,2026-09-10 00:16:05.651383,1,nonstop; dep 2026-10-10 17:25; key=key1
1295,BLR,BOM,2026-10-10,30,IndiGo,6E 5376,Economy,7192.0,INR,,,,,AVAILABLE,,serpapi_google_flights,,2026-09-10 00:16:05.651383,1,nonstop; dep 2026-10-10 20:15; key=key1
1296,BLR,BOM,2026-10-10,30,Air India,AI 2840,Economy,7331.0,INR,,,,,AVAILABLE,,serpapi_google_flights,,2026-09-10 00:16:05.651383,1,nonstop; dep 2026-10-10 22:30; key=key1
1297,BLR,BOM,2026-10-10,30,Air India,AI 2850,Economy,7472.0,INR,,,,,AVAILABLE,,serpapi_google_flights,,2026-09-10 00:16:05.651383,1,nonstop; dep 2026-10-10 20:30; key=key1
1298,BLR,BOM,2026-10-10,30,IndiGo,6E 5216,Economy,7507.0,INR,,,,,AVAILABLE,,serpapi_google_flights,,2026-09-10 00:16:05.651383,1,nonstop; dep 2026-10-10 07:25; key=key1
1299,BLR,BOM,2026-10-10,30,IndiGo,6E 5051,Economy,7507.0,INR,,,,,AVAILABLE,,serpapi_google_flights,,2026-09-10 00:16:05.651383,1,nonstop; dep 2026-10-10 08:30; key=key1
1300,BLR,BOM,2026-10-10,30,IndiGo,6E 5069,Economy,7507.0,INR,,,,,AVAILABLE,,serpapi_google_flights,,2026-09-10 00:16:05.651383,1,nonstop; dep 2026-10-10 11:30; key=key1
1301,BLR,BOM,2026-10-10,30,IndiGo,6E 5218,Economy,7507.0,INR,,,,,AVAILABLE,,serpapi_google_flights,,2026-09-10 00:16:05.651383,1,nonstop; dep 2026-10-10 13:00; key=key1
1302,BLR,BOM,2026-10-10,30,IndiGo,6E 5031,Economy,7507.0,INR,,,,,AVAILABLE,,serpapi_google_flights,,2026-09-10 00:16:05.651383,1,nonstop; dep 2026-10-10 16:00; key=key1
1303,BLR,BOM,2026-10-10,30,IndiGo,6E 6283,Economy,7507.0,INR,,,,,AVAILABLE,,serpapi_google_flights,,2026-09-10 00:16:05.651383,1,nonstop; dep 2026-10-10 19:05; key=key1
1304,BLR,BOM,2026-10-10,30,Air India,AI 2610,Economy,7593.0,INR,,,,,AVAILABLE,,serpapi_google_flights,,2026-09-10 00:16:05.651383,1,nonstop; dep 2026-10-10 19:00; key=key1
1305,BLR,BOM,2026-10-10,30,Air India,AI 2402,Economy,7667.0,INR,,,,,AVAILABLE,,serpapi_google_flights,,2026-09-10 00:16:05.651383,1,nonstop; dep 2026-10-10 06:35; key=key1
1306,BLR,BOM,2026-10-10,30,Air India,AI 2630,Economy,7793.0,INR,,,,,AVAILABLE,,serpapi_google_flights,,2026-09-10 00:16:05.651383,1,nonstop; dep 2026-10-10 12:05; key=key1
1307,BLR,BOM,2026-10-10,30,Air India,AI 2852,Economy,7856.0,INR,,,,,AVAILABLE,,serpapi_google_flights,,2026-09-10 00:16:05.651383,1,nonstop; dep 2026-10-10 10:30; key=key1
1308,BLR,BOM,2026-10-10,30,Air India,AI 2854,Economy,7919.0,INR,,,,,AVAILABLE,,serpapi_google_flights,,2026-09-10 00:16:05.651383,1,nonstop; dep 2026-10-10 18:05; key=key1
1309,BLR,BOM,2026-10-10,30,IndiGo,6E 5237,Economy,7927.0,INR,,,,,AVAILABLE,,serpapi_google_flights,,2026-09-10 00:16:05.651383,1,nonstop; dep 2026-10-10 10:15; key=key1
1310,BLR,BOM,2026-10-10,30,IndiGo,6E 5351,Economy,8347.0,INR,,,,,AVAILABLE,,serpapi_google_flights,,2026-09-10 00:16:05.651383,1,nonstop; dep 2026-10-10 14:20; key=key1
1311,BLR,BOM,2026-10-10,30,Akasa Air,QP 1517,Economy,8568.0,INR,,,,,AVAILABLE,,serpapi_google_flights,,2026-09-10 00:16:05.651383,1,nonstop; dep 2026-10-10 05:00; key=key1
1312,BLR,BOM,2026-10-10,30,Air India,AI 2604,Economy,8648.0,INR,,,,,AVAILABLE,,serpapi_google_flights,,2026-09-10 00:16:05.651383,1,nonstop; dep 2026-10-10 09:15; key=key1
1313,BLR,BOM,2026-10-10,30,Akasa Air,QP 1515,Economy,8907.0,INR,,,,,AVAILABLE,,serpapi_google_flights,,2026-09-10 00:16:05.651383,1,nonstop; dep 2026-10-10 06:00; key=key1
1314,BLR,BOM,2026-10-25,45,IndiGo,6E 6189,Economy,6877.0,INR,,,,,AVAILABLE,,serpapi_google_flights,,2026-09-10 00:16:05.782917,1,nonstop; dep 2026-10-25 23:30; key=key1
1315,BLR,BOM,2026-10-25,45,SpiceJet,SG 269,Economy,6998.0,INR,,,,,AVAILABLE,,serpapi_google_flights,,2026-09-10 00:16:05.782917,1,nonstop; dep 2026-10-25 21:05; key=key1
1316,BLR,BOM,2026-10-25,45,Air India Express,IX 1548,Economy,7608.0,INR,,,,,AVAILABLE,,serpapi_google_flights,,2026-09-10 00:16:05.782917,1,nonstop; dep 2026-10-25 17:00; key=key1
1317,BLR,BOM,2026-10-25,45,Akasa Air,QP 1134,Economy,7933.0,INR,,,,,AVAILABLE,,serpapi_google_flights,,2026-09-10 00:16:05.782917,1,nonstop; dep 2026-10-25 21:45; key=key1
1318,BLR,BOM,2026-10-25,45,Air India,AI 2622,Economy,8160.0,INR,,,,,AVAILABLE,,serpapi_google_flights,,2026-09-10 00:16:05.782917,1,nonstop; dep 2026-10-25 16:30; key=key1
1319,BLR,BOM,2026-10-25,45,IndiGo,6E 5205,Economy,6877.0,INR,,,,,AVAILABLE,,serpapi_google_flights,,2026-09-10 00:16:05.782917,1,nonstop; dep 2026-10-25 03:20; key=key1
1320,BLR,BOM,2026-10-25,45,IndiGo,6E 5089,Economy,6877.0,INR,,,,,AVAILABLE,,serpapi_google_flights,,2026-09-10 00:16:05.782917,1,nonstop; dep 2026-10-25 04:45; key=key1
1321,BLR,BOM,2026-10-25,45,IndiGo,6E 5216,Economy,6877.0,INR,,,,,AVAILABLE,,serpapi_google_flights,,2026-09-10 00:16:05.782917,1,nonstop; dep 2026-10-25 07:00; key=key1
1322,BLR,BOM,2026-10-25,45,IndiGo,6E 5051,Economy,6877.0,INR,,,,,AVAILABLE,,serpapi_google_flights,,2026-09-10 00:16:05.782917,1,nonstop; dep 2026-10-25 08:30; key=key1
1323,BLR,BOM,2026-10-25,45,SpiceJet,SG 115,Economy,6998.0,INR,,,,,AVAILABLE,,serpapi_google_flights,,2026-09-10 00:16:05.782917,1,nonstop; dep 2026-10-25 07:30; key=key1
1324,BLR,BOM,2026-10-25,45,SpiceJet,SG 640,Economy,6998.0,INR,,,,,AVAILABLE,,serpapi_google_flights,,2026-09-10 00:16:05.782917,1,nonstop; dep 2026-10-25 08:30; key=key1
1325,BLR,BOM,2026-10-25,45,Air India,AI 2846,Economy,7262.0,INR,,,,,AVAILABLE,,serpapi_google_flights,,2026-09-10 00:16:05.782917,1,nonstop; dep 2026-10-25 08:30; key=key1
1326,BLR,BOM,2026-10-25,45,Akasa Air,QP 1335,Economy,7352.0,INR,,,,,AVAILABLE,,serpapi_google_flights,,2026-09-10 00:16:05.782917,1,nonstop; dep 2026-10-25 05:10; key=key1
1327,BLR,BOM,2026-10-25,45,Akasa Air,QP 1331,Economy,7352.0,INR,,,,,AVAILABLE,,serpapi_google_flights,,2026-09-10 00:16:05.782917,1,nonstop; dep 2026-10-25 06:00; key=key1
1328,BLR,BOM,2026-10-25,45,IndiGo,6E 5256,Economy,7507.0,INR,,,,,AVAILABLE,,serpapi_google_flights,,2026-09-10 00:16:05.782917,1,nonstop; dep 2026-10-25 09:55; key=key1
1329,BLR,BOM,2026-10-25,45,IndiGo,6E 5069,Economy,7507.0,INR,,,,,AVAILABLE,,serpapi_google_flights,,2026-09-10 00:16:05.782917,1,nonstop; dep 2026-10-25 12:15; key=key1
1330,BLR,BOM,2026-10-25,45,Air India,AI 2402,Economy,7714.0,INR,,,,,AVAILABLE,,serpapi_google_flights,,2026-09-10 00:16:05.782917,1,nonstop; dep 2026-10-25 07:15; key=key1
1331,BLR,BOM,2026-10-25,45,IndiGo,6E 5218,Economy,7927.0,INR,,,,,AVAILABLE,,serpapi_google_flights,,2026-09-10 00:16:05.782917,1,nonstop; dep 2026-10-25 13:40; key=key1
1332,BLR,BOM,2026-10-25,45,IndiGo,6E 5031,Economy,7927.0,INR,,,,,AVAILABLE,,serpapi_google_flights,,2026-09-10 00:16:05.782917,1,nonstop; dep 2026-10-25 16:15; key=key1
1333,BLR,BOM,2026-10-25,45,IndiGo,6E 5255,Economy,7927.0,INR,,,,,AVAILABLE,,serpapi_google_flights,,2026-09-10 00:16:05.782917,1,nonstop; dep 2026-10-25 17:35; key=key1
1334,BLR,BOM,2026-10-25,45,IndiGo,6E 5082,Economy,7927.0,INR,,,,,AVAILABLE,,serpapi_google_flights,,2026-09-10 00:16:05.782917,1,nonstop; dep 2026-10-25 19:00; key=key1
1335,BLR,BOM,2026-10-25,45,IndiGo,6E 5376,Economy,7927.0,INR,,,,,AVAILABLE,,serpapi_google_flights,,2026-09-10 00:16:05.782917,1,nonstop; dep 2026-10-25 20:15; key=key1
1336,BLR,BOM,2026-10-25,45,IndiGo,6E 5094,Economy,7927.0,INR,,,,,AVAILABLE,,serpapi_google_flights,,2026-09-10 00:16:05.782917,1,nonstop; dep 2026-10-25 22:00; key=key1
1337,BLR,BOM,2026-10-25,45,Air India,AI 2624,Economy,8160.0,INR,,,,,AVAILABLE,,serpapi_google_flights,,2026-09-10 00:16:05.782917,1,nonstop; dep 2026-10-25 13:30; key=key1
1338,BLR,BOM,2026-10-25,45,Air India,AI 2642,Economy,8160.0,INR,,,,,AVAILABLE,,serpapi_google_flights,,2026-09-10 00:16:05.782917,1,nonstop; dep 2026-10-25 21:45; key=key1
1339,BLR,BOM,2026-10-25,45,Air India,AI 2604,Economy,8302.0,INR,,,,,AVAILABLE,,serpapi_google_flights,,2026-09-10 00:16:05.782917,1,nonstop; dep 2026-10-25 09:00; key=key1
1340,BLR,BOM,2026-10-25,45,IndiGo,6E 5351,Economy,8347.0,INR,,,,,AVAILABLE,,serpapi_google_flights,,2026-09-10 00:16:05.782917,1,nonstop; dep 2026-10-25 15:00; key=key1
1341,BLR,BOM,2026-10-25,45,Air India,AI 2610,Economy,8507.0,INR,,,,,AVAILABLE,,serpapi_google_flights,,2026-09-10 00:16:05.782917,1,nonstop; dep 2026-10-25 19:00; key=key1
1342,BLR,BOM,2026-10-25,45,Air India,AI 2483,Economy,8643.0,INR,,,,,AVAILABLE,,serpapi_google_flights,,2026-09-10 00:16:05.782917,1,nonstop; dep 2026-10-25 14:45; key=key1
1343,BLR,BOM,2026-10-25,45,Air India,AI 2850,Economy,8790.0,INR,,,,,AVAILABLE,,serpapi_google_flights,,2026-09-10 00:16:05.782917,1,nonstop; dep 2026-10-25 20:15; key=key1
1344,BLR,BOM,2026-10-25,45,Air India,AI 2854,Economy,9158.0,INR,,,,,AVAILABLE,,serpapi_google_flights,,2026-09-10 00:16:05.782917,1,nonstop; dep 2026-10-25 15:30; key=key1
1345,BLR,BOM,2026-10-25,45,Air India,AI 2852,Economy,9310.0,INR,,,,,AVAILABLE,,serpapi_google_flights,,2026-09-10 00:16:05.782917,1,nonstop; dep 2026-10-25 10:20; key=key1
1346,BLR,BOM,2026-10-25,45,IndiGo,6E 6334,Economy,16642.0,INR,,,,,AVAILABLE,,serpapi_google_flights,,2026-09-10 00:16:05.782917,1,nonstop; dep 2026-10-25 01:00; key=key1
1347,DEL,HYD,2026-09-11,1,Air India,AI 2577,Economy,8711.0,INR,,,,,AVAILABLE,,serpapi_google_flights,,2026-09-10 00:16:08.599850,1,nonstop; dep 2026-09-11 02:00; key=key1
1348,DEL,HYD,2026-09-11,1,IndiGo,6E 884,Economy,8825.0,INR,,,,,AVAILABLE,,serpapi_google_flights,,2026-09-10 00:16:08.599850,1,nonstop; dep 2026-09-11 11:45; key=key1
1349,DEL,HYD,2026-09-11,1,Air India,AI 2449,Economy,8711.0,INR,,,,,AVAILABLE,,serpapi_google_flights,,2026-09-10 00:16:08.599850,1,nonstop; dep 2026-09-11 22:00; key=key1
1350,DEL,HYD,2026-09-11,1,Air India,AI 1706,Economy,8711.0,INR,,,,,AVAILABLE,,serpapi_google_flights,,2026-09-10 00:16:08.599850,1,nonstop; dep 2026-09-11 23:00; key=key1
1351,DEL,HYD,2026-09-11,1,IndiGo,6E 6282,Economy,8825.0,INR,,,,,AVAILABLE,,serpapi_google_flights,,2026-09-10 00:16:08.599850,1,nonstop; dep 2026-09-11 13:30; key=key1
1352,DEL,HYD,2026-09-11,1,IndiGo,6E 6212,Economy,8825.0,INR,,,,,AVAILABLE,,serpapi_google_flights,,2026-09-10 00:16:08.599850,1,nonstop; dep 2026-09-11 14:45; key=key1
1353,DEL,HYD,2026-09-11,1,IndiGo,6E 6217,Economy,8825.0,INR,,,,,AVAILABLE,,serpapi_google_flights,,2026-09-10 00:16:08.599850,1,nonstop; dep 2026-09-11 16:15; key=key1
1354,DEL,HYD,2026-09-11,1,IndiGo,6E 717,Economy,8825.0,INR,,,,,AVAILABLE,,serpapi_google_flights,,2026-09-10 00:16:08.599850,1,nonstop; dep 2026-09-11 17:55; key=key1
1355,DEL,HYD,2026-09-11,1,IndiGo,6E 882,Economy,8825.0,INR,,,,,AVAILABLE,,serpapi_google_flights,,2026-09-10 00:16:08.599850,1,nonstop; dep 2026-09-11 23:15; key=key1
1356,DEL,HYD,2026-09-11,1,Air India,AI 2542,Economy,8984.0,INR,,,,,AVAILABLE,,serpapi_google_flights,,2026-09-10 00:16:08.599850,1,nonstop; dep 2026-09-11 09:40; key=key1
1357,DEL,HYD,2026-09-11,1,Air India,AI 2859,Economy,8984.0,INR,,,,,AVAILABLE,,serpapi_google_flights,,2026-09-10 00:16:08.599850,1,nonstop; dep 2026-09-11 10:30; key=key1
1358,DEL,HYD,2026-09-11,1,Air India,AI 2899,Economy,8984.0,INR,,,,,AVAILABLE,,serpapi_google_flights,,2026-09-10 00:16:08.599850,1,nonstop; dep 2026-09-11 12:30; key=key1
1359,DEL,HYD,2026-09-11,1,Air India,AI 2465,Economy,8984.0,INR,,,,,AVAILABLE,,serpapi_google_flights,,2026-09-10 00:16:08.599850,1,nonstop; dep 2026-09-11 14:30; key=key1
1360,DEL,HYD,2026-09-11,1,Air India,AI 2519,Economy,8984.0,INR,,,,,AVAILABLE,,serpapi_google_flights,,2026-09-10 00:16:08.599850,1,nonstop; dep 2026-09-11 15:30; key=key1
1361,DEL,HYD,2026-09-11,1,Air India,AI 2879,Economy,8984.0,INR,,,,,AVAILABLE,,serpapi_google_flights,,2026-09-10 00:16:08.599850,1,nonstop; dep 2026-09-11 18:00; key=key1
1362,DEL,HYD,2026-09-11,1,Air India,AI 2871,Economy,8984.0,INR,,,,,AVAILABLE,,serpapi_google_flights,,2026-09-10 00:16:08.599850,1,nonstop; dep 2026-09-11 20:30; key=key1
1363,DEL,HYD,2026-09-11,1,IndiGo,6E 6293,Economy,9301.0,INR,,,,,AVAILABLE,,serpapi_google_flights,,2026-09-10 00:16:08.599850,1,nonstop; dep 2026-09-11 09:55; key=key1
1364,DEL,HYD,2026-09-11,1,IndiGo,6E 382,Economy,9301.0,INR,,,,,AVAILABLE,,serpapi_google_flights,,2026-09-10 00:16:08.599850,1,nonstop; dep 2026-09-11 21:00; key=key1
1365,DEL,HYD,2026-09-11,1,Akasa Air,QP 1409,Economy,9362.0,INR,,,,,AVAILABLE,,serpapi_google_flights,,2026-09-10 00:16:08.599850,1,nonstop; dep 2026-09-11 20:40; key=key1
1366,DEL,HYD,2026-09-11,1,Akasa Air,QP 1406,Economy,9527.0,INR,,,,,AVAILABLE,,serpapi_google_flights,,2026-09-10 00:16:08.599850,1,nonstop; dep 2026-09-11 14:10; key=key1
1367,DEL,HYD,2026-09-11,1,Air India,AI 1793,Economy,9971.0,INR,,,,,AVAILABLE,,serpapi_google_flights,,2026-09-10 00:16:08.599850,1,nonstop; dep 2026-09-11 06:00; key=key1
1368,DEL,HYD,2026-09-11,1,Air India,AI 1708,Economy,10139.0,INR,,,,,AVAILABLE,,serpapi_google_flights,,2026-09-10 00:16:08.599850,1,nonstop; dep 2026-09-11 19:30; key=key1
1369,DEL,HYD,2026-09-11,1,IndiGo,6E 6601,Economy,10346.0,INR,,,,,AVAILABLE,,serpapi_google_flights,,2026-09-10 00:16:08.599850,1,nonstop; dep 2026-09-11 19:45; key=key1
1370,DEL,HYD,2026-09-11,1,IndiGo,6E 203,Economy,10917.0,INR,,,,,AVAILABLE,,serpapi_google_flights,,2026-09-10 00:16:08.599850,1,nonstop; dep 2026-09-11 07:10; key=key1
1371,DEL,HYD,2026-09-11,1,IndiGo,6E 705,Economy,10917.0,INR,,,,,AVAILABLE,,serpapi_google_flights,,2026-09-10 00:16:08.599850,1,nonstop; dep 2026-09-11 08:30; key=key1
1372,DEL,HYD,2026-09-17,7,Akasa Air,QP 1406,Economy,8735.0,INR,,,,,AVAILABLE,,serpapi_google_flights,,2026-09-10 00:16:08.719633,1,nonstop; dep 2026-09-17 14:10; key=key1
1373,DEL,HYD,2026-09-17,7,IndiGo,6E 6282,Economy,8825.0,INR,,,,,AVAILABLE,,serpapi_google_flights,,2026-09-10 00:16:08.719633,1,nonstop; dep 2026-09-17 13:30; key=key1
1374,DEL,HYD,2026-09-17,7,Air India,AI 2465,Economy,8984.0,INR,,,,,AVAILABLE,,serpapi_google_flights,,2026-09-10 00:16:08.719633,1,nonstop; dep 2026-09-17 14:30; key=key1
1375,DEL,HYD,2026-09-17,7,Air India,AI 2577,Economy,8711.0,INR,,,,,AVAILABLE,,serpapi_google_flights,,2026-09-10 00:16:08.719633,1,nonstop; dep 2026-09-17 02:00; key=key1
1376,DEL,HYD,2026-09-17,7,Air India,AI 2449,Economy,8711.0,INR,,,,,AVAILABLE,,serpapi_google_flights,,2026-09-10 00:16:08.719633,1,nonstop; dep 2026-09-17 22:00; key=key1
1377,DEL,HYD,2026-09-17,7,Air India,AI 1706,Economy,8711.0,INR,,,,,AVAILABLE,,serpapi_google_flights,,2026-09-10 00:16:08.719633,1,nonstop; dep 2026-09-17 23:00; key=key1
1378,DEL,HYD,2026-09-17,7,IndiGo,6E 704,Economy,8825.0,INR,,,,,AVAILABLE,,serpapi_google_flights,,2026-09-10 00:16:08.719633,1,nonstop; dep 2026-09-17 02:25; key=key1
1379,DEL,HYD,2026-09-17,7,IndiGo,6E 6217,Economy,8825.0,INR,,,,,AVAILABLE,,serpapi_google_flights,,2026-09-10 00:16:08.719633,1,nonstop; dep 2026-09-17 16:15; key=key1
1380,DEL,HYD,2026-09-17,7,IndiGo,6E 717,Economy,8825.0,INR,,,,,AVAILABLE,,serpapi_google_flights,,2026-09-10 00:16:08.719633,1,nonstop; dep 2026-09-17 17:55; key=key1
1381,DEL,HYD,2026-09-17,7,IndiGo,6E 6601,Economy,8825.0,INR,,,,,AVAILABLE,,serpapi_google_flights,,2026-09-10 00:16:08.719633,1,nonstop; dep 2026-09-17 19:45; key=key1
1382,DEL,HYD,2026-09-17,7,IndiGo,6E 382,Economy,8825.0,INR,,,,,AVAILABLE,,serpapi_google_flights,,2026-09-10 00:16:08.719633,1,nonstop; dep 2026-09-17 21:00; key=key1
1383,DEL,HYD,2026-09-17,7,IndiGo,6E 882,Economy,8825.0,INR,,,,,AVAILABLE,,serpapi_google_flights,,2026-09-10 00:16:08.719633,1,nonstop; dep 2026-09-17 23:15; key=key1
1384,DEL,HYD,2026-09-17,7,Air India,AI 2519,Economy,8984.0,INR,,,,,AVAILABLE,,serpapi_google_flights,,2026-09-10 00:16:08.719633,1,nonstop; dep 2026-09-17 15:30; key=key1
1385,DEL,HYD,2026-09-17,7,Air India,AI 2879,Economy,8984.0,INR,,,,,AVAILABLE,,serpapi_google_flights,,2026-09-10 00:16:08.719633,1,nonstop; dep 2026-09-17 18:00; key=key1
1386,DEL,HYD,2026-09-17,7,Air India,AI 1708,Economy,8984.0,INR,,,,,AVAILABLE,,serpapi_google_flights,,2026-09-10 00:16:08.719633,1,nonstop; dep 2026-09-17 19:30; key=key1
1387,DEL,HYD,2026-09-17,7,Air India,AI 2871,Economy,8984.0,INR,,,,,AVAILABLE,,serpapi_google_flights,,2026-09-10 00:16:08.719633,1,nonstop; dep 2026-09-17 20:30; key=key1
1388,DEL,HYD,2026-09-17,7,IndiGo,6E 6293,Economy,9807.0,INR,,,,,AVAILABLE,,serpapi_google_flights,,2026-09-10 00:16:08.719633,1,nonstop; dep 2026-09-17 09:55; key=key1
1389,DEL,HYD,2026-09-17,7,IndiGo,6E 884,Economy,9807.0,INR,,,,,AVAILABLE,,serpapi_google_flights,,2026-09-10 00:16:08.719633,1,nonstop; dep 2026-09-17 11:45; key=key1
1390,DEL,HYD,2026-09-17,7,Air India,AI 2859,Economy,9966.0,INR,,,,,AVAILABLE,,serpapi_google_flights,,2026-09-10 00:16:08.719633,1,nonstop; dep 2026-09-17 10:30; key=key1
1391,DEL,HYD,2026-09-17,7,Air India,AI 2899,Economy,9966.0,INR,,,,,AVAILABLE,,serpapi_google_flights,,2026-09-10 00:16:08.719633,1,nonstop; dep 2026-09-17 12:30; key=key1
1392,DEL,HYD,2026-09-17,7,IndiGo,6E 203,Economy,10346.0,INR,,,,,AVAILABLE,,serpapi_google_flights,,2026-09-10 00:16:08.719633,1,nonstop; dep 2026-09-17 07:10; key=key1
1393,DEL,HYD,2026-09-17,7,Air India,AI 2542,Economy,10397.0,INR,,,,,AVAILABLE,,serpapi_google_flights,,2026-09-10 00:16:08.719633,1,nonstop; dep 2026-09-17 09:40; key=key1
1394,DEL,HYD,2026-09-17,7,Akasa Air,QP 1409,Economy,10401.0,INR,,,,,AVAILABLE,,serpapi_google_flights,,2026-09-10 00:16:08.719633,1,nonstop; dep 2026-09-17 20:40; key=key1
1395,DEL,HYD,2026-09-17,7,Air India,AI 1793,Economy,10481.0,INR,,,,,AVAILABLE,,serpapi_google_flights,,2026-09-10 00:16:08.719633,1,nonstop; dep 2026-09-17 06:00; key=key1
1396,DEL,HYD,2026-09-17,7,IndiGo,6E 705,Economy,10917.0,INR,,,,,AVAILABLE,,serpapi_google_flights,,2026-09-10 00:16:08.719633,1,nonstop; dep 2026-09-17 08:30; key=key1
1397,DEL,HYD,2026-09-25,15,Akasa Air,QP 1409,Economy,8440.0,INR,,,,,AVAILABLE,,serpapi_google_flights,,2026-09-10 00:16:08.853906,1,nonstop; dep 2026-09-25 20:40; key=key1
1398,DEL,HYD,2026-09-25,15,Air India,AI 1793,Economy,8711.0,INR,,,,,AVAILABLE,,serpapi_google_flights,,2026-09-10 00:16:08.853906,1,nonstop; dep 2026-09-25 06:00; key=key1
1399,DEL,HYD,2026-09-25,15,IndiGo,6E 203,Economy,8825.0,INR,,,,,AVAILABLE,,serpapi_google_flights,,2026-09-10 00:16:08.853906,1,nonstop; dep 2026-09-25 07:10; key=key1
1400,DEL,HYD,2026-09-25,15,Air India,AI 2577,Economy,8711.0,INR,,,,,AVAILABLE,,serpapi_google_flights,,2026-09-10 00:16:08.853906,1,nonstop; dep 2026-09-25 02:00; key=key1
1401,DEL,HYD,2026-09-25,15,Air India,AI 2449,Economy,8711.0,INR,,,,,AVAILABLE,,serpapi_google_flights,,2026-09-10 00:16:08.853906,1,nonstop; dep 2026-09-25 22:00; key=key1
1402,DEL,HYD,2026-09-25,15,Air India,AI 1706,Economy,8711.0,INR,,,,,AVAILABLE,,serpapi_google_flights,,2026-09-10 00:16:08.853906,1,nonstop; dep 2026-09-25 23:00; key=key1
1403,DEL,HYD,2026-09-25,15,IndiGo,6E 6282,Economy,8825.0,INR,,,,,AVAILABLE,,serpapi_google_flights,,2026-09-10 00:16:08.853906,1,nonstop; dep 2026-09-25 13:30; key=key1
1404,DEL,HYD,2026-09-25,15,IndiGo,6E 6212,Economy,8825.0,INR,,,,,AVAILABLE,,serpapi_google_flights,,2026-09-10 00:16:08.853906,1,nonstop; dep 2026-09-25 14:45; key=key1
1405,DEL,HYD,2026-09-25,15,IndiGo,6E 717,Economy,8825.0,INR,,,,,AVAILABLE,,serpapi_google_flights,,2026-09-10 00:16:08.853906,1,nonstop; dep 2026-09-25 17:55; key=key1
1406,DEL,HYD,2026-09-25,15,IndiGo,6E 6601,Economy,8825.0,INR,,,,,AVAILABLE,,serpapi_google_flights,,2026-09-10 00:16:08.853906,1,nonstop; dep 2026-09-25 19:45; key=key1
1407,DEL,HYD,2026-09-25,15,IndiGo,6E 382,Economy,8825.0,INR,,,,,AVAILABLE,,serpapi_google_flights,,2026-09-10 00:16:08.853906,1,nonstop; dep 2026-09-25 21:00; key=key1
1408,DEL,HYD,2026-09-25,15,IndiGo,6E 882,Economy,8825.0,INR,,,,,AVAILABLE,,serpapi_google_flights,,2026-09-10 00:16:08.853906,1,nonstop; dep 2026-09-25 23:15; key=key1
1409,DEL,HYD,2026-09-25,15,Air India,AI 2465,Economy,8984.0,INR,,,,,AVAILABLE,,serpapi_google_flights,,2026-09-10 00:16:08.853906,1,nonstop; dep 2026-09-25 14:30; key=key1
1410,DEL,HYD,2026-09-25,15,Air India,AI 2879,Economy,8984.0,INR,,,,,AVAILABLE,,serpapi_google_flights,,2026-09-10 00:16:08.853906,1,nonstop; dep 2026-09-25 18:00; key=key1
1411,DEL,HYD,2026-09-25,15,Air India,AI 1708,Economy,8984.0,INR,,,,,AVAILABLE,,serpapi_google_flights,,2026-09-10 00:16:08.853906,1,nonstop; dep 2026-09-25 19:30; key=key1
1412,DEL,HYD,2026-09-25,15,Air India,AI 2871,Economy,8984.0,INR,,,,,AVAILABLE,,serpapi_google_flights,,2026-09-10 00:16:08.853906,1,nonstop; dep 2026-09-25 20:30; key=key1
1413,DEL,HYD,2026-09-25,15,Akasa Air,QP 1406,Economy,9200.0,INR,,,,,AVAILABLE,,serpapi_google_flights,,2026-09-10 00:16:08.853906,1,nonstop; dep 2026-09-25 14:10; key=key1
1414,DEL,HYD,2026-09-25,15,IndiGo,6E 884,Economy,9301.0,INR,,,,,AVAILABLE,,serpapi_google_flights,,2026-09-10 00:16:08.853906,1,nonstop; dep 2026-09-25 11:45; key=key1
1415,DEL,HYD,2026-09-25,15,IndiGo,6E 6217,Economy,9301.0,INR,,,,,AVAILABLE,,serpapi_google_flights,,2026-09-10 00:16:08.853906,1,nonstop; dep 2026-09-25 16:15; key=key1
1416,DEL,HYD,2026-09-25,15,Air India,AI 2899,Economy,9457.0,INR,,,,,AVAILABLE,,serpapi_google_flights,,2026-09-10 00:16:08.853906,1,nonstop; dep 2026-09-25 12:30; key=key1
1417,DEL,HYD,2026-09-25,15,Air India,AI 2519,Economy,9457.0,INR,,,,,AVAILABLE,,serpapi_google_flights,,2026-09-10 00:16:08.853906,1,nonstop; dep 2026-09-25 15:30; key=key1
1418,DEL,HYD,2026-09-25,15,IndiGo,6E 705,Economy,9807.0,INR,,,,,AVAILABLE,,serpapi_google_flights,,2026-09-10 00:16:08.853906,1,nonstop; dep 2026-09-25 08:30; key=key1
1419,DEL,HYD,2026-09-25,15,IndiGo,6E 6293,Economy,9807.0,INR,,,,,AVAILABLE,,serpapi_google_flights,,2026-09-10 00:16:08.853906,1,nonstop; dep 2026-09-25 09:55; key=key1
1420,DEL,HYD,2026-09-25,15,Air India,AI 2542,Economy,9966.0,INR,,,,,AVAILABLE,,serpapi_google_flights,,2026-09-10 00:16:08.853906,1,nonstop; dep 2026-09-25 09:40; key=key1
1421,DEL,HYD,2026-09-25,15,Air India,AI 2859,Economy,9966.0,INR,,,,,AVAILABLE,,serpapi_google_flights,,2026-09-10 00:16:08.853906,1,nonstop; dep 2026-09-25 10:30; key=key1
1422,DEL,HYD,2026-10-10,30,Akasa Air,QP 1409,Economy,8587.0,INR,,,,,AVAILABLE,,serpapi_google_flights,,2026-09-10 00:16:09.001092,1,nonstop; dep 2026-10-10 20:40; key=key1
1423,DEL,HYD,2026-10-10,30,Air India,AI 2577,Economy,8711.0,INR,,,,,AVAILABLE,,serpapi_google_flights,,2026-09-10 00:16:09.001092,1,nonstop; dep 2026-10-10 02:00; key=key1
1424,DEL,HYD,2026-10-10,30,IndiGo,6E 705,Economy,8828.0,INR,,,,,AVAILABLE,,serpapi_google_flights,,2026-09-10 00:16:09.001092,1,nonstop; dep 2026-10-10 08:30; key=key1
1425,DEL,HYD,2026-10-10,30,Air India,AI 1706,Economy,8711.0,INR,,,,,AVAILABLE,,serpapi_google_flights,,2026-09-10 00:16:09.001092,1,nonstop; dep 2026-10-10 23:00; key=key1
1426,DEL,HYD,2026-10-10,30,IndiGo,6E 704,Economy,8828.0,INR,,,,,AVAILABLE,,serpapi_google_flights,,2026-09-10 00:16:09.001092,1,nonstop; dep 2026-10-10 02:25; key=key1
1427,DEL,HYD,2026-10-10,30,IndiGo,6E 6026,Economy,8828.0,INR,,,,,AVAILABLE,,serpapi_google_flights,,2026-09-10 00:16:09.001092,1,nonstop; dep 2026-10-10 05:30; key=key1
1428,DEL,HYD,2026-10-10,30,IndiGo,6E 203,Economy,8828.0,INR,,,,,AVAILABLE,,serpapi_google_flights,,2026-09-10 00:16:09.001092,1,nonstop; dep 2026-10-10 07:10; key=key1
1429,DEL,HYD,2026-10-10,30,IndiGo,6E 6293,Economy,8828.0,INR,,,,,AVAILABLE,,serpapi_google_flights,,2026-09-10 00:16:09.001092,1,nonstop; dep 2026-10-10 09:55; key=key1
1430,DEL,HYD,2026-10-10,30,IndiGo,6E 6282,Economy,8828.0,INR,,,,,AVAILABLE,,serpapi_google_flights,,2026-09-10 00:16:09.001092,1,nonstop; dep 2026-10-10 13:30; key=key1
1431,DEL,HYD,2026-10-10,30,IndiGo,6E 6212,Economy,8828.0,INR,,,,,AVAILABLE,,serpapi_google_flights,,2026-09-10 00:16:09.001092,1,nonstop; dep 2026-10-10 14:45; key=key1
1432,DEL,HYD,2026-10-10,30,IndiGo,6E 717,Economy,8828.0,INR,,,,,AVAILABLE,,serpapi_google_flights,,2026-09-10 00:16:09.001092,1,nonstop; dep 2026-10-10 17:55; key=key1
1433,DEL,HYD,2026-10-10,30,IndiGo,6E 6601,Economy,8828.0,INR,,,,,AVAILABLE,,serpapi_google_flights,,2026-09-10 00:16:09.001092,1,nonstop; dep 2026-10-10 19:45; key=key1
1434,DEL,HYD,2026-10-10,30,IndiGo,6E 382,Economy,8828.0,INR,,,,,AVAILABLE,,serpapi_google_flights,,2026-09-10 00:16:09.001092,1,nonstop; dep 2026-10-10 21:00; key=key1
1435,DEL,HYD,2026-10-10,30,IndiGo,6E 882,Economy,8828.0,INR,,,,,AVAILABLE,,serpapi_google_flights,,2026-09-10 00:16:09.001092,1,nonstop; dep 2026-10-10 23:15; key=key1
1436,DEL,HYD,2026-10-10,30,Air India,AI 2542,Economy,8984.0,INR,,,,,AVAILABLE,,serpapi_google_flights,,2026-09-10 00:16:09.001092,1,nonstop; dep 2026-10-10 09:40; key=key1
1437,DEL,HYD,2026-10-10,30,Air India,AI 2859,Economy,8984.0,INR,,,,,AVAILABLE,,serpapi_google_flights,,2026-09-10 00:16:09.001092,1,nonstop; dep 2026-10-10 10:30; key=key1
1438,DEL,HYD,2026-10-10,30,Air India,AI 2879,Economy,8984.0,INR,,,,,AVAILABLE,,serpapi_google_flights,,2026-09-10 00:16:09.001092,1,nonstop; dep 2026-10-10 18:00; key=key1
1439,DEL,HYD,2026-10-10,30,Air India,AI 2871,Economy,8984.0,INR,,,,,AVAILABLE,,serpapi_google_flights,,2026-09-10 00:16:09.001092,1,nonstop; dep 2026-10-10 20:30; key=key1
1440,DEL,HYD,2026-10-10,30,Akasa Air,QP 1406,Economy,9200.0,INR,,,,,AVAILABLE,,serpapi_google_flights,,2026-09-10 00:16:09.001092,1,nonstop; dep 2026-10-10 14:10; key=key1
1441,DEL,HYD,2026-10-10,30,Air India,AI 1793,Economy,9226.0,INR,,,,,AVAILABLE,,serpapi_google_flights,,2026-09-10 00:16:09.001092,1,nonstop; dep 2026-10-10 06:00; key=key1
1442,DEL,HYD,2026-10-10,30,Air India,AI 2465,Economy,9284.0,INR,,,,,AVAILABLE,,serpapi_google_flights,,2026-09-10 00:16:09.001092,1,nonstop; dep 2026-10-10 14:30; key=key1
1443,DEL,HYD,2026-10-10,30,IndiGo,6E 884,Economy,9303.0,INR,,,,,AVAILABLE,,serpapi_google_flights,,2026-09-10 00:16:09.001092,1,nonstop; dep 2026-10-10 11:45; key=key1
1444,DEL,HYD,2026-10-10,30,IndiGo,6E 6217,Economy,9303.0,INR,,,,,AVAILABLE,,serpapi_google_flights,,2026-09-10 00:16:09.001092,1,nonstop; dep 2026-10-10 16:15; key=key1
1445,DEL,HYD,2026-10-10,30,Air India,AI 2519,Economy,9698.0,INR,,,,,AVAILABLE,,serpapi_google_flights,,2026-09-10 00:16:09.001092,1,nonstop; dep 2026-10-10 15:30; key=key1
1446,DEL,HYD,2026-10-10,30,Air India,AI 1708,Economy,10139.0,INR,,,,,AVAILABLE,,serpapi_google_flights,,2026-09-10 00:16:09.001092,1,nonstop; dep 2026-10-10 19:30; key=key1
1447,DEL,HYD,2026-10-10,30,Air India,AI 2899,Economy,13016.0,INR,,,,,AVAILABLE,,serpapi_google_flights,,2026-09-10 00:16:09.001092,1,nonstop; dep 2026-10-10 12:30; key=key1
1448,DEL,HYD,2026-10-25,45,IndiGo,6E 705,Economy,8828.0,INR,,,,,AVAILABLE,,serpapi_google_flights,,2026-09-10 00:16:09.148336,1,nonstop; dep 2026-10-25 08:30; key=key1
1449,DEL,HYD,2026-10-25,45,Air India,AI 2560,Economy,8984.0,INR,,,,,AVAILABLE,,serpapi_google_flights,,2026-09-10 00:16:09.148336,1,nonstop; dep 2026-10-25 07:00; key=key1
1450,DEL,HYD,2026-10-25,45,IndiGo,6E 704,Economy,8828.0,INR,,,,,AVAILABLE,,serpapi_google_flights,,2026-09-10 00:16:09.148336,1,nonstop; dep 2026-10-25 02:25; key=key1
1451,DEL,HYD,2026-10-25,45,IndiGo,6E 2303,Economy,8828.0,INR,,,,,AVAILABLE,,serpapi_google_flights,,2026-09-10 00:16:09.148336,1,nonstop; dep 2026-10-25 05:15; key=key1
1452,DEL,HYD,2026-10-25,45,IndiGo,6E 203,Economy,8828.0,INR,,,,,AVAILABLE,,serpapi_google_flights,,2026-09-10 00:16:09.148336,1,nonstop; dep 2026-10-25 06:30; key=key1
1453,DEL,HYD,2026-10-25,45,IndiGo,6E 6293,Economy,10348.0,INR,,,,,AVAILABLE,,serpapi_google_flights,,2026-09-10 00:16:09.148336,1,nonstop; dep 2026-10-25 10:00; key=key1
1454,DEL,HYD,2026-10-25,45,IndiGo,6E 382,Economy,10348.0,INR,,,,,AVAILABLE,,serpapi_google_flights,,2026-09-10 00:16:09.148336,1,nonstop; dep 2026-10-25 21:00; key=key1
1455,DEL,HYD,2026-10-25,45,IndiGo,6E 719,Economy,10348.0,INR,,,,,AVAILABLE,,serpapi_google_flights,,2026-09-10 00:16:09.148336,1,nonstop; dep 2026-10-25 22:30; key=key1
1456,DEL,HYD,2026-10-25,45,Air India,AI 2449,Economy,10502.0,INR,,,,,AVAILABLE,,serpapi_google_flights,,2026-09-10 00:16:09.148336,1,nonstop; dep 2026-10-25 22:00; key=key1
1457,DEL,HYD,2026-10-25,45,Air India,AI 1706,Economy,10502.0,INR,,,,,AVAILABLE,,serpapi_google_flights,,2026-09-10 00:16:09.148336,1,nonstop; dep 2026-10-25 23:00; key=key1
1458,DEL,HYD,2026-10-25,45,Air India,AI 2859,Economy,10775.0,INR,,,,,AVAILABLE,,serpapi_google_flights,,2026-09-10 00:16:09.148336,1,nonstop; dep 2026-10-25 11:00; key=key1
1459,DEL,HYD,2026-10-25,45,Akasa Air,QP 1206,Economy,10776.0,INR,,,,,AVAILABLE,,serpapi_google_flights,,2026-09-10 00:16:09.148336,1,nonstop; dep 2026-10-25 20:35; key=key1
1460,DEL,HYD,2026-10-25,45,IndiGo,6E 884,Economy,10919.0,INR,,,,,AVAILABLE,,serpapi_google_flights,,2026-09-10 00:16:09.148336,1,nonstop; dep 2026-10-25 11:45; key=key1
1461,DEL,HYD,2026-10-25,45,IndiGo,6E 6601,Economy,10919.0,INR,,,,,AVAILABLE,,serpapi_google_flights,,2026-09-10 00:16:09.148336,1,nonstop; dep 2026-10-25 19:45; key=key1
1462,DEL,HYD,2026-10-25,45,Air India,AI 2542,Economy,10958.0,INR,,,,,AVAILABLE,,serpapi_google_flights,,2026-09-10 00:16:09.148336,1,nonstop; dep 2026-10-25 09:40; key=key1
1463,DEL,HYD,2026-10-25,45,Air India,AI 2549,Economy,11079.0,INR,,,,,AVAILABLE,,serpapi_google_flights,,2026-09-10 00:16:09.148336,1,nonstop; dep 2026-10-25 19:30; key=key1
1464,DEL,HYD,2026-10-25,45,Air India,AI 2899,Economy,11368.0,INR,,,,,AVAILABLE,,serpapi_google_flights,,2026-09-10 00:16:09.148336,1,nonstop; dep 2026-10-25 12:30; key=key1
1465,DEL,HYD,2026-10-25,45,IndiGo,6E 6212,Economy,11527.0,INR,,,,,AVAILABLE,,serpapi_google_flights,,2026-09-10 00:16:09.148336,1,nonstop; dep 2026-10-25 14:50; key=key1
1466,DEL,HYD,2026-10-25,45,IndiGo,6E 6217,Economy,11527.0,INR,,,,,AVAILABLE,,serpapi_google_flights,,2026-09-10 00:16:09.148336,1,nonstop; dep 2026-10-25 16:15; key=key1
1467,DEL,HYD,2026-10-25,45,Akasa Air,QP 1202,Economy,11780.0,INR,,,,,AVAILABLE,,serpapi_google_flights,,2026-09-10 00:16:09.148336,1,nonstop; dep 2026-10-25 14:10; key=key1
1468,DEL,HYD,2026-10-25,45,Air India,AI 2519,Economy,11993.0,INR,,,,,AVAILABLE,,serpapi_google_flights,,2026-09-10 00:16:09.148336,1,nonstop; dep 2026-10-25 15:30; key=key1
1469,DEL,HYD,2026-10-25,45,IndiGo,6E 717,Economy,12174.0,INR,,,,,AVAILABLE,,serpapi_google_flights,,2026-09-10 00:16:09.148336,1,nonstop; dep 2026-10-25 18:15; key=key1
1470,DEL,HYD,2026-10-25,45,Air India,AI 2465,Economy,12407.0,INR,,,,,AVAILABLE,,serpapi_google_flights,,2026-09-10 00:16:09.148336,1,nonstop; dep 2026-10-25 14:30; key=key1
1471,DEL,HYD,2026-10-25,45,Air India,AI 2879,Economy,12659.0,INR,,,,,AVAILABLE,,serpapi_google_flights,,2026-09-10 00:16:09.148336,1,nonstop; dep 2026-10-25 18:00; key=key1
1472,DEL,HYD,2026-10-25,45,IndiGo,6E 5058,Economy,14368.0,INR,,,,,AVAILABLE,,serpapi_google_flights,,2026-09-10 00:16:09.148336,1,nonstop; dep 2026-10-25 13:30; key=key1
1473,DEL,PNQ,2026-09-11,1,Air India,AI 2469,Economy,6929.0,INR,,,,,AVAILABLE,,serpapi_google_flights,,2026-09-10 00:16:13.561300,1,nonstop; dep 2026-09-11 04:45; key=key1
1474,DEL,PNQ,2026-09-11,1,IndiGo,6E 5322,Economy,6930.0,INR,,,,,AVAILABLE,,serpapi_google_flights,,2026-09-10 00:16:13.561300,1,nonstop; dep 2026-09-11 04:40; key=key1
1475,DEL,PNQ,2026-09-11,1,Air India Express,IX 1230,Economy,7610.0,INR,,,,,AVAILABLE,,serpapi_google_flights,,2026-09-10 00:16:13.561300,1,nonstop; dep 2026-09-11 03:55; key=key1
1476,DEL,PNQ,2026-09-11,1,Air India,AI 2711,Economy,7569.0,INR,,,,,AVAILABLE,,serpapi_google_flights,,2026-09-10 00:16:13.561300,1,nonstop; dep 2026-09-11 02:00; key=key1
1477,DEL,PNQ,2026-09-11,1,IndiGo,6E 2343,Economy,7686.0,INR,,,,,AVAILABLE,,serpapi_google_flights,,2026-09-10 00:16:13.561300,1,nonstop; dep 2026-09-11 02:20; key=key1
1478,DEL,PNQ,2026-09-11,1,Air India,AI 1797,Economy,9081.0,INR,,,,,AVAILABLE,,serpapi_google_flights,,2026-09-10 00:16:13.561300,1,nonstop; dep 2026-09-11 05:45; key=key1
1479,DEL,PNQ,2026-09-11,1,Air India,AI 2973,Economy,9475.0,INR,,,,,AVAILABLE,,serpapi_google_flights,,2026-09-10 00:16:13.561300,1,nonstop; dep 2026-09-11 20:50; key=key1
1480,DEL,PNQ,2026-09-11,1,IndiGo,6E 2262,Economy,9576.0,INR,,,,,AVAILABLE,,serpapi_google_flights,,2026-09-10 00:16:13.561300,1,nonstop; dep 2026-09-11 06:10; key=key1
1481,DEL,PNQ,2026-09-11,1,Air India,AI 1730,Economy,10551.0,INR,,,,,AVAILABLE,,serpapi_google_flights,,2026-09-10 00:16:13.561300,1,nonstop; dep 2026-09-11 19:10; key=key1
1482,DEL,PNQ,2026-09-11,1,IndiGo,6E 2487,Economy,11308.0,INR,,,,,AVAILABLE,,serpapi_google_flights,,2026-09-10 00:16:13.561300,1,nonstop; dep 2026-09-11 11:50; key=key1
1483,DEL,PNQ,2026-09-11,1,Akasa Air,QP 1871,Economy,11418.0,INR,,,,,AVAILABLE,,serpapi_google_flights,,2026-09-10 00:16:13.561300,1,nonstop; dep 2026-09-11 10:50; key=key1
1484,DEL,PNQ,2026-09-11,1,SpiceJet,SG 939,Economy,12097.0,INR,,,,,AVAILABLE,,serpapi_google_flights,,2026-09-10 00:16:13.561300,1,nonstop; dep 2026-09-11 16:55; key=key1
1485,DEL,PNQ,2026-09-11,1,Air India,AI 1735,Economy,12924.0,INR,,,,,AVAILABLE,,serpapi_google_flights,,2026-09-10 00:16:13.561300,1,nonstop; dep 2026-09-11 13:00; key=key1
1486,DEL,PNQ,2026-09-11,1,Akasa Air,QP 1608,Economy,13229.0,INR,,,,,AVAILABLE,,serpapi_google_flights,,2026-09-10 00:16:13.561300,1,nonstop; dep 2026-09-11 15:00; key=key1
1487,DEL,PNQ,2026-09-11,1,Akasa Air,QP 1809,Economy,13729.0,INR,,,,,AVAILABLE,,serpapi_google_flights,,2026-09-10 00:16:13.561300,1,nonstop; dep 2026-09-11 18:10; key=key1
1488,DEL,PNQ,2026-09-11,1,IndiGo,6E 6437,Economy,14340.0,INR,,,,,AVAILABLE,,serpapi_google_flights,,2026-09-10 00:16:13.561300,1,nonstop; dep 2026-09-11 16:25; key=key1
1489,DEL,PNQ,2026-09-11,1,Air India,AI 2547,Economy,14379.0,INR,,,,,AVAILABLE,,serpapi_google_flights,,2026-09-10 00:16:13.561300,1,nonstop; dep 2026-09-11 17:40; key=key1
1490,DEL,PNQ,2026-09-11,1,Air India,AI 2609,Economy,14379.0,INR,,,,,AVAILABLE,,serpapi_google_flights,,2026-09-10 00:16:13.561300,1,nonstop; dep 2026-09-11 23:50; key=key1
1491,DEL,PNQ,2026-09-11,1,Air India,AI 2971,Economy,14646.0,INR,,,,,AVAILABLE,,serpapi_google_flights,,2026-09-10 00:16:13.561300,1,nonstop; dep 2026-09-11 16:00; key=key1
1492,DEL,PNQ,2026-09-11,1,Air India Express,IX 1257,Economy,14742.0,INR,,,,,AVAILABLE,,serpapi_google_flights,,2026-09-10 00:16:13.561300,1,nonstop; dep 2026-09-11 22:25; key=key1
1493,DEL,PNQ,2026-09-11,1,IndiGo,6E 2623,Economy,15558.0,INR,,,,,AVAILABLE,,serpapi_google_flights,,2026-09-10 00:16:13.561300,1,nonstop; dep 2026-09-11 18:15; key=key1
1494,DEL,PNQ,2026-09-11,1,IndiGo,6E 2618,Economy,15558.0,INR,,,,,AVAILABLE,,serpapi_google_flights,,2026-09-10 00:16:13.561300,1,nonstop; dep 2026-09-11 23:00; key=key1
1495,DEL,PNQ,2026-09-11,1,IndiGo,6E 2132,Economy,16888.0,INR,,,,,AVAILABLE,,serpapi_google_flights,,2026-09-10 00:16:13.561300,1,nonstop; dep 2026-09-11 09:40; key=key1
1496,DEL,PNQ,2026-09-11,1,IndiGo,6E 6673,Economy,16888.0,INR,,,,,AVAILABLE,,serpapi_google_flights,,2026-09-10 00:16:13.561300,1,nonstop; dep 2026-09-11 21:15; key=key1
1497,DEL,PNQ,2026-09-17,7,IndiGo,6E 2623,Economy,6930.0,INR,,,,,AVAILABLE,,serpapi_google_flights,,2026-09-10 00:16:15.488101,1,nonstop; dep 2026-09-17 18:15; key=key1
1498,DEL,PNQ,2026-09-17,7,Air India,AI 2547,Economy,7086.0,INR,,,,,AVAILABLE,,serpapi_google_flights,,2026-09-10 00:16:15.488101,1,nonstop; dep 2026-09-17 17:40; key=key1
1499,DEL,PNQ,2026-09-17,7,SpiceJet,SG 939,Economy,7238.0,INR,,,,,AVAILABLE,,serpapi_google_flights,,2026-09-10 00:16:15.488101,1,nonstop; dep 2026-09-17 16:55; key=key1
1500,DEL,PNQ,2026-09-17,7,Akasa Air,QP 1809,Economy,7428.0,INR,,,,,AVAILABLE,,serpapi_google_flights,,2026-09-10 00:16:15.488101,1,nonstop; dep 2026-09-17 18:10; key=key1
1501,DEL,PNQ,2026-09-17,7,Air India,AI 2711,Economy,6929.0,INR,,,,,AVAILABLE,,serpapi_google_flights,,2026-09-10 00:16:15.488101,1,nonstop; dep 2026-09-17 02:00; key=key1
1502,DEL,PNQ,2026-09-17,7,Air India,AI 2469,Economy,6929.0,INR,,,,,AVAILABLE,,serpapi_google_flights,,2026-09-10 00:16:15.488101,1,nonstop; dep 2026-09-17 04:45; key=key1
1503,DEL,PNQ,2026-09-17,7,IndiGo,6E 2343,Economy,6930.0,INR,,,,,AVAILABLE,,serpapi_google_flights,,2026-09-10 00:16:15.488101,1,nonstop; dep 2026-09-17 02:20; key=key1
1504,DEL,PNQ,2026-09-17,7,IndiGo,6E 5322,Economy,6930.0,INR,,,,,AVAILABLE,,serpapi_google_flights,,2026-09-10 00:16:15.488101,1,nonstop; dep 2026-09-17 04:40; key=key1
1505,DEL,PNQ,2026-09-17,7,IndiGo,6E 2487,Economy,6930.0,INR,,,,,AVAILABLE,,serpapi_google_flights,,2026-09-10 00:16:15.488101,1,nonstop; dep 2026-09-17 11:50; key=key1
1506,DEL,PNQ,2026-09-17,7,Air India,AI 1735,Economy,7086.0,INR,,,,,AVAILABLE,,serpapi_google_flights,,2026-09-10 00:16:15.488101,1,nonstop; dep 2026-09-17 13:00; key=key1
1507,DEL,PNQ,2026-09-17,7,Air India Express,IX 1230,Economy,7127.0,INR,,,,,AVAILABLE,,serpapi_google_flights,,2026-09-10 00:16:15.488101,1,nonstop; dep 2026-09-17 04:40; key=key1
1508,DEL,PNQ,2026-09-17,7,IndiGo,6E 2262,Economy,7336.0,INR,,,,,AVAILABLE,,serpapi_google_flights,,2026-09-10 00:16:15.488101,1,nonstop; dep 2026-09-17 06:10; key=key1
1509,DEL,PNQ,2026-09-17,7,IndiGo,6E 2132,Economy,7336.0,INR,,,,,AVAILABLE,,serpapi_google_flights,,2026-09-10 00:16:15.488101,1,nonstop; dep 2026-09-17 09:40; key=key1
1510,DEL,PNQ,2026-09-17,7,Akasa Air,QP 1871,Economy,7428.0,INR,,,,,AVAILABLE,,serpapi_google_flights,,2026-09-10 00:16:15.488101,1,nonstop; dep 2026-09-17 10:50; key=key1
1511,DEL,PNQ,2026-09-17,7,Akasa Air,QP 1608,Economy,7428.0,INR,,,,,AVAILABLE,,serpapi_google_flights,,2026-09-10 00:16:15.488101,1,nonstop; dep 2026-09-17 15:00; key=key1
1512,DEL,PNQ,2026-09-17,7,Air India,AI 1797,Economy,7569.0,INR,,,,,AVAILABLE,,serpapi_google_flights,,2026-09-10 00:16:15.488101,1,nonstop; dep 2026-09-17 05:45; key=key1
1513,DEL,PNQ,2026-09-17,7,Air India,AI 2971,Economy,7569.0,INR,,,,,AVAILABLE,,serpapi_google_flights,,2026-09-10 00:16:15.488101,1,nonstop; dep 2026-09-17 16:00; key=key1
1514,DEL,PNQ,2026-09-17,7,Air India,AI 2609,Economy,7569.0,INR,,,,,AVAILABLE,,serpapi_google_flights,,2026-09-10 00:16:15.488101,1,nonstop; dep 2026-09-17 23:50; key=key1
1515,DEL,PNQ,2026-09-17,7,IndiGo,6E 6437,Economy,7686.0,INR,,,,,AVAILABLE,,serpapi_google_flights,,2026-09-10 00:16:15.488101,1,nonstop; dep 2026-09-17 16:25; key=key1
1516,DEL,PNQ,2026-09-17,7,IndiGo,6E 2618,Economy,7686.0,INR,,,,,AVAILABLE,,serpapi_google_flights,,2026-09-10 00:16:15.488101,1,nonstop; dep 2026-09-17 23:00; key=key1
1517,DEL,PNQ,2026-09-17,7,Air India Express,IX 1257,Economy,8132.0,INR,,,,,AVAILABLE,,serpapi_google_flights,,2026-09-10 00:16:15.488101,1,nonstop; dep 2026-09-17 22:25; key=key1
1518,DEL,PNQ,2026-09-17,7,Air India,AI 1730,Economy,9318.0,INR,,,,,AVAILABLE,,serpapi_google_flights,,2026-09-10 00:16:15.488101,1,nonstop; dep 2026-09-17 19:10; key=key1
1519,DEL,PNQ,2026-09-17,7,IndiGo,6E 6673,Economy,9576.0,INR,,,,,AVAILABLE,,serpapi_google_flights,,2026-09-10 00:16:15.488101,1,nonstop; dep 2026-09-17 21:15; key=key1
1520,DEL,PNQ,2026-09-17,7,Air India,AI 2973,Economy,10551.0,INR,,,,,AVAILABLE,,serpapi_google_flights,,2026-09-10 00:16:15.488101,1,nonstop; dep 2026-09-17 20:50; key=key1
1521,DEL,PNQ,2026-09-25,15,IndiGo,6E 2487,Economy,6930.0,INR,,,,,AVAILABLE,,serpapi_google_flights,,2026-09-10 00:16:18.130424,1,nonstop; dep 2026-09-25 11:50; key=key1
1522,DEL,PNQ,2026-09-25,15,Air India,AI 1735,Economy,7086.0,INR,,,,,AVAILABLE,,serpapi_google_flights,,2026-09-10 00:16:18.130424,1,nonstop; dep 2026-09-25 13:00; key=key1
1523,DEL,PNQ,2026-09-25,15,Akasa Air,QP 1608,Economy,7428.0,INR,,,,,AVAILABLE,,serpapi_google_flights,,2026-09-10 00:16:18.130424,1,nonstop; dep 2026-09-25 15:00; key=key1
1524,DEL,PNQ,2026-09-25,15,Air India,AI 2711,Economy,6929.0,INR,,,,,AVAILABLE,,serpapi_google_flights,,2026-09-10 00:16:18.130424,1,nonstop; dep 2026-09-25 02:00; key=key1
1525,DEL,PNQ,2026-09-25,15,Air India,AI 2469,Economy,6929.0,INR,,,,,AVAILABLE,,serpapi_google_flights,,2026-09-10 00:16:18.130424,1,nonstop; dep 2026-09-25 04:45; key=key1
1526,DEL,PNQ,2026-09-25,15,IndiGo,6E 2343,Economy,6930.0,INR,,,,,AVAILABLE,,serpapi_google_flights,,2026-09-10 00:16:18.130424,1,nonstop; dep 2026-09-25 02:20; key=key1
1527,DEL,PNQ,2026-09-25,15,IndiGo,6E 5322,Economy,6930.0,INR,,,,,AVAILABLE,,serpapi_google_flights,,2026-09-10 00:16:18.130424,1,nonstop; dep 2026-09-25 04:40; key=key1
1528,DEL,PNQ,2026-09-25,15,Air India Express,IX 1230,Economy,7127.0,INR,,,,,AVAILABLE,,serpapi_google_flights,,2026-09-10 00:16:18.130424,1,nonstop; dep 2026-09-25 04:40; key=key1
1529,DEL,PNQ,2026-09-25,15,IndiGo,6E 2262,Economy,7336.0,INR,,,,,AVAILABLE,,serpapi_google_flights,,2026-09-10 00:16:18.130424,1,nonstop; dep 2026-09-25 06:10; key=key1
1530,DEL,PNQ,2026-09-25,15,IndiGo,6E 2132,Economy,7336.0,INR,,,,,AVAILABLE,,serpapi_google_flights,,2026-09-10 00:16:18.130424,1,nonstop; dep 2026-09-25 09:40; key=key1
1531,DEL,PNQ,2026-09-25,15,IndiGo,6E 2623,Economy,7336.0,INR,,,,,AVAILABLE,,serpapi_google_flights,,2026-09-10 00:16:18.130424,1,nonstop; dep 2026-09-25 18:15; key=key1
1532,DEL,PNQ,2026-09-25,15,IndiGo,6E 2618,Economy,7336.0,INR,,,,,AVAILABLE,,serpapi_google_flights,,2026-09-10 00:16:18.130424,1,nonstop; dep 2026-09-25 23:00; key=key1
1533,DEL,PNQ,2026-09-25,15,Akasa Air,QP 1871,Economy,7428.0,INR,,,,,AVAILABLE,,serpapi_google_flights,,2026-09-10 00:16:18.130424,1,nonstop; dep 2026-09-25 10:50; key=key1
1534,DEL,PNQ,2026-09-25,15,SpiceJet,SG 939,Economy,7431.0,INR,,,,,AVAILABLE,,serpapi_google_flights,,2026-09-10 00:16:18.130424,1,nonstop; dep 2026-09-25 16:55; key=key1
1535,DEL,PNQ,2026-09-25,15,Air India,AI 1797,Economy,7569.0,INR,,,,,AVAILABLE,,serpapi_google_flights,,2026-09-10 00:16:18.130424,1,nonstop; dep 2026-09-25 05:45; key=key1
1536,DEL,PNQ,2026-09-25,15,Air India,AI 2609,Economy,7569.0,INR,,,,,AVAILABLE,,serpapi_google_flights,,2026-09-10 00:16:18.130424,1,nonstop; dep 2026-09-25 23:50; key=key1
1537,DEL,PNQ,2026-09-25,15,IndiGo,6E 6673,Economy,7686.0,INR,,,,,AVAILABLE,,serpapi_google_flights,,2026-09-10 00:16:18.130424,1,nonstop; dep 2026-09-25 21:15; key=key1
1538,DEL,PNQ,2026-09-25,15,Akasa Air,QP 1809,Economy,7692.0,INR,,,,,AVAILABLE,,serpapi_google_flights,,2026-09-10 00:16:18.130424,1,nonstop; dep 2026-09-25 18:10; key=key1
1539,DEL,PNQ,2026-09-25,15,Air India Express,IX 1257,Economy,7987.0,INR,,,,,AVAILABLE,,serpapi_google_flights,,2026-09-10 00:16:18.130424,1,nonstop; dep 2026-09-25 22:25; key=key1
1540,DEL,PNQ,2026-09-25,15,Air India,AI 2547,Economy,8094.0,INR,,,,,AVAILABLE,,serpapi_google_flights,,2026-09-10 00:16:18.130424,1,nonstop; dep 2026-09-25 17:40; key=key1
1541,DEL,PNQ,2026-09-25,15,IndiGo,6E 6437,Economy,8841.0,INR,,,,,AVAILABLE,,serpapi_google_flights,,2026-09-10 00:16:18.130424,1,nonstop; dep 2026-09-25 16:25; key=key1
1542,DEL,PNQ,2026-09-25,15,Air India,AI 2973,Economy,9108.0,INR,,,,,AVAILABLE,,serpapi_google_flights,,2026-09-10 00:16:18.130424,1,nonstop; dep 2026-09-25 20:50; key=key1
1543,DEL,PNQ,2026-09-25,15,Air India,AI 2971,Economy,9239.0,INR,,,,,AVAILABLE,,serpapi_google_flights,,2026-09-10 00:16:18.130424,1,nonstop; dep 2026-09-25 16:00; key=key1
1544,DEL,PNQ,2026-09-25,15,Air India,AI 1730,Economy,9318.0,INR,,,,,AVAILABLE,,serpapi_google_flights,,2026-09-10 00:16:18.130424,1,nonstop; dep 2026-09-25 19:10; key=key1
1545,DEL,PNQ,2026-10-10,30,IndiGo,6E 2623,Economy,7336.0,INR,,,,,AVAILABLE,,serpapi_google_flights,,2026-09-10 00:16:25.176537,1,nonstop; dep 2026-10-10 18:15; key=key1
1546,DEL,PNQ,2026-10-10,30,Air India,AI 2547,Economy,7569.0,INR,,,,,AVAILABLE,,serpapi_google_flights,,2026-09-10 00:16:25.176537,1,nonstop; dep 2026-10-10 17:40; key=key1
1547,DEL,PNQ,2026-10-10,30,Akasa Air,QP 1809,Economy,7692.0,INR,,,,,AVAILABLE,,serpapi_google_flights,,2026-09-10 00:16:25.176537,1,nonstop; dep 2026-10-10 18:10; key=key1
1548,DEL,PNQ,2026-10-10,30,Air India,AI 2469,Economy,6929.0,INR,,,,,AVAILABLE,,serpapi_google_flights,,2026-09-10 00:16:25.176537,1,nonstop; dep 2026-10-10 04:45; key=key1
1549,DEL,PNQ,2026-10-10,30,IndiGo,6E 5322,Economy,6930.0,INR,,,,,AVAILABLE,,serpapi_google_flights,,2026-09-10 00:16:25.176537,1,nonstop; dep 2026-10-10 04:40; key=key1
1550,DEL,PNQ,2026-10-10,30,Air India Express,IX 1230,Economy,7127.0,INR,,,,,AVAILABLE,,serpapi_google_flights,,2026-09-10 00:16:25.176537,1,nonstop; dep 2026-10-10 04:40; key=key1
1551,DEL,PNQ,2026-10-10,30,IndiGo,6E 2343,Economy,7140.0,INR,,,,,AVAILABLE,,serpapi_google_flights,,2026-09-10 00:16:25.176537,1,nonstop; dep 2026-10-10 02:20; key=key1
1552,DEL,PNQ,2026-10-10,30,IndiGo,6E 2262,Economy,7336.0,INR,,,,,AVAILABLE,,serpapi_google_flights,,2026-09-10 00:16:25.176537,1,nonstop; dep 2026-10-10 06:10; key=key1
1553,DEL,PNQ,2026-10-10,30,Air India,AI 2711,Economy,7569.0,INR,,,,,AVAILABLE,,serpapi_google_flights,,2026-09-10 00:16:25.176537,1,nonstop; dep 2026-10-10 02:00; key=key1
1554,DEL,PNQ,2026-10-10,30,Air India,AI 1797,Economy,7569.0,INR,,,,,AVAILABLE,,serpapi_google_flights,,2026-09-10 00:16:25.176537,1,nonstop; dep 2026-10-10 05:45; key=key1
1555,DEL,PNQ,2026-10-10,30,SpiceJet,SG 939,Economy,7665.0,INR,,,,,AVAILABLE,,serpapi_google_flights,,2026-09-10 00:16:25.176537,1,nonstop; dep 2026-10-10 16:55; key=key1
1556,DEL,PNQ,2026-10-10,30,IndiGo,6E 6673,Economy,7686.0,INR,,,,,AVAILABLE,,serpapi_google_flights,,2026-09-10 00:16:25.176537,1,nonstop; dep 2026-10-10 21:15; key=key1
1557,DEL,PNQ,2026-10-10,30,Air India,AI 1730,Economy,7764.0,INR,,,,,AVAILABLE,,serpapi_google_flights,,2026-09-10 00:16:25.176537,1,nonstop; dep 2026-10-10 19:10; key=key1
1558,DEL,PNQ,2026-10-10,30,Akasa Air,QP 1608,Economy,7830.0,INR,,,,,AVAILABLE,,serpapi_google_flights,,2026-09-10 00:16:25.176537,1,nonstop; dep 2026-10-10 15:00; key=key1
1559,DEL,PNQ,2026-10-10,30,Air India Express,IX 1257,Economy,8202.0,INR,,,,,AVAILABLE,,serpapi_google_flights,,2026-09-10 00:16:25.176537,1,nonstop; dep 2026-10-10 22:25; key=key1
1560,DEL,PNQ,2026-10-10,30,Air India,AI 2973,Economy,8304.0,INR,,,,,AVAILABLE,,serpapi_google_flights,,2026-09-10 00:16:25.176537,1,nonstop; dep 2026-10-10 20:50; key=key1
1561,DEL,PNQ,2026-10-10,30,IndiGo,6E 2618,Economy,8841.0,INR,,,,,AVAILABLE,,serpapi_google_flights,,2026-09-10 00:16:25.176537,1,nonstop; dep 2026-10-10 23:00; key=key1
1562,DEL,PNQ,2026-10-10,30,Air India,AI 2609,Economy,9081.0,INR,,,,,AVAILABLE,,serpapi_google_flights,,2026-09-10 00:16:25.176537,1,nonstop; dep 2026-10-10 23:50; key=key1
1563,DEL,PNQ,2026-10-10,30,IndiGo,6E 6437,Economy,9576.0,INR,,,,,AVAILABLE,,serpapi_google_flights,,2026-09-10 00:16:25.176537,1,nonstop; dep 2026-10-10 16:25; key=key1
1564,DEL,PNQ,2026-10-10,30,Air India,AI 2971,Economy,10462.0,INR,,,,,AVAILABLE,,serpapi_google_flights,,2026-09-10 00:16:25.176537,1,nonstop; dep 2026-10-10 16:00; key=key1
1565,DEL,PNQ,2026-10-25,45,SpiceJet,SG 939,Economy,8114.0,INR,,,,,AVAILABLE,,serpapi_google_flights,,2026-09-10 00:16:26.783048,1,nonstop; dep 2026-10-25 17:25; key=key1
1566,DEL,PNQ,2026-10-25,45,SpiceJet,SG 600,Economy,8114.0,INR,,,,,AVAILABLE,,serpapi_google_flights,,2026-09-10 00:16:26.783048,1,nonstop; dep 2026-10-25 20:00; key=key1
1567,DEL,PNQ,2026-10-25,45,SpiceJet,SG 105,Economy,8114.0,INR,,,,,AVAILABLE,,serpapi_google_flights,,2026-09-10 00:16:26.783048,1,nonstop; dep 2026-10-25 21:00; key=key1
1568,DEL,PNQ,2026-10-25,45,Air India Express,IX 1230,Economy,7552.0,INR,,,,,AVAILABLE,,serpapi_google_flights,,2026-09-10 00:16:26.783048,1,nonstop; dep 2026-10-25 05:05; key=key1
1569,DEL,PNQ,2026-10-25,45,Air India,AI 2469,Economy,7569.0,INR,,,,,AVAILABLE,,serpapi_google_flights,,2026-09-10 00:16:26.783048,1,nonstop; dep 2026-10-25 04:45; key=key1
1570,DEL,PNQ,2026-10-25,45,IndiGo,6E 2343,Economy,8006.0,INR,,,,,AVAILABLE,,serpapi_google_flights,,2026-09-10 00:16:26.783048,1,nonstop; dep 2026-10-25 02:15; key=key1
1571,DEL,PNQ,2026-10-25,45,IndiGo,6E 5276,Economy,8006.0,INR,,,,,AVAILABLE,,serpapi_google_flights,,2026-09-10 00:16:26.783048,1,nonstop; dep 2026-10-25 04:35; key=key1
1572,DEL,PNQ,2026-10-25,45,IndiGo,6E 2262,Economy,8006.0,INR,,,,,AVAILABLE,,serpapi_google_flights,,2026-09-10 00:16:26.783048,1,nonstop; dep 2026-10-25 05:40; key=key1
1573,DEL,PNQ,2026-10-25,45,Air India,AI 2711,Economy,8094.0,INR,,,,,AVAILABLE,,serpapi_google_flights,,2026-09-10 00:16:26.783048,1,nonstop; dep 2026-10-25 01:55; key=key1
1574,DEL,PNQ,2026-10-25,45,Air India,AI 1797,Economy,8094.0,INR,,,,,AVAILABLE,,serpapi_google_flights,,2026-09-10 00:16:26.783048,1,nonstop; dep 2026-10-25 05:45; key=key1
1575,DEL,PNQ,2026-10-25,45,SpiceJet,SG 186,Economy,8114.0,INR,,,,,AVAILABLE,,serpapi_google_flights,,2026-09-10 00:16:26.783048,1,nonstop; dep 2026-10-25 09:40; key=key1
1576,DEL,PNQ,2026-10-25,45,IndiGo,6E 2618,Economy,8572.0,INR,,,,,AVAILABLE,,serpapi_google_flights,,2026-09-10 00:16:26.783048,1,nonstop; dep 2026-10-25 22:55; key=key1
1577,DEL,PNQ,2026-10-25,45,Air India,AI 2609,Economy,8730.0,INR,,,,,AVAILABLE,,serpapi_google_flights,,2026-09-10 00:16:26.783048,1,nonstop; dep 2026-10-25 23:50; key=key1
1578,DEL,PNQ,2026-10-25,45,Air India Express,IX 1257,Economy,8769.0,INR,,,,,AVAILABLE,,serpapi_google_flights,,2026-09-10 00:16:26.783048,1,nonstop; dep 2026-10-25 22:10; key=key1
1579,DEL,PNQ,2026-10-25,45,IndiGo,6E 2132,Economy,9183.0,INR,,,,,AVAILABLE,,serpapi_google_flights,,2026-09-10 00:16:26.783048,1,nonstop; dep 2026-10-25 09:25; key=key1
1580,DEL,PNQ,2026-10-25,45,IndiGo,6E 6862,Economy,9183.0,INR,,,,,AVAILABLE,,serpapi_google_flights,,2026-09-10 00:16:26.783048,1,nonstop; dep 2026-10-25 11:35; key=key1
1581,DEL,PNQ,2026-10-25,45,Air India Express,IX 1083,Economy,9379.0,INR,,,,,AVAILABLE,,serpapi_google_flights,,2026-09-10 00:16:26.783048,1,nonstop; dep 2026-10-25 10:35; key=key1
1582,DEL,PNQ,2026-10-25,45,IndiGo,6E 6437,Economy,9844.0,INR,,,,,AVAILABLE,,serpapi_google_flights,,2026-09-10 00:16:26.783048,1,nonstop; dep 2026-10-25 16:25; key=key1
1583,DEL,PNQ,2026-10-25,45,IndiGo,6E 6673,Economy,9844.0,INR,,,,,AVAILABLE,,serpapi_google_flights,,2026-09-10 00:16:26.783048,1,nonstop; dep 2026-10-25 21:15; key=key1
1584,DEL,PNQ,2026-10-25,45,Air India,AI 2971,Economy,10735.0,INR,,,,,AVAILABLE,,serpapi_google_flights,,2026-09-10 00:16:26.783048,1,nonstop; dep 2026-10-25 16:00; key=key1
1585,DEL,PNQ,2026-10-25,45,Air India,AI 2973,Economy,10735.0,INR,,,,,AVAILABLE,,serpapi_google_flights,,2026-09-10 00:16:26.783048,1,nonstop; dep 2026-10-25 20:50; key=key1
1586,DEL,PNQ,2026-10-25,45,Air India,AI 1735,Economy,10830.0,INR,,,,,AVAILABLE,,serpapi_google_flights,,2026-09-10 00:16:26.783048,1,nonstop; dep 2026-10-25 13:00; key=key1
1587,DEL,PNQ,2026-10-25,45,IndiGo,6E 2623,Economy,11331.0,INR,,,,,AVAILABLE,,serpapi_google_flights,,2026-09-10 00:16:26.783048,1,nonstop; dep 2026-10-25 18:30; key=key1
1588,DEL,PNQ,2026-10-25,45,Akasa Air,QP 1608,Economy,11418.0,INR,,,,,AVAILABLE,,serpapi_google_flights,,2026-09-10 00:16:26.783048,1,nonstop; dep 2026-10-25 15:00; key=key1
1589,DEL,PNQ,2026-10-25,45,Akasa Air,QP 1809,Economy,11629.0,INR,,,,,AVAILABLE,,serpapi_google_flights,,2026-09-10 00:16:26.783048,1,nonstop; dep 2026-10-25 18:10; key=key1
1590,DEL,PNQ,2026-10-25,45,Air India,AI 1740,Economy,12924.0,INR,,,,,AVAILABLE,,serpapi_google_flights,,2026-09-10 00:16:26.783048,1,nonstop; dep 2026-10-25 17:40; key=key1
1591,DEL,PNQ,2026-10-25,45,Air India,AI 1730,Economy,12924.0,INR,,,,,AVAILABLE,,serpapi_google_flights,,2026-09-10 00:16:26.783048,1,nonstop; dep 2026-10-25 19:10; key=key1
1592,DEL,CCU,2026-09-11,1,Akasa Air,QP 1801,Economy,8712.0,INR,,,,,AVAILABLE,,serpapi_google_flights,,2026-09-10 00:25:38.776067,1,nonstop; dep 2026-09-11 05:55; key=friend
1593,DEL,CCU,2026-09-11,1,Air India,AI 2702,Economy,8724.0,INR,,,,,AVAILABLE,,serpapi_google_flights,,2026-09-10 00:25:38.776067,1,nonstop; dep 2026-09-11 02:30; key=friend
1594,DEL,CCU,2026-09-11,1,IndiGo,6E 247,Economy,8817.0,INR,,,,,AVAILABLE,,serpapi_google_flights,,2026-09-10 00:25:38.776067,1,nonstop; dep 2026-09-11 23:30; key=friend
1595,DEL,CCU,2026-09-11,1,IndiGo,6E 5191,Economy,8817.0,INR,,,,,AVAILABLE,,serpapi_google_flights,,2026-09-10 00:25:38.776067,1,nonstop; dep 2026-09-11 05:00; key=friend
1596,DEL,CCU,2026-09-11,1,IndiGo,6E 340,Economy,8817.0,INR,,,,,AVAILABLE,,serpapi_google_flights,,2026-09-10 00:25:38.776067,1,nonstop; dep 2026-09-11 07:20; key=friend
1597,DEL,CCU,2026-09-11,1,IndiGo,6E 897,Economy,8817.0,INR,,,,,AVAILABLE,,serpapi_google_flights,,2026-09-10 00:25:38.776067,1,nonstop; dep 2026-09-11 12:45; key=friend
1598,DEL,CCU,2026-09-11,1,IndiGo,6E 910,Economy,8817.0,INR,,,,,AVAILABLE,,serpapi_google_flights,,2026-09-10 00:25:38.776067,1,nonstop; dep 2026-09-11 14:25; key=friend
1599,DEL,CCU,2026-09-11,1,Air India,AI 2535,Economy,8976.0,INR,,,,,AVAILABLE,,serpapi_google_flights,,2026-09-10 00:25:38.776067,1,nonstop; dep 2026-09-11 06:40; key=friend
1600,DEL,CCU,2026-09-11,1,IndiGo,6E 513,Economy,9080.0,INR,,,,,AVAILABLE,,serpapi_google_flights,,2026-09-10 00:25:38.776067,1,nonstop; dep 2026-09-11 08:30; key=friend
1601,DEL,CCU,2026-09-11,1,IndiGo,6E 6415,Economy,9080.0,INR,,,,,AVAILABLE,,serpapi_google_flights,,2026-09-10 00:25:38.776067,1,nonstop; dep 2026-09-11 16:00; key=friend
1602,DEL,CCU,2026-09-11,1,IndiGo,6E 389,Economy,9080.0,INR,,,,,AVAILABLE,,serpapi_google_flights,,2026-09-10 00:25:38.776067,1,nonstop; dep 2026-09-11 21:50; key=friend
1603,DEL,CCU,2026-09-11,1,Air India,AI 2767,Economy,9129.0,INR,,,,,AVAILABLE,,serpapi_google_flights,,2026-09-10 00:25:38.776067,1,nonstop; dep 2026-09-11 13:00; key=friend
1604,DEL,CCU,2026-09-11,1,Air India,AI 1733,Economy,9239.0,INR,,,,,AVAILABLE,,serpapi_google_flights,,2026-09-10 00:25:38.776067,1,nonstop; dep 2026-09-11 16:15; key=friend
1605,DEL,CCU,2026-09-11,1,Air India,AI 2707,Economy,9239.0,INR,,,,,AVAILABLE,,serpapi_google_flights,,2026-09-10 00:25:38.776067,1,nonstop; dep 2026-09-11 18:00; key=friend
1606,DEL,CCU,2026-09-11,1,Air India,AI 1714,Economy,9239.0,INR,,,,,AVAILABLE,,serpapi_google_flights,,2026-09-10 00:25:38.776067,1,nonstop; dep 2026-09-11 21:00; key=friend
1607,DEL,CCU,2026-09-11,1,IndiGo,6E 894,Economy,9395.0,INR,,,,,AVAILABLE,,serpapi_google_flights,,2026-09-10 00:25:38.776067,1,nonstop; dep 2026-09-11 10:15; key=friend
1608,DEL,CCU,2026-09-11,1,IndiGo,6E 2276,Economy,9395.0,INR,,,,,AVAILABLE,,serpapi_google_flights,,2026-09-10 00:25:38.776067,1,nonstop; dep 2026-09-11 17:55; key=friend
1609,DEL,CCU,2026-09-11,1,Air India,AI 1791,Economy,9402.0,INR,,,,,AVAILABLE,,serpapi_google_flights,,2026-09-10 00:25:38.776067,1,nonstop; dep 2026-09-11 09:55; key=friend
1610,DEL,CCU,2026-09-11,1,Akasa Air,QP 1803,Economy,9527.0,INR,,,,,AVAILABLE,,serpapi_google_flights,,2026-09-10 00:25:38.776067,1,nonstop; dep 2026-09-11 17:05; key=friend
1611,DEL,CCU,2026-09-11,1,Air India,AI 2705,Economy,11633.0,INR,,,,,AVAILABLE,,serpapi_google_flights,,2026-09-10 00:25:38.776067,1,nonstop; dep 2026-09-11 07:30; key=friend
1612,DEL,CCU,2026-09-11,1,IndiGo,6E 6517,Economy,11757.0,INR,,,,,AVAILABLE,,serpapi_google_flights,,2026-09-10 00:25:38.776067,1,nonstop; dep 2026-09-11 19:30; key=friend
1613,DEL,CCU,2026-09-11,1,Air India,AI 2709,Economy,12431.0,INR,,,,,AVAILABLE,,serpapi_google_flights,,2026-09-10 00:25:38.776067,1,nonstop; dep 2026-09-11 19:40; key=friend
1614,DEL,CCU,2026-09-17,7,Akasa Air,QP 1801,Economy,8259.0,INR,,,,,AVAILABLE,,serpapi_google_flights,,2026-09-10 00:25:41.856205,1,nonstop; dep 2026-09-17 05:55; key=friend
1615,DEL,CCU,2026-09-17,7,Akasa Air,QP 1803,Economy,8259.0,INR,,,,,AVAILABLE,,serpapi_google_flights,,2026-09-10 00:25:41.856205,1,nonstop; dep 2026-09-17 17:05; key=friend
1616,DEL,CCU,2026-09-17,7,Air India,AI 2702,Economy,8724.0,INR,,,,,AVAILABLE,,serpapi_google_flights,,2026-09-10 00:25:41.856205,1,nonstop; dep 2026-09-17 02:30; key=friend
1617,DEL,CCU,2026-09-17,7,IndiGo,6E 6415,Economy,8817.0,INR,,,,,AVAILABLE,,serpapi_google_flights,,2026-09-10 00:25:41.856205,1,nonstop; dep 2026-09-17 16:00; key=friend
1618,DEL,CCU,2026-09-17,7,IndiGo,6E 5191,Economy,8817.0,INR,,,,,AVAILABLE,,serpapi_google_flights,,2026-09-10 00:25:41.856205,1,nonstop; dep 2026-09-17 05:00; key=friend
1619,DEL,CCU,2026-09-17,7,IndiGo,6E 340,Economy,8817.0,INR,,,,,AVAILABLE,,serpapi_google_flights,,2026-09-10 00:25:41.856205,1,nonstop; dep 2026-09-17 07:20; key=friend
1620,DEL,CCU,2026-09-17,7,IndiGo,6E 897,Economy,8817.0,INR,,,,,AVAILABLE,,serpapi_google_flights,,2026-09-10 00:25:41.856205,1,nonstop; dep 2026-09-17 12:45; key=friend
1621,DEL,CCU,2026-09-17,7,IndiGo,6E 910,Economy,8817.0,INR,,,,,AVAILABLE,,serpapi_google_flights,,2026-09-10 00:25:41.856205,1,nonstop; dep 2026-09-17 14:25; key=friend
1622,DEL,CCU,2026-09-17,7,IndiGo,6E 2276,Economy,8817.0,INR,,,,,AVAILABLE,,serpapi_google_flights,,2026-09-10 00:25:41.856205,1,nonstop; dep 2026-09-17 17:55; key=friend
1623,DEL,CCU,2026-09-17,7,IndiGo,6E 389,Economy,8817.0,INR,,,,,AVAILABLE,,serpapi_google_flights,,2026-09-10 00:25:41.856205,1,nonstop; dep 2026-09-17 21:50; key=friend
1624,DEL,CCU,2026-09-17,7,IndiGo,6E 247,Economy,8817.0,INR,,,,,AVAILABLE,,serpapi_google_flights,,2026-09-10 00:25:41.856205,1,nonstop; dep 2026-09-17 23:30; key=friend
1625,DEL,CCU,2026-09-17,7,Air India,AI 2535,Economy,8976.0,INR,,,,,AVAILABLE,,serpapi_google_flights,,2026-09-10 00:25:41.856205,1,nonstop; dep 2026-09-17 06:40; key=friend
1626,DEL,CCU,2026-09-17,7,Air India,AI 1733,Economy,8976.0,INR,,,,,AVAILABLE,,serpapi_google_flights,,2026-09-10 00:25:41.856205,1,nonstop; dep 2026-09-17 16:15; key=friend
1627,DEL,CCU,2026-09-17,7,Air India,AI 2707,Economy,8976.0,INR,,,,,AVAILABLE,,serpapi_google_flights,,2026-09-10 00:25:41.856205,1,nonstop; dep 2026-09-17 18:00; key=friend
1628,DEL,CCU,2026-09-17,7,IndiGo,6E 513,Economy,9080.0,INR,,,,,AVAILABLE,,serpapi_google_flights,,2026-09-10 00:25:41.856205,1,nonstop; dep 2026-09-17 08:30; key=friend
1629,DEL,CCU,2026-09-17,7,Air India,AI 2705,Economy,9129.0,INR,,,,,AVAILABLE,,serpapi_google_flights,,2026-09-10 00:25:41.856205,1,nonstop; dep 2026-09-17 07:30; key=friend
1630,DEL,CCU,2026-09-17,7,Air India,AI 1714,Economy,9239.0,INR,,,,,AVAILABLE,,serpapi_google_flights,,2026-09-10 00:25:41.856205,1,nonstop; dep 2026-09-17 21:00; key=friend
1631,DEL,CCU,2026-09-17,7,Air India,AI 2767,Economy,9402.0,INR,,,,,AVAILABLE,,serpapi_google_flights,,2026-09-10 00:25:41.856205,1,nonstop; dep 2026-09-17 13:00; key=friend
1632,DEL,CCU,2026-09-17,7,IndiGo,6E 894,Economy,10392.0,INR,,,,,AVAILABLE,,serpapi_google_flights,,2026-09-10 00:25:41.856205,1,nonstop; dep 2026-09-17 10:15; key=friend
1633,DEL,CCU,2026-09-17,7,IndiGo,6E 6517,Economy,10392.0,INR,,,,,AVAILABLE,,serpapi_google_flights,,2026-09-10 00:25:41.856205,1,nonstop; dep 2026-09-17 19:30; key=friend
1634,DEL,CCU,2026-09-17,7,Air India,AI 1791,Economy,10887.0,INR,,,,,AVAILABLE,,serpapi_google_flights,,2026-09-10 00:25:41.856205,1,nonstop; dep 2026-09-17 09:55; key=friend
1635,DEL,CCU,2026-09-17,7,Air India,AI 2709,Economy,10887.0,INR,,,,,AVAILABLE,,serpapi_google_flights,,2026-09-10 00:25:41.856205,1,nonstop; dep 2026-09-17 19:40; key=friend
1636,DEL,CCU,2026-09-25,15,Akasa Air,QP 1801,Economy,8406.0,INR,,,,,AVAILABLE,,serpapi_google_flights,,2026-09-10 00:25:44.828397,1,nonstop; dep 2026-09-25 05:55; key=friend
1637,DEL,CCU,2026-09-25,15,Akasa Air,QP 1803,Economy,8406.0,INR,,,,,AVAILABLE,,serpapi_google_flights,,2026-09-10 00:25:44.828397,1,nonstop; dep 2026-09-25 17:05; key=friend
1638,DEL,CCU,2026-09-25,15,Air India,AI 2702,Economy,8724.0,INR,,,,,AVAILABLE,,serpapi_google_flights,,2026-09-10 00:25:44.828397,1,nonstop; dep 2026-09-25 02:30; key=friend
1639,DEL,CCU,2026-09-25,15,IndiGo,6E 513,Economy,8817.0,INR,,,,,AVAILABLE,,serpapi_google_flights,,2026-09-10 00:25:44.828397,1,nonstop; dep 2026-09-25 08:30; key=friend
1640,DEL,CCU,2026-09-25,15,IndiGo,6E 5191,Economy,8817.0,INR,,,,,AVAILABLE,,serpapi_google_flights,,2026-09-10 00:25:44.828397,1,nonstop; dep 2026-09-25 05:00; key=friend
1641,DEL,CCU,2026-09-25,15,IndiGo,6E 340,Economy,8817.0,INR,,,,,AVAILABLE,,serpapi_google_flights,,2026-09-10 00:25:44.828397,1,nonstop; dep 2026-09-25 07:20; key=friend
1642,DEL,CCU,2026-09-25,15,IndiGo,6E 894,Economy,8817.0,INR,,,,,AVAILABLE,,serpapi_google_flights,,2026-09-10 00:25:44.828397,1,nonstop; dep 2026-09-25 10:15; key=friend
1643,DEL,CCU,2026-09-25,15,IndiGo,6E 897,Economy,8817.0,INR,,,,,AVAILABLE,,serpapi_google_flights,,2026-09-10 00:25:44.828397,1,nonstop; dep 2026-09-25 12:45; key=friend
1644,DEL,CCU,2026-09-25,15,IndiGo,6E 910,Economy,8817.0,INR,,,,,AVAILABLE,,serpapi_google_flights,,2026-09-10 00:25:44.828397,1,nonstop; dep 2026-09-25 14:25; key=friend
1645,DEL,CCU,2026-09-25,15,IndiGo,6E 6415,Economy,8817.0,INR,,,,,AVAILABLE,,serpapi_google_flights,,2026-09-10 00:25:44.828397,1,nonstop; dep 2026-09-25 16:00; key=friend
1646,DEL,CCU,2026-09-25,15,IndiGo,6E 2276,Economy,8817.0,INR,,,,,AVAILABLE,,serpapi_google_flights,,2026-09-10 00:25:44.828397,1,nonstop; dep 2026-09-25 17:55; key=friend
1647,DEL,CCU,2026-09-25,15,IndiGo,6E 6517,Economy,8817.0,INR,,,,,AVAILABLE,,serpapi_google_flights,,2026-09-10 00:25:44.828397,1,nonstop; dep 2026-09-25 19:30; key=friend
1648,DEL,CCU,2026-09-25,15,IndiGo,6E 389,Economy,8817.0,INR,,,,,AVAILABLE,,serpapi_google_flights,,2026-09-10 00:25:44.828397,1,nonstop; dep 2026-09-25 21:50; key=friend
1649,DEL,CCU,2026-09-25,15,IndiGo,6E 247,Economy,8817.0,INR,,,,,AVAILABLE,,serpapi_google_flights,,2026-09-10 00:25:44.828397,1,nonstop; dep 2026-09-25 23:30; key=friend
1650,DEL,CCU,2026-09-25,15,Air India,AI 2535,Economy,8976.0,INR,,,,,AVAILABLE,,serpapi_google_flights,,2026-09-10 00:25:44.828397,1,nonstop; dep 2026-09-25 06:40; key=friend
1651,DEL,CCU,2026-09-25,15,Air India,AI 1733,Economy,8976.0,INR,,,,,AVAILABLE,,serpapi_google_flights,,2026-09-10 00:25:44.828397,1,nonstop; dep 2026-09-25 16:15; key=friend
1652,DEL,CCU,2026-09-25,15,Air India,AI 2707,Economy,8976.0,INR,,,,,AVAILABLE,,serpapi_google_flights,,2026-09-10 00:25:44.828397,1,nonstop; dep 2026-09-25 18:00; key=friend
1653,DEL,CCU,2026-09-25,15,Air India,AI 1714,Economy,8976.0,INR,,,,,AVAILABLE,,serpapi_google_flights,,2026-09-10 00:25:44.828397,1,nonstop; dep 2026-09-25 21:00; key=friend
1654,DEL,CCU,2026-09-25,15,Air India,AI 2705,Economy,9129.0,INR,,,,,AVAILABLE,,serpapi_google_flights,,2026-09-10 00:25:44.828397,1,nonstop; dep 2026-09-25 07:30; key=friend
1655,DEL,CCU,2026-09-25,15,Air India,AI 1791,Economy,9129.0,INR,,,,,AVAILABLE,,serpapi_google_flights,,2026-09-10 00:25:44.828397,1,nonstop; dep 2026-09-25 09:55; key=friend
1656,DEL,CCU,2026-09-25,15,Air India,AI 2767,Economy,9129.0,INR,,,,,AVAILABLE,,serpapi_google_flights,,2026-09-10 00:25:44.828397,1,nonstop; dep 2026-09-25 13:00; key=friend
1657,DEL,CCU,2026-09-25,15,Air India,AI 2709,Economy,9129.0,INR,,,,,AVAILABLE,,serpapi_google_flights,,2026-09-10 00:25:44.828397,1,nonstop; dep 2026-09-25 19:40; key=friend
1658,DEL,CCU,2026-10-10,30,Akasa Air,QP 1803,Economy,10815.0,INR,,,,,AVAILABLE,,serpapi_google_flights,,2026-09-10 00:25:48.520095,1,nonstop; dep 2026-10-10 17:00; key=friend
1659,DEL,CCU,2026-10-10,30,SpiceJet,SG 905,Economy,11498.0,INR,,,,,AVAILABLE,,serpapi_google_flights,,2026-09-10 00:25:48.520095,1,nonstop; dep 2026-10-10 20:10; key=friend
1660,DEL,CCU,2026-10-10,30,IndiGo,6E 5191,Economy,11757.0,INR,,,,,AVAILABLE,,serpapi_google_flights,,2026-09-10 00:25:48.520095,1,nonstop; dep 2026-10-10 05:00; key=friend
1661,DEL,CCU,2026-10-10,30,Akasa Air,QP 1801,Economy,12070.0,INR,,,,,AVAILABLE,,serpapi_google_flights,,2026-09-10 00:25:48.520095,1,nonstop; dep 2026-10-10 05:55; key=friend
1662,DEL,CCU,2026-10-10,30,IndiGo,6E 6415,Economy,12545.0,INR,,,,,AVAILABLE,,serpapi_google_flights,,2026-09-10 00:25:48.520095,1,nonstop; dep 2026-10-10 16:00; key=friend
1663,DEL,CCU,2026-10-10,30,IndiGo,6E 2276,Economy,12545.0,INR,,,,,AVAILABLE,,serpapi_google_flights,,2026-09-10 00:25:48.520095,1,nonstop; dep 2026-10-10 17:55; key=friend
1664,DEL,CCU,2026-10-10,30,IndiGo,6E 389,Economy,12545.0,INR,,,,,AVAILABLE,,serpapi_google_flights,,2026-09-10 00:25:48.520095,1,nonstop; dep 2026-10-10 21:50; key=friend
1665,DEL,CCU,2026-10-10,30,IndiGo,6E 247,Economy,12545.0,INR,,,,,AVAILABLE,,serpapi_google_flights,,2026-09-10 00:25:48.520095,1,nonstop; dep 2026-10-10 23:30; key=friend
1666,DEL,CCU,2026-10-10,30,Air India,AI 2702,Economy,13155.0,INR,,,,,AVAILABLE,,serpapi_google_flights,,2026-09-10 00:25:48.520095,1,nonstop; dep 2026-10-10 02:30; key=friend
1667,DEL,CCU,2026-10-10,30,Air India,AI 2707,Economy,13155.0,INR,,,,,AVAILABLE,,serpapi_google_flights,,2026-09-10 00:25:48.520095,1,nonstop; dep 2026-10-10 18:00; key=friend
1668,DEL,CCU,2026-10-10,30,IndiGo,6E 930,Economy,13332.0,INR,,,,,AVAILABLE,,serpapi_google_flights,,2026-09-10 00:25:48.520095,1,nonstop; dep 2026-10-10 02:45; key=friend
1669,DEL,CCU,2026-10-10,30,Air India,AI 1714,Economy,13518.0,INR,,,,,AVAILABLE,,serpapi_google_flights,,2026-09-10 00:25:48.520095,1,nonstop; dep 2026-10-10 21:00; key=friend
1670,DEL,CCU,2026-10-10,30,Air India,AI 2535,Economy,14163.0,INR,,,,,AVAILABLE,,serpapi_google_flights,,2026-09-10 00:25:48.520095,1,nonstop; dep 2026-10-10 06:40; key=friend
1671,DEL,CCU,2026-10-10,30,Air India,AI 2705,Economy,14163.0,INR,,,,,AVAILABLE,,serpapi_google_flights,,2026-09-10 00:25:48.520095,1,nonstop; dep 2026-10-10 07:30; key=friend
1672,DEL,CCU,2026-10-10,30,Air India,AI 1791,Economy,14163.0,INR,,,,,AVAILABLE,,serpapi_google_flights,,2026-09-10 00:25:48.520095,1,nonstop; dep 2026-10-10 09:55; key=friend
1673,DEL,CCU,2026-10-10,30,Air India,AI 2709,Economy,14163.0,INR,,,,,AVAILABLE,,serpapi_google_flights,,2026-09-10 00:25:48.520095,1,nonstop; dep 2026-10-10 19:40; key=friend
1674,DEL,CCU,2026-10-10,30,SpiceJet,SG 130,Economy,14164.0,INR,,,,,AVAILABLE,,serpapi_google_flights,,2026-09-10 00:25:48.520095,1,nonstop; dep 2026-10-10 05:20; key=friend
1675,DEL,CCU,2026-10-10,30,IndiGo,6E 340,Economy,14172.0,INR,,,,,AVAILABLE,,serpapi_google_flights,,2026-09-10 00:25:48.520095,1,nonstop; dep 2026-10-10 07:20; key=friend
1676,DEL,CCU,2026-10-10,30,IndiGo,6E 513,Economy,14172.0,INR,,,,,AVAILABLE,,serpapi_google_flights,,2026-09-10 00:25:48.520095,1,nonstop; dep 2026-10-10 08:30; key=friend
1677,DEL,CCU,2026-10-10,30,IndiGo,6E 894,Economy,14172.0,INR,,,,,AVAILABLE,,serpapi_google_flights,,2026-09-10 00:25:48.520095,1,nonstop; dep 2026-10-10 10:15; key=friend
1678,DEL,CCU,2026-10-10,30,IndiGo,6E 2487,Economy,14172.0,INR,,,,,AVAILABLE,,serpapi_google_flights,,2026-09-10 00:25:48.520095,1,nonstop; dep 2026-10-10 11:50; key=friend
1679,DEL,CCU,2026-10-10,30,IndiGo,6E 897,Economy,14172.0,INR,,,,,AVAILABLE,,serpapi_google_flights,,2026-09-10 00:25:48.520095,1,nonstop; dep 2026-10-10 12:45; key=friend
1680,DEL,CCU,2026-10-10,30,IndiGo,6E 910,Economy,14172.0,INR,,,,,AVAILABLE,,serpapi_google_flights,,2026-09-10 00:25:48.520095,1,nonstop; dep 2026-10-10 14:25; key=friend
1681,DEL,CCU,2026-10-10,30,IndiGo,6E 6517,Economy,14172.0,INR,,,,,AVAILABLE,,serpapi_google_flights,,2026-09-10 00:25:48.520095,1,nonstop; dep 2026-10-10 19:30; key=friend
1682,DEL,CCU,2026-10-10,30,SpiceJet,SG 156,Economy,16378.0,INR,,,,,AVAILABLE,,serpapi_google_flights,,2026-09-10 00:25:48.520095,1,nonstop; dep 2026-10-10 06:45; key=friend
1683,DEL,CCU,2026-10-10,30,Air India,AI 1733,Economy,18279.0,INR,,,,,AVAILABLE,,serpapi_google_flights,,2026-09-10 00:25:48.520095,1,nonstop; dep 2026-10-10 16:15; key=friend
1684,DEL,CCU,2026-10-10,30,Air India,AI 2767,Economy,25335.0,INR,,,,,AVAILABLE,,serpapi_google_flights,,2026-09-10 00:25:48.520095,1,nonstop; dep 2026-10-10 13:00; key=friend
1685,DEL,CCU,2026-10-25,45,SpiceJet,SG 263,Economy,13196.0,INR,,,,,AVAILABLE,,serpapi_google_flights,,2026-09-10 00:25:52.487718,1,nonstop; dep 2026-10-25 07:00; key=friend
1686,DEL,CCU,2026-10-25,45,IndiGo,6E 340,Economy,15957.0,INR,,,,,AVAILABLE,,serpapi_google_flights,,2026-09-10 00:25:52.487718,1,nonstop; dep 2026-10-25 06:15; key=friend
1687,DEL,CCU,2026-10-25,45,Akasa Air,QP 1258,Economy,16521.0,INR,,,,,AVAILABLE,,serpapi_google_flights,,2026-09-10 00:25:52.487718,1,nonstop; dep 2026-10-25 08:50; key=friend
1688,DEL,CCU,2026-10-25,45,IndiGo,6E 930,Economy,17952.0,INR,,,,,AVAILABLE,,serpapi_google_flights,,2026-09-10 00:25:52.487718,1,nonstop; dep 2026-10-25 03:00; key=friend
1689,DEL,CCU,2026-10-25,45,IndiGo,6E 5191,Economy,17952.0,INR,,,,,AVAILABLE,,serpapi_google_flights,,2026-09-10 00:25:52.487718,1,nonstop; dep 2026-10-25 04:45; key=friend
1690,DEL,CCU,2026-10-25,45,Air India Express,IX 1197,Economy,18520.0,INR,,,,,AVAILABLE,,serpapi_google_flights,,2026-09-10 00:25:52.487718,1,nonstop; dep 2026-10-25 20:50; key=friend
1691,DEL,CCU,2026-10-25,45,IndiGo,6E 2192,Economy,19107.0,INR,,,,,AVAILABLE,,serpapi_google_flights,,2026-09-10 00:25:52.487718,1,nonstop; dep 2026-10-25 08:30; key=friend
1692,DEL,CCU,2026-10-25,45,IndiGo,6E 897,Economy,19107.0,INR,,,,,AVAILABLE,,serpapi_google_flights,,2026-09-10 00:25:52.487718,1,nonstop; dep 2026-10-25 12:15; key=friend
1693,DEL,CCU,2026-10-25,45,IndiGo,6E 247,Economy,19107.0,INR,,,,,AVAILABLE,,serpapi_google_flights,,2026-09-10 00:25:52.487718,1,nonstop; dep 2026-10-25 23:45; key=friend
1694,DEL,CCU,2026-10-25,45,IndiGo,6E 894,Economy,21837.0,INR,,,,,AVAILABLE,,serpapi_google_flights,,2026-09-10 00:25:52.487718,1,nonstop; dep 2026-10-25 10:30; key=friend
1695,DEL,CCU,2026-10-25,45,IndiGo,6E 2327,Economy,21837.0,INR,,,,,AVAILABLE,,serpapi_google_flights,,2026-09-10 00:25:52.487718,1,nonstop; dep 2026-10-25 13:35; key=friend
1696,DEL,CCU,2026-10-25,45,IndiGo,6E 6415,Economy,22438.0,INR,,,,,AVAILABLE,,serpapi_google_flights,,2026-09-10 00:25:52.487718,1,nonstop; dep 2026-10-25 15:30; key=friend
1697,DEL,CCU,2026-10-25,45,IndiGo,6E 920,Economy,22438.0,INR,,,,,AVAILABLE,,serpapi_google_flights,,2026-09-10 00:25:52.487718,1,nonstop; dep 2026-10-25 17:15; key=friend
1698,DEL,CCU,2026-10-25,45,IndiGo,6E 6517,Economy,22438.0,INR,,,,,AVAILABLE,,serpapi_google_flights,,2026-09-10 00:25:52.487718,1,nonstop; dep 2026-10-25 19:30; key=friend
1699,DEL,CCU,2026-10-25,45,IndiGo,6E 389,Economy,22438.0,INR,,,,,AVAILABLE,,serpapi_google_flights,,2026-09-10 00:25:52.487718,1,nonstop; dep 2026-10-25 22:15; key=friend
1700,DEL,CCU,2026-10-25,45,Akasa Air,QP 1260,Economy,23284.0,INR,,,,,AVAILABLE,,serpapi_google_flights,,2026-09-10 00:25:52.487718,1,nonstop; dep 2026-10-25 20:55; key=friend
1701,DEL,CCU,2026-10-25,45,Air India,AI 2597,Economy,23755.0,INR,,,,,AVAILABLE,,serpapi_google_flights,,2026-09-10 00:25:52.487718,1,nonstop; dep 2026-10-25 09:30; key=friend
1702,DEL,CCU,2026-10-25,45,Air India,AI 2553,Economy,23755.0,INR,,,,,AVAILABLE,,serpapi_google_flights,,2026-09-10 00:25:52.487718,1,nonstop; dep 2026-10-25 16:15; key=friend
1703,DEL,CCU,2026-10-25,45,Air India,AI 2767,Economy,25335.0,INR,,,,,AVAILABLE,,serpapi_google_flights,,2026-09-10 00:25:52.487718,1,nonstop; dep 2026-10-25 13:00; key=friend
1704,DEL,CCU,2026-10-25,45,Air India,AI 2707,Economy,25335.0,INR,,,,,AVAILABLE,,serpapi_google_flights,,2026-09-10 00:25:52.487718,1,nonstop; dep 2026-10-25 18:00; key=friend
1705,DEL,CCU,2026-10-25,45,Air India,AI 2709,Economy,25335.0,INR,,,,,AVAILABLE,,serpapi_google_flights,,2026-09-10 00:25:52.487718,1,nonstop; dep 2026-10-25 19:40; key=friend
1706,DEL,CCU,2026-10-25,45,Air India,AI 2535,Economy,25783.0,INR,,,,,AVAILABLE,,serpapi_google_flights,,2026-09-10 00:25:52.487718,1,nonstop; dep 2026-10-25 06:40; key=friend
1707,DEL,CCU,2026-10-25,45,Air India,AI 2705,Economy,32289.0,INR,,,,,AVAILABLE,,serpapi_google_flights,,2026-09-10 00:25:52.487718,1,nonstop; dep 2026-10-25 06:45; key=friend
1708,DEL,CCU,2026-10-25,45,Air India,AI 2727,Economy,32289.0,INR,,,,,AVAILABLE,,serpapi_google_flights,,2026-09-10 00:25:52.487718,1,nonstop; dep 2026-10-25 21:40; key=friend
1709,AMD,DEL,2026-09-11,1,IndiGo,6E 5385,Economy,5985.0,INR,,,,,AVAILABLE,,serpapi_google_flights,,2026-09-10 00:25:55.586976,1,nonstop; dep 2026-09-11 00:05; key=friend
1710,AMD,DEL,2026-09-11,1,IndiGo,6E 2209,Economy,6155.0,INR,,,,,AVAILABLE,,serpapi_google_flights,,2026-09-10 00:25:55.586976,1,nonstop; dep 2026-09-11 05:00; key=friend
1711,AMD,DEL,2026-09-11,1,Air India,AI 424,Economy,6312.0,INR,,,,,AVAILABLE,,serpapi_google_flights,,2026-09-10 00:25:55.586976,1,nonstop; dep 2026-09-11 13:00; key=friend
1712,AMD,DEL,2026-09-11,1,IndiGo,6E 2340,Economy,5985.0,INR,,,,,AVAILABLE,,serpapi_google_flights,,2026-09-10 00:25:55.586976,1,nonstop; dep 2026-09-11 12:15; key=friend
1713,AMD,DEL,2026-09-11,1,IndiGo,6E 5072,Economy,5985.0,INR,,,,,AVAILABLE,,serpapi_google_flights,,2026-09-10 00:25:55.586976,1,nonstop; dep 2026-09-11 14:35; key=friend
1714,AMD,DEL,2026-09-11,1,Air India,AI 2716,Economy,6312.0,INR,,,,,AVAILABLE,,serpapi_google_flights,,2026-09-10 00:25:55.586976,1,nonstop; dep 2026-09-11 14:00; key=friend
1715,AMD,DEL,2026-09-11,1,IndiGo,6E 983,Economy,7205.0,INR,,,,,AVAILABLE,,serpapi_google_flights,,2026-09-10 00:25:55.586976,1,nonstop; dep 2026-09-11 07:30; key=friend
1716,AMD,DEL,2026-09-11,1,IndiGo,6E 2179,Economy,7205.0,INR,,,,,AVAILABLE,,serpapi_google_flights,,2026-09-10 00:25:55.586976,1,nonstop; dep 2026-09-11 09:50; key=friend
1717,AMD,DEL,2026-09-11,1,Air India,AI 1117,Economy,7257.0,INR,,,,,AVAILABLE,,serpapi_google_flights,,2026-09-10 00:25:55.586976,1,nonstop; dep 2026-09-11 08:25; key=friend
1718,AMD,DEL,2026-09-11,1,Air India,AI 2946,Economy,7541.0,INR,,,,,AVAILABLE,,serpapi_google_flights,,2026-09-10 00:25:55.586976,1,nonstop; dep 2026-09-11 09:30; key=friend
1719,AMD,DEL,2026-09-11,1,Air India,AI 2906,Economy,7940.0,INR,,,,,AVAILABLE,,serpapi_google_flights,,2026-09-10 00:25:55.586976,1,nonstop; dep 2026-09-11 06:30; key=friend
1720,AMD,DEL,2026-09-11,1,Air India,AI 882,Economy,8255.0,INR,,,,,AVAILABLE,,serpapi_google_flights,,2026-09-10 00:25:55.586976,1,nonstop; dep 2026-09-11 15:55; key=friend
1721,AMD,DEL,2026-09-11,1,IndiGo,6E 980,Economy,10565.0,INR,,,,,AVAILABLE,,serpapi_google_flights,,2026-09-10 00:25:55.586976,1,nonstop; dep 2026-09-11 17:05; key=friend
1722,AMD,DEL,2026-09-11,1,Air India,AI 2546,Economy,11510.0,INR,,,,,AVAILABLE,,serpapi_google_flights,,2026-09-10 00:25:55.586976,1,nonstop; dep 2026-09-11 23:00; key=friend
1723,AMD,DEL,2026-09-11,1,IndiGo,6E 932,Economy,13295.0,INR,,,,,AVAILABLE,,serpapi_google_flights,,2026-09-10 00:25:55.586976,1,nonstop; dep 2026-09-11 21:50; key=friend
1724,AMD,DEL,2026-09-11,1,Air India,AI 532,Economy,16865.0,INR,,,,,AVAILABLE,,serpapi_google_flights,,2026-09-10 00:25:55.586976,1,nonstop; dep 2026-09-11 21:30; key=friend
1725,AMD,DEL,2026-09-11,1,IndiGo,6E 2263,Economy,17075.0,INR,,,,,AVAILABLE,,serpapi_google_flights,,2026-09-10 00:25:55.586976,1,nonstop; dep 2026-09-11 19:25; key=friend
1726,AMD,DEL,2026-09-11,1,Air India,AI 2938,Economy,20067.0,INR,,,,,AVAILABLE,,serpapi_google_flights,,2026-09-10 00:25:55.586976,1,nonstop; dep 2026-09-11 18:55; key=friend
1727,AMD,DEL,2026-09-11,1,Air India,AI 1121,Economy,20067.0,INR,,,,,AVAILABLE,,serpapi_google_flights,,2026-09-10 00:25:55.586976,1,nonstop; dep 2026-09-11 20:10; key=friend
1728,AMD,DEL,2026-09-17,7,Air India,AI 1121,Economy,5803.0,INR,,,,,AVAILABLE,,serpapi_google_flights,,2026-09-10 00:26:04.410494,1,nonstop; dep 2026-09-17 20:10; key=friend
1729,AMD,DEL,2026-09-17,7,IndiGo,6E 932,Economy,5985.0,INR,,,,,AVAILABLE,,serpapi_google_flights,,2026-09-10 00:26:04.410494,1,nonstop; dep 2026-09-17 21:50; key=friend
1730,AMD,DEL,2026-09-17,7,IndiGo,6E 5385,Economy,6155.0,INR,,,,,AVAILABLE,,serpapi_google_flights,,2026-09-10 00:26:04.410494,1,nonstop; dep 2026-09-17 00:05; key=friend
1731,AMD,DEL,2026-09-17,7,IndiGo,6E 2263,Economy,6185.0,INR,,,,,AVAILABLE,,serpapi_google_flights,,2026-09-10 00:26:04.410494,1,nonstop; dep 2026-09-17 19:25; key=friend
1732,AMD,DEL,2026-09-17,7,Air India,AI 2546,Economy,6522.0,INR,,,,,AVAILABLE,,serpapi_google_flights,,2026-09-10 00:26:04.410494,1,nonstop; dep 2026-09-17 23:00; key=friend
1733,AMD,DEL,2026-09-17,7,Air India,AI 882,Economy,6549.0,INR,,,,,AVAILABLE,,serpapi_google_flights,,2026-09-10 00:26:04.410494,1,nonstop; dep 2026-09-17 15:55; key=friend
1734,AMD,DEL,2026-09-17,7,IndiGo,6E 5072,Economy,6575.0,INR,,,,,AVAILABLE,,serpapi_google_flights,,2026-09-10 00:26:04.410494,1,nonstop; dep 2026-09-17 14:35; key=friend
1735,AMD,DEL,2026-09-17,7,IndiGo,6E 980,Economy,6575.0,INR,,,,,AVAILABLE,,serpapi_google_flights,,2026-09-10 00:26:04.410494,1,nonstop; dep 2026-09-17 17:05; key=friend
1736,AMD,DEL,2026-09-17,7,Air India,AI 2938,Economy,6622.0,INR,,,,,AVAILABLE,,serpapi_google_flights,,2026-09-10 00:26:04.410494,1,nonstop; dep 2026-09-17 18:55; key=friend
1737,AMD,DEL,2026-09-17,7,Air India,AI 532,Economy,6837.0,INR,,,,,AVAILABLE,,serpapi_google_flights,,2026-09-10 00:26:04.410494,1,nonstop; dep 2026-09-17 21:30; key=friend
1738,AMD,DEL,2026-09-17,7,IndiGo,6E 2340,Economy,6995.0,INR,,,,,AVAILABLE,,serpapi_google_flights,,2026-09-10 00:26:04.410494,1,nonstop; dep 2026-09-17 12:15; key=friend
1739,AMD,DEL,2026-09-17,7,IndiGo,6E 2209,Economy,7415.0,INR,,,,,AVAILABLE,,serpapi_google_flights,,2026-09-10 00:26:04.410494,1,nonstop; dep 2026-09-17 05:00; key=friend
1740,AMD,DEL,2026-09-17,7,IndiGo,6E 2179,Economy,7625.0,INR,,,,,AVAILABLE,,serpapi_google_flights,,2026-09-10 00:26:04.410494,1,nonstop; dep 2026-09-17 09:50; key=friend
1741,AMD,DEL,2026-09-17,7,Air India,AI 2906,Economy,8622.0,INR,,,,,AVAILABLE,,serpapi_google_flights,,2026-09-10 00:26:04.410494,1,nonstop; dep 2026-09-17 06:25; key=friend
1742,AMD,DEL,2026-09-17,7,Air India,AI 2716,Economy,8622.0,INR,,,,,AVAILABLE,,serpapi_google_flights,,2026-09-10 00:26:04.410494,1,nonstop; dep 2026-09-17 14:00; key=friend
1743,AMD,DEL,2026-09-17,7,IndiGo,6E 983,Economy,8885.0,INR,,,,,AVAILABLE,,serpapi_google_flights,,2026-09-10 00:26:04.410494,1,nonstop; dep 2026-09-17 07:30; key=friend
1744,AMD,DEL,2026-09-17,7,Air India,AI 1117,Economy,9567.0,INR,,,,,AVAILABLE,,serpapi_google_flights,,2026-09-10 00:26:04.410494,1,nonstop; dep 2026-09-17 08:25; key=friend
1745,AMD,DEL,2026-09-25,15,Air India,AI 1121,Economy,5803.0,INR,,,,,AVAILABLE,,serpapi_google_flights,,2026-09-10 00:26:08.206043,1,nonstop; dep 2026-09-25 20:10; key=friend
1746,AMD,DEL,2026-09-25,15,IndiGo,6E 5385,Economy,5985.0,INR,,,,,AVAILABLE,,serpapi_google_flights,,2026-09-10 00:26:08.206043,1,nonstop; dep 2026-09-25 00:05; key=friend
1747,AMD,DEL,2026-09-25,15,IndiGo,6E 2179,Economy,6365.0,INR,,,,,AVAILABLE,,serpapi_google_flights,,2026-09-10 00:26:08.206043,1,nonstop; dep 2026-09-25 09:50; key=friend
1748,AMD,DEL,2026-09-25,15,IndiGo,6E 2340,Economy,5985.0,INR,,,,,AVAILABLE,,serpapi_google_flights,,2026-09-10 00:26:08.206043,1,nonstop; dep 2026-09-25 12:15; key=friend
1749,AMD,DEL,2026-09-25,15,IndiGo,6E 5072,Economy,5985.0,INR,,,,,AVAILABLE,,serpapi_google_flights,,2026-09-10 00:26:08.206043,1,nonstop; dep 2026-09-25 14:35; key=friend
1750,AMD,DEL,2026-09-25,15,Air India,AI 2938,Economy,6102.0,INR,,,,,AVAILABLE,,serpapi_google_flights,,2026-09-10 00:26:08.206043,1,nonstop; dep 2026-09-25 18:55; key=friend
1751,AMD,DEL,2026-09-25,15,IndiGo,6E 932,Economy,6155.0,INR,,,,,AVAILABLE,,serpapi_google_flights,,2026-09-10 00:26:08.206043,1,nonstop; dep 2026-09-25 21:50; key=friend
1752,AMD,DEL,2026-09-25,15,IndiGo,6E 980,Economy,6185.0,INR,,,,,AVAILABLE,,serpapi_google_flights,,2026-09-10 00:26:08.206043,1,nonstop; dep 2026-09-25 17:05; key=friend
1753,AMD,DEL,2026-09-25,15,IndiGo,6E 2263,Economy,6185.0,INR,,,,,AVAILABLE,,serpapi_google_flights,,2026-09-10 00:26:08.206043,1,nonstop; dep 2026-09-25 19:25; key=friend
1754,AMD,DEL,2026-09-25,15,Air India,AI 424,Economy,6312.0,INR,,,,,AVAILABLE,,serpapi_google_flights,,2026-09-10 00:26:08.206043,1,nonstop; dep 2026-09-25 13:00; key=friend
1755,AMD,DEL,2026-09-25,15,IndiGo,6E 2209,Economy,6365.0,INR,,,,,AVAILABLE,,serpapi_google_flights,,2026-09-10 00:26:08.206043,1,nonstop; dep 2026-09-25 05:00; key=friend
1756,AMD,DEL,2026-09-25,15,Air India,AI 2716,Economy,6522.0,INR,,,,,AVAILABLE,,serpapi_google_flights,,2026-09-10 00:26:08.206043,1,nonstop; dep 2026-09-25 14:00; key=friend
1757,AMD,DEL,2026-09-25,15,Air India,AI 532,Economy,6522.0,INR,,,,,AVAILABLE,,serpapi_google_flights,,2026-09-10 00:26:08.206043,1,nonstop; dep 2026-09-25 21:30; key=friend
1758,AMD,DEL,2026-09-25,15,Air India,AI 882,Economy,6549.0,INR,,,,,AVAILABLE,,serpapi_google_flights,,2026-09-10 00:26:08.206043,1,nonstop; dep 2026-09-25 15:55; key=friend
1759,AMD,DEL,2026-09-25,15,IndiGo,6E 983,Economy,6785.0,INR,,,,,AVAILABLE,,serpapi_google_flights,,2026-09-10 00:26:08.206043,1,nonstop; dep 2026-09-25 07:30; key=friend
1760,AMD,DEL,2026-09-25,15,Air India,AI 2546,Economy,6837.0,INR,,,,,AVAILABLE,,serpapi_google_flights,,2026-09-10 00:26:08.206043,1,nonstop; dep 2026-09-25 23:00; key=friend
1761,AMD,DEL,2026-09-25,15,Air India,AI 2946,Economy,7100.0,INR,,,,,AVAILABLE,,serpapi_google_flights,,2026-09-10 00:26:08.206043,1,nonstop; dep 2026-09-25 09:30; key=friend
1762,AMD,DEL,2026-09-25,15,Air India,AI 2906,Economy,7257.0,INR,,,,,AVAILABLE,,serpapi_google_flights,,2026-09-10 00:26:08.206043,1,nonstop; dep 2026-09-25 06:30; key=friend
1763,AMD,DEL,2026-09-25,15,Air India,AI 1117,Economy,7257.0,INR,,,,,AVAILABLE,,serpapi_google_flights,,2026-09-10 00:26:08.206043,1,nonstop; dep 2026-09-25 08:25; key=friend
1764,AMD,DEL,2026-10-10,30,Air India,AI 2906,Economy,5803.0,INR,,,,,AVAILABLE,,serpapi_google_flights,,2026-09-10 00:26:11.538591,1,nonstop; dep 2026-10-10 06:25; key=friend
1765,AMD,DEL,2026-10-10,30,Akasa Air,QP 1806,Economy,6062.0,INR,,,,,AVAILABLE,,serpapi_google_flights,,2026-09-10 00:26:11.538591,1,nonstop; dep 2026-10-10 11:30; key=friend
1766,AMD,DEL,2026-10-10,30,IndiGo,6E 2179,Economy,6185.0,INR,,,,,AVAILABLE,,serpapi_google_flights,,2026-09-10 00:26:11.538591,1,nonstop; dep 2026-10-10 09:50; key=friend
1767,AMD,DEL,2026-10-10,30,IndiGo,6E 5385,Economy,5985.0,INR,,,,,AVAILABLE,,serpapi_google_flights,,2026-09-10 00:26:11.538591,1,nonstop; dep 2026-10-10 00:05; key=friend
1768,AMD,DEL,2026-10-10,30,IndiGo,6E 2209,Economy,5985.0,INR,,,,,AVAILABLE,,serpapi_google_flights,,2026-09-10 00:26:11.538591,1,nonstop; dep 2026-10-10 05:00; key=friend
1769,AMD,DEL,2026-10-10,30,IndiGo,6E 2340,Economy,5985.0,INR,,,,,AVAILABLE,,serpapi_google_flights,,2026-09-10 00:26:11.538591,1,nonstop; dep 2026-10-10 12:15; key=friend
1770,AMD,DEL,2026-10-10,30,IndiGo,6E 5072,Economy,5985.0,INR,,,,,AVAILABLE,,serpapi_google_flights,,2026-09-10 00:26:11.538591,1,nonstop; dep 2026-10-10 14:35; key=friend
1771,AMD,DEL,2026-10-10,30,IndiGo,6E 932,Economy,5985.0,INR,,,,,AVAILABLE,,serpapi_google_flights,,2026-09-10 00:26:11.538591,1,nonstop; dep 2026-10-10 21:50; key=friend
1772,AMD,DEL,2026-10-10,30,IndiGo,6E 983,Economy,6185.0,INR,,,,,AVAILABLE,,serpapi_google_flights,,2026-09-10 00:26:11.538591,1,nonstop; dep 2026-10-10 07:30; key=friend
1773,AMD,DEL,2026-10-10,30,IndiGo,6E 980,Economy,6185.0,INR,,,,,AVAILABLE,,serpapi_google_flights,,2026-09-10 00:26:11.538591,1,nonstop; dep 2026-10-10 17:05; key=friend
1774,AMD,DEL,2026-10-10,30,IndiGo,6E 2263,Economy,6185.0,INR,,,,,AVAILABLE,,serpapi_google_flights,,2026-09-10 00:26:11.538591,1,nonstop; dep 2026-10-10 19:25; key=friend
1775,AMD,DEL,2026-10-10,30,Air India,AI 1117,Economy,6522.0,INR,,,,,AVAILABLE,,serpapi_google_flights,,2026-09-10 00:26:11.538591,1,nonstop; dep 2026-10-10 08:25; key=friend
1776,AMD,DEL,2026-10-10,30,Air India,AI 1121,Economy,6522.0,INR,,,,,AVAILABLE,,serpapi_google_flights,,2026-09-10 00:26:11.538591,1,nonstop; dep 2026-10-10 20:10; key=friend
1777,AMD,DEL,2026-10-10,30,Air India,AI 2938,Economy,6622.0,INR,,,,,AVAILABLE,,serpapi_google_flights,,2026-09-10 00:26:11.538591,1,nonstop; dep 2026-10-10 18:55; key=friend
1778,AMD,DEL,2026-10-10,30,Air India,AI 2946,Economy,6769.0,INR,,,,,AVAILABLE,,serpapi_google_flights,,2026-09-10 00:26:11.538591,1,nonstop; dep 2026-10-10 09:30; key=friend
1779,AMD,DEL,2026-10-10,30,Air India,AI 532,Economy,6837.0,INR,,,,,AVAILABLE,,serpapi_google_flights,,2026-09-10 00:26:11.538591,1,nonstop; dep 2026-10-10 21:30; key=friend
1780,AMD,DEL,2026-10-10,30,Air India,AI 2546,Economy,6837.0,INR,,,,,AVAILABLE,,serpapi_google_flights,,2026-09-10 00:26:11.538591,1,nonstop; dep 2026-10-10 23:00; key=friend
1781,AMD,DEL,2026-10-10,30,Air India,AI 2716,Economy,8622.0,INR,,,,,AVAILABLE,,serpapi_google_flights,,2026-09-10 00:26:11.538591,1,nonstop; dep 2026-10-10 14:00; key=friend
1782,AMD,DEL,2026-10-25,45,IndiGo,6E 932,Economy,6575.0,INR,,,,,AVAILABLE,,serpapi_google_flights,,2026-09-10 00:26:14.883962,1,nonstop; dep 2026-10-25 22:00; key=friend
1783,AMD,DEL,2026-10-25,45,IndiGo,6E 2263,Economy,6785.0,INR,,,,,AVAILABLE,,serpapi_google_flights,,2026-09-10 00:26:14.883962,1,nonstop; dep 2026-10-25 19:35; key=friend
1784,AMD,DEL,2026-10-25,45,Air India,AI 1121,Economy,7257.0,INR,,,,,AVAILABLE,,serpapi_google_flights,,2026-09-10 00:26:14.883962,1,nonstop; dep 2026-10-25 20:20; key=friend
1785,AMD,DEL,2026-10-25,45,Air India,AI 2906,Economy,6522.0,INR,,,,,AVAILABLE,,serpapi_google_flights,,2026-09-10 00:26:14.883962,1,nonstop; dep 2026-10-25 06:25; key=friend
1786,AMD,DEL,2026-10-25,45,IndiGo,6E 2384,Economy,6575.0,INR,,,,,AVAILABLE,,serpapi_google_flights,,2026-09-10 00:26:14.883962,1,nonstop; dep 2026-10-25 00:20; key=friend
1787,AMD,DEL,2026-10-25,45,IndiGo,6E 6874,Economy,6575.0,INR,,,,,AVAILABLE,,serpapi_google_flights,,2026-09-10 00:26:14.883962,1,nonstop; dep 2026-10-25 05:10; key=friend
1788,AMD,DEL,2026-10-25,45,Air India,AI 532,Economy,6837.0,INR,,,,,AVAILABLE,,serpapi_google_flights,,2026-09-10 00:26:14.883962,1,nonstop; dep 2026-10-25 21:35; key=friend
1789,AMD,DEL,2026-10-25,45,Air India,AI 2620,Economy,6942.0,INR,,,,,AVAILABLE,,serpapi_google_flights,,2026-09-10 00:26:14.883962,1,nonstop; dep 2026-10-25 22:20; key=friend
1790,AMD,DEL,2026-10-25,45,IndiGo,6E 6788,Economy,6995.0,INR,,,,,AVAILABLE,,serpapi_google_flights,,2026-09-10 00:26:14.883962,1,nonstop; dep 2026-10-25 12:20; key=friend
1791,AMD,DEL,2026-10-25,45,Air India,AI 424,Economy,7257.0,INR,,,,,AVAILABLE,,serpapi_google_flights,,2026-09-10 00:26:14.883962,1,nonstop; dep 2026-10-25 11:30; key=friend
1792,AMD,DEL,2026-10-25,45,Air India,AI 2522,Economy,7362.0,INR,,,,,AVAILABLE,,serpapi_google_flights,,2026-09-10 00:26:14.883962,1,nonstop; dep 2026-10-25 12:45; key=friend
1793,AMD,DEL,2026-10-25,45,Air India,AI 2938,Economy,7373.0,INR,,,,,AVAILABLE,,serpapi_google_flights,,2026-09-10 00:26:14.883962,1,nonstop; dep 2026-10-25 18:50; key=friend
1794,AMD,DEL,2026-10-25,45,IndiGo,6E 2288,Economy,8045.0,INR,,,,,AVAILABLE,,serpapi_google_flights,,2026-09-10 00:26:14.883962,1,nonstop; dep 2026-10-25 14:45; key=friend
1795,AMD,DEL,2026-10-25,45,Air India,AI 2646,Economy,8727.0,INR,,,,,AVAILABLE,,serpapi_google_flights,,2026-09-10 00:26:14.883962,1,nonstop; dep 2026-10-25 15:25; key=friend
1796,AMD,DEL,2026-10-25,45,IndiGo,6E 6867,Economy,8885.0,INR,,,,,AVAILABLE,,serpapi_google_flights,,2026-09-10 00:26:14.883962,1,nonstop; dep 2026-10-25 10:00; key=friend
1797,AMD,DEL,2026-10-25,45,IndiGo,6E 980,Economy,8885.0,INR,,,,,AVAILABLE,,serpapi_google_flights,,2026-09-10 00:26:14.883962,1,nonstop; dep 2026-10-25 17:10; key=friend
1798,AMD,DEL,2026-10-25,45,Air India,AI 2716,Economy,8974.0,INR,,,,,AVAILABLE,,serpapi_google_flights,,2026-09-10 00:26:14.883962,1,nonstop; dep 2026-10-25 14:00; key=friend
1799,AMD,DEL,2026-10-25,45,Air India,AI 882,Economy,9966.0,INR,,,,,AVAILABLE,,serpapi_google_flights,,2026-09-10 00:26:14.883962,1,nonstop; dep 2026-10-25 17:15; key=friend
1800,AMD,DEL,2026-10-25,45,IndiGo,6E 983,Economy,10565.0,INR,,,,,AVAILABLE,,serpapi_google_flights,,2026-09-10 00:26:14.883962,1,nonstop; dep 2026-10-25 07:40; key=friend
1801,AMD,DEL,2026-10-25,45,Air India,AI 1117,Economy,11510.0,INR,,,,,AVAILABLE,,serpapi_google_flights,,2026-09-10 00:26:14.883962,1,nonstop; dep 2026-10-25 08:15; key=friend
1802,BLR,HYD,2026-09-11,1,IndiGo,6E 6404,Economy,12468.0,INR,,,,,AVAILABLE,,serpapi_google_flights,,2026-09-10 00:26:19.109700,1,nonstop; dep 2026-09-11 11:35; key=friend
1803,BLR,HYD,2026-09-11,1,Star Air,S5 151,Economy,14500.0,INR,,,,,AVAILABLE,,serpapi_google_flights,,2026-09-10 00:26:19.109700,1,nonstop; dep 2026-09-11 19:40; key=friend
1804,BLR,HYD,2026-09-11,1,IndiGo,6E 537,Economy,13641.0,INR,,,,,AVAILABLE,,serpapi_google_flights,,2026-09-10 00:26:19.109700,1,nonstop; dep 2026-09-11 10:15; key=friend
1805,BLR,HYD,2026-09-11,1,IndiGo,6E 6067,Economy,13641.0,INR,,,,,AVAILABLE,,serpapi_google_flights,,2026-09-10 00:26:19.109700,1,nonstop; dep 2026-09-11 16:30; key=friend
1806,BLR,HYD,2026-09-11,1,Air India Express,IX 2506,Economy,14926.0,INR,,,,,AVAILABLE,,serpapi_google_flights,,2026-09-10 00:26:19.109700,1,nonstop; dep 2026-09-11 17:15; key=friend
1807,BLR,HYD,2026-09-11,1,Air India Express,IX 1723,Economy,14926.0,INR,,,,,AVAILABLE,,serpapi_google_flights,,2026-09-10 00:26:19.109700,1,nonstop; dep 2026-09-11 22:40; key=friend
1808,BLR,HYD,2026-09-11,1,IndiGo,6E 312,Economy,16363.0,INR,,,,,AVAILABLE,,serpapi_google_flights,,2026-09-10 00:26:19.109700,1,nonstop; dep 2026-09-11 09:15; key=friend
1809,BLR,HYD,2026-09-11,1,Air India Express,IX 2819,Economy,16927.0,INR,,,,,AVAILABLE,,serpapi_google_flights,,2026-09-10 00:26:19.109700,1,nonstop; dep 2026-09-11 12:30; key=friend
1810,BLR,HYD,2026-09-11,1,IndiGo,6E 6178,Economy,17939.0,INR,,,,,AVAILABLE,,serpapi_google_flights,,2026-09-10 00:26:19.109700,1,nonstop; dep 2026-09-11 06:25; key=friend
1811,BLR,HYD,2026-09-11,1,IndiGo,6E 484,Economy,17939.0,INR,,,,,AVAILABLE,,serpapi_google_flights,,2026-09-10 00:26:19.109700,1,nonstop; dep 2026-09-11 08:15; key=friend
1812,BLR,HYD,2026-09-11,1,IndiGo,6E 638,Economy,17939.0,INR,,,,,AVAILABLE,,serpapi_google_flights,,2026-09-10 00:26:19.109700,1,nonstop; dep 2026-09-11 18:35; key=friend
1813,BLR,HYD,2026-09-11,1,IndiGo,6E 6784,Economy,17939.0,INR,,,,,AVAILABLE,,serpapi_google_flights,,2026-09-10 00:26:19.109700,1,nonstop; dep 2026-09-11 21:30; key=friend
1814,BLR,HYD,2026-09-17,7,Alliance Air,9I 517,Economy,4767.0,INR,,,,,AVAILABLE,,serpapi_google_flights,,2026-09-10 00:26:31.262896,1,nonstop; dep 2026-09-17 20:50; key=friend
1815,BLR,HYD,2026-09-17,7,Air India Express,IX 2506,Economy,5927.0,INR,,,,,AVAILABLE,,serpapi_google_flights,,2026-09-10 00:26:31.262896,1,nonstop; dep 2026-09-17 17:15; key=friend
1816,BLR,HYD,2026-09-17,7,IndiGo,6E 6067,Economy,6291.0,INR,,,,,AVAILABLE,,serpapi_google_flights,,2026-09-10 00:26:31.262896,1,nonstop; dep 2026-09-17 16:30; key=friend
1817,BLR,HYD,2026-09-17,7,IndiGo,6E 638,Economy,6291.0,INR,,,,,AVAILABLE,,serpapi_google_flights,,2026-09-10 00:26:31.262896,1,nonstop; dep 2026-09-17 18:35; key=friend
1818,BLR,HYD,2026-09-17,7,Air India Express,IX 1250,Economy,7026.0,INR,,,,,AVAILABLE,,serpapi_google_flights,,2026-09-10 00:26:31.262896,1,nonstop; dep 2026-09-17 19:15; key=friend
1819,BLR,HYD,2026-09-17,7,IndiGo,6E 6404,Economy,7414.0,INR,,,,,AVAILABLE,,serpapi_google_flights,,2026-09-10 00:26:31.262896,1,nonstop; dep 2026-09-17 11:35; key=friend
1820,BLR,HYD,2026-09-17,7,Air India Express,IX 2819,Economy,7727.0,INR,,,,,AVAILABLE,,serpapi_google_flights,,2026-09-10 00:26:31.262896,1,nonstop; dep 2026-09-17 12:30; key=friend
1821,BLR,HYD,2026-09-17,7,IndiGo,6E 537,Economy,9570.0,INR,,,,,AVAILABLE,,serpapi_google_flights,,2026-09-10 00:26:31.262896,1,nonstop; dep 2026-09-17 10:15; key=friend
1822,BLR,HYD,2026-09-17,7,IndiGo,6E 312,Economy,10443.0,INR,,,,,AVAILABLE,,serpapi_google_flights,,2026-09-10 00:26:31.262896,1,nonstop; dep 2026-09-17 09:15; key=friend
1823,BLR,HYD,2026-09-17,7,IndiGo,6E 855,Economy,10443.0,INR,,,,,AVAILABLE,,serpapi_google_flights,,2026-09-10 00:26:31.262896,1,nonstop; dep 2026-09-17 19:45; key=friend
1824,BLR,HYD,2026-09-17,7,IndiGo,6E 6784,Economy,11406.0,INR,,,,,AVAILABLE,,serpapi_google_flights,,2026-09-10 00:26:31.262896,1,nonstop; dep 2026-09-17 21:30; key=friend
1825,BLR,HYD,2026-09-17,7,Air India Express,IX 2018,Economy,11627.0,INR,,,,,AVAILABLE,,serpapi_google_flights,,2026-09-10 00:26:31.262896,1,nonstop; dep 2026-09-17 06:05; key=friend
1826,BLR,HYD,2026-09-17,7,IndiGo,6E 484,Economy,14935.0,INR,,,,,AVAILABLE,,serpapi_google_flights,,2026-09-10 00:26:31.262896,1,nonstop; dep 2026-09-17 08:15; key=friend
1827,BLR,HYD,2026-09-17,7,IndiGo,6E 6178,Economy,16363.0,INR,,,,,AVAILABLE,,serpapi_google_flights,,2026-09-10 00:26:31.262896,1,nonstop; dep 2026-09-17 06:25; key=friend
1828,BLR,HYD,2026-09-25,15,Air India Express,IX 2506,Economy,5221.0,INR,,,,,AVAILABLE,,serpapi_google_flights,,2026-09-10 00:26:34.824043,1,nonstop; dep 2026-09-25 17:15; key=friend
1829,BLR,HYD,2026-09-25,15,IndiGo,6E 6067,Economy,5370.0,INR,,,,,AVAILABLE,,serpapi_google_flights,,2026-09-10 00:26:34.824043,1,nonstop; dep 2026-09-25 16:30; key=friend
1830,BLR,HYD,2026-09-25,15,Air India Express,IX 1250,Economy,5927.0,INR,,,,,AVAILABLE,,serpapi_google_flights,,2026-09-10 00:26:34.824043,1,nonstop; dep 2026-09-25 19:15; key=friend
1831,BLR,HYD,2026-09-25,15,IndiGo,6E 6404,Economy,6291.0,INR,,,,,AVAILABLE,,serpapi_google_flights,,2026-09-10 00:26:34.824043,1,nonstop; dep 2026-09-25 11:35; key=friend
1832,BLR,HYD,2026-09-25,15,IndiGo,6E 638,Economy,6291.0,INR,,,,,AVAILABLE,,serpapi_google_flights,,2026-09-10 00:26:34.824043,1,nonstop; dep 2026-09-25 18:35; key=friend
1833,BLR,HYD,2026-09-25,15,Air India Express,IX 2819,Economy,6427.0,INR,,,,,AVAILABLE,,serpapi_google_flights,,2026-09-10 00:26:34.824043,1,nonstop; dep 2026-09-25 12:30; key=friend
1834,BLR,HYD,2026-09-25,15,IndiGo,6E 6178,Economy,7414.0,INR,,,,,AVAILABLE,,serpapi_google_flights,,2026-09-10 00:26:34.824043,1,nonstop; dep 2026-09-25 06:25; key=friend
1835,BLR,HYD,2026-09-25,15,IndiGo,6E 312,Economy,7414.0,INR,,,,,AVAILABLE,,serpapi_google_flights,,2026-09-10 00:26:34.824043,1,nonstop; dep 2026-09-25 09:15; key=friend
1836,BLR,HYD,2026-09-25,15,IndiGo,6E 537,Economy,7414.0,INR,,,,,AVAILABLE,,serpapi_google_flights,,2026-09-10 00:26:34.824043,1,nonstop; dep 2026-09-25 10:15; key=friend
1837,BLR,HYD,2026-09-25,15,Air India Express,IX 2018,Economy,7727.0,INR,,,,,AVAILABLE,,serpapi_google_flights,,2026-09-10 00:26:34.824043,1,nonstop; dep 2026-09-25 06:05; key=friend
1838,BLR,HYD,2026-09-25,15,IndiGo,6E 484,Economy,8062.0,INR,,,,,AVAILABLE,,serpapi_google_flights,,2026-09-10 00:26:34.824043,1,nonstop; dep 2026-09-25 08:15; key=friend
1839,BLR,HYD,2026-09-25,15,IndiGo,6E 855,Economy,8780.0,INR,,,,,AVAILABLE,,serpapi_google_flights,,2026-09-10 00:26:34.824043,1,nonstop; dep 2026-09-25 19:45; key=friend
1840,BLR,HYD,2026-09-25,15,IndiGo,6E 6784,Economy,8780.0,INR,,,,,AVAILABLE,,serpapi_google_flights,,2026-09-10 00:26:34.824043,1,nonstop; dep 2026-09-25 21:30; key=friend
1841,BLR,HYD,2026-10-10,30,IndiGo,6E 855,Economy,4288.0,INR,,,,,AVAILABLE,,serpapi_google_flights,,2026-09-10 00:26:38.302399,1,nonstop; dep 2026-10-10 19:45; key=friend
1842,BLR,HYD,2026-10-10,30,Air India Express,IX 2018,Economy,4473.0,INR,,,,,AVAILABLE,,serpapi_google_flights,,2026-09-10 00:26:38.302399,1,nonstop; dep 2026-10-10 06:05; key=friend
1843,BLR,HYD,2026-10-10,30,Air India Express,IX 1250,Economy,4737.0,INR,,,,,AVAILABLE,,serpapi_google_flights,,2026-09-10 00:26:38.302399,1,nonstop; dep 2026-10-10 19:10; key=friend
1844,BLR,HYD,2026-10-10,30,Air India Express,IX 2051,Economy,4966.0,INR,,,,,AVAILABLE,,serpapi_google_flights,,2026-09-10 00:26:38.302399,1,nonstop; dep 2026-10-10 14:55; key=friend
1845,BLR,HYD,2026-10-10,30,Air India Express,IX 2506,Economy,4966.0,INR,,,,,AVAILABLE,,serpapi_google_flights,,2026-09-10 00:26:38.302399,1,nonstop; dep 2026-10-10 17:15; key=friend
1846,BLR,HYD,2026-10-10,30,Air India Express,IX 2819,Economy,5927.0,INR,,,,,AVAILABLE,,serpapi_google_flights,,2026-09-10 00:26:38.302399,1,nonstop; dep 2026-10-10 12:30; key=friend
1847,BLR,HYD,2026-10-10,30,IndiGo,6E 6784,Economy,6291.0,INR,,,,,AVAILABLE,,serpapi_google_flights,,2026-09-10 00:26:38.302399,1,nonstop; dep 2026-10-10 21:25; key=friend
1848,BLR,HYD,2026-10-10,30,IndiGo,6E 638,Economy,6825.0,INR,,,,,AVAILABLE,,serpapi_google_flights,,2026-09-10 00:26:38.302399,1,nonstop; dep 2026-10-10 18:35; key=friend
1849,BLR,HYD,2026-10-10,30,IndiGo,6E 6067,Economy,8780.0,INR,,,,,AVAILABLE,,serpapi_google_flights,,2026-09-10 00:26:38.302399,1,nonstop; dep 2026-10-10 16:30; key=friend
1850,BLR,HYD,2026-10-10,30,IndiGo,6E 407,Economy,9570.0,INR,,,,,AVAILABLE,,serpapi_google_flights,,2026-09-10 00:26:38.302399,1,nonstop; dep 2026-10-10 14:50; key=friend
1851,BLR,HYD,2026-10-10,30,IndiGo,6E 6178,Economy,11406.0,INR,,,,,AVAILABLE,,serpapi_google_flights,,2026-09-10 00:26:38.302399,1,nonstop; dep 2026-10-10 06:10; key=friend
1852,BLR,HYD,2026-10-10,30,IndiGo,6E 537,Economy,12468.0,INR,,,,,AVAILABLE,,serpapi_google_flights,,2026-09-10 00:26:38.302399,1,nonstop; dep 2026-10-10 10:15; key=friend
1853,BLR,HYD,2026-10-10,30,IndiGo,6E 312,Economy,13641.0,INR,,,,,AVAILABLE,,serpapi_google_flights,,2026-09-10 00:26:38.302399,1,nonstop; dep 2026-10-10 09:15; key=friend
1854,BLR,HYD,2026-10-10,30,IndiGo,6E 6404,Economy,13641.0,INR,,,,,AVAILABLE,,serpapi_google_flights,,2026-09-10 00:26:38.302399,1,nonstop; dep 2026-10-10 11:35; key=friend
1855,BLR,HYD,2026-10-10,30,IndiGo,6E 484,Economy,14935.0,INR,,,,,AVAILABLE,,serpapi_google_flights,,2026-09-10 00:26:38.302399,1,nonstop; dep 2026-10-10 08:15; key=friend
1856,BLR,HYD,2026-10-25,45,IndiGo,6E 6178,Economy,4288.0,INR,,,,,AVAILABLE,,serpapi_google_flights,,2026-09-10 00:26:43.426984,1,nonstop; dep 2026-10-25 11:25; key=friend
1857,BLR,HYD,2026-10-25,45,IndiGo,6E 855,Economy,4288.0,INR,,,,,AVAILABLE,,serpapi_google_flights,,2026-09-10 00:26:43.426984,1,nonstop; dep 2026-10-25 20:05; key=friend
1858,BLR,HYD,2026-10-25,45,IndiGo,6E 6923,Economy,4613.0,INR,,,,,AVAILABLE,,serpapi_google_flights,,2026-09-10 00:26:43.426984,1,nonstop; dep 2026-10-25 14:50; key=friend
1859,BLR,HYD,2026-10-25,45,IndiGo,6E 312,Economy,4288.0,INR,,,,,AVAILABLE,,serpapi_google_flights,,2026-09-10 00:26:43.426984,1,nonstop; dep 2026-10-25 09:15; key=friend
1860,BLR,HYD,2026-10-25,45,Air India Express,IX 1251,Economy,4473.0,INR,,,,,AVAILABLE,,serpapi_google_flights,,2026-09-10 00:26:43.426984,1,nonstop; dep 2026-10-25 08:30; key=friend
1861,BLR,HYD,2026-10-25,45,Air India Express,IX 1250,Economy,4473.0,INR,,,,,AVAILABLE,,serpapi_google_flights,,2026-09-10 00:26:43.426984,1,nonstop; dep 2026-10-25 21:50; key=friend
1862,BLR,HYD,2026-10-25,45,IndiGo,6E 484,Economy,4613.0,INR,,,,,AVAILABLE,,serpapi_google_flights,,2026-09-10 00:26:43.426984,1,nonstop; dep 2026-10-25 07:25; key=friend
1863,BLR,HYD,2026-10-25,45,IndiGo,6E 6784,Economy,4613.0,INR,,,,,AVAILABLE,,serpapi_google_flights,,2026-09-10 00:26:43.426984,1,nonstop; dep 2026-10-25 21:35; key=friend
1864,BLR,HYD,2026-10-25,45,Air India Express,IX 2935,Economy,4737.0,INR,,,,,AVAILABLE,,serpapi_google_flights,,2026-09-10 00:26:43.426984,1,nonstop; dep 2026-10-25 19:45; key=friend
1865,BLR,HYD,2026-10-25,45,Air India Express,IX 2018,Economy,4966.0,INR,,,,,AVAILABLE,,serpapi_google_flights,,2026-09-10 00:26:43.426984,1,nonstop; dep 2026-10-25 06:00; key=friend
1866,BLR,HYD,2026-10-25,45,Air India Express,IX 2051,Economy,4966.0,INR,,,,,AVAILABLE,,serpapi_google_flights,,2026-09-10 00:26:43.426984,1,nonstop; dep 2026-10-25 14:50; key=friend
1867,BLR,HYD,2026-10-25,45,IndiGo,6E 638,Economy,4973.0,INR,,,,,AVAILABLE,,serpapi_google_flights,,2026-09-10 00:26:43.426984,1,nonstop; dep 2026-10-25 18:35; key=friend
1868,BLR,HYD,2026-10-25,45,Air India Express,IX 2841,Economy,5221.0,INR,,,,,AVAILABLE,,serpapi_google_flights,,2026-09-10 00:26:43.426984,1,nonstop; dep 2026-10-25 17:30; key=friend
1869,BLR,HYD,2026-10-25,45,IndiGo,6E 537,Economy,5370.0,INR,,,,,AVAILABLE,,serpapi_google_flights,,2026-09-10 00:26:43.426984,1,nonstop; dep 2026-10-25 10:15; key=friend
1870,BLR,HYD,2026-10-25,45,IndiGo,6E 6404,Economy,5370.0,INR,,,,,AVAILABLE,,serpapi_google_flights,,2026-09-10 00:26:43.426984,1,nonstop; dep 2026-10-25 13:35; key=friend
1871,BLR,HYD,2026-10-25,45,IndiGo,6E 6067,Economy,5370.0,INR,,,,,AVAILABLE,,serpapi_google_flights,,2026-09-10 00:26:43.426984,1,nonstop; dep 2026-10-25 16:40; key=friend
1872,BLR,HYD,2026-10-25,45,Star Air,S5 151,Economy,6044.0,INR,,,,,AVAILABLE,,serpapi_google_flights,,2026-09-10 00:26:43.426984,1,nonstop; dep 2026-10-25 12:30; key=friend
1873,MAA,DEL,2026-09-11,1,IndiGo,6E 404,Economy,10045.0,INR,,,,,AVAILABLE,,serpapi_google_flights,,2026-09-10 00:28:12.117656,1,nonstop; dep 2026-09-11 09:15; key=friend
1874,MAA,DEL,2026-09-11,1,IndiGo,6E 6002,Economy,10045.0,INR,,,,,AVAILABLE,,serpapi_google_flights,,2026-09-10 00:28:12.117656,1,nonstop; dep 2026-09-11 11:10; key=friend
1875,MAA,DEL,2026-09-11,1,IndiGo,6E 939,Economy,10045.0,INR,,,,,AVAILABLE,,serpapi_google_flights,,2026-09-10 00:28:12.117656,1,nonstop; dep 2026-09-11 13:00; key=friend
1876,MAA,DEL,2026-09-11,1,Air India,AI 2836,Economy,10183.0,INR,,,,,AVAILABLE,,serpapi_google_flights,,2026-09-10 00:28:12.117656,1,nonstop; dep 2026-09-11 11:00; key=friend
1877,MAA,DEL,2026-09-11,1,IndiGo,6E 937,Economy,11000.0,INR,,,,,AVAILABLE,,serpapi_google_flights,,2026-09-10 00:28:12.117656,1,nonstop; dep 2026-09-11 06:30; key=friend
1878,MAA,DEL,2026-09-11,1,IndiGo,6E 948,Economy,11000.0,INR,,,,,AVAILABLE,,serpapi_google_flights,,2026-09-10 00:28:12.117656,1,nonstop; dep 2026-09-11 14:30; key=friend
1879,MAA,DEL,2026-09-11,1,Air India,AI 2526,Economy,11411.0,INR,,,,,AVAILABLE,,serpapi_google_flights,,2026-09-10 00:28:12.117656,1,nonstop; dep 2026-09-11 09:20; key=friend
1880,MAA,DEL,2026-09-11,1,Air India,AI 2468,Economy,11411.0,INR,,,,,AVAILABLE,,serpapi_google_flights,,2026-09-10 00:28:12.117656,1,nonstop; dep 2026-09-11 14:00; key=friend
1881,MAA,DEL,2026-09-11,1,Air India,AI 2484,Economy,17386.0,INR,,,,,AVAILABLE,,serpapi_google_flights,,2026-09-10 00:28:12.117656,1,nonstop; dep 2026-09-11 16:20; key=friend
1882,MAA,DEL,2026-09-11,1,IndiGo,6E 2369,Economy,17675.0,INR,,,,,AVAILABLE,,serpapi_google_flights,,2026-09-10 00:28:12.117656,1,nonstop; dep 2026-09-11 23:45; key=friend
1883,MAA,DEL,2026-09-11,1,IndiGo,6E 698,Economy,18563.0,INR,,,,,AVAILABLE,,serpapi_google_flights,,2026-09-10 00:28:12.117656,1,nonstop; dep 2026-09-11 16:45; key=friend
1884,MAA,DEL,2026-09-11,1,IndiGo,6E 951,Economy,19498.0,INR,,,,,AVAILABLE,,serpapi_google_flights,,2026-09-10 00:28:12.117656,1,nonstop; dep 2026-09-11 21:50; key=friend
1885,MAA,DEL,2026-09-11,1,Air India,AI 2886,Economy,20636.0,INR,,,,,AVAILABLE,,serpapi_google_flights,,2026-09-10 00:28:12.117656,1,nonstop; dep 2026-09-11 06:55; key=friend
1886,MAA,DEL,2026-09-11,1,Air India,AI 538,Economy,21581.0,INR,,,,,AVAILABLE,,serpapi_google_flights,,2026-09-10 00:28:12.117656,1,nonstop; dep 2026-09-11 20:10; key=friend
1887,MAA,DEL,2026-09-11,1,IndiGo,6E 613,Economy,22626.0,INR,,,,,AVAILABLE,,serpapi_google_flights,,2026-09-10 00:28:12.117656,1,nonstop; dep 2026-09-11 19:00; key=friend
1888,MAA,DEL,2026-09-11,1,Air India,AI 2838,Economy,25544.0,INR,,,,,AVAILABLE,,serpapi_google_flights,,2026-09-10 00:28:12.117656,1,nonstop; dep 2026-09-11 21:40; key=friend
1889,MAA,DEL,2026-09-17,7,IndiGo,6E 939,Economy,10045.0,INR,,,,,AVAILABLE,,serpapi_google_flights,,2026-09-10 00:28:15.131874,1,nonstop; dep 2026-09-17 13:00; key=friend
1890,MAA,DEL,2026-09-17,7,Air India,AI 2468,Economy,10183.0,INR,,,,,AVAILABLE,,serpapi_google_flights,,2026-09-10 00:28:15.131874,1,nonstop; dep 2026-09-17 14:00; key=friend
1891,MAA,DEL,2026-09-17,7,IndiGo,6E 948,Economy,10045.0,INR,,,,,AVAILABLE,,serpapi_google_flights,,2026-09-10 00:28:15.131874,1,nonstop; dep 2026-09-17 14:30; key=friend
1892,MAA,DEL,2026-09-17,7,IndiGo,6E 613,Economy,10045.0,INR,,,,,AVAILABLE,,serpapi_google_flights,,2026-09-10 00:28:15.131874,1,nonstop; dep 2026-09-17 19:00; key=friend
1893,MAA,DEL,2026-09-17,7,IndiGo,6E 951,Economy,10045.0,INR,,,,,AVAILABLE,,serpapi_google_flights,,2026-09-10 00:28:15.131874,1,nonstop; dep 2026-09-17 21:50; key=friend
1894,MAA,DEL,2026-09-17,7,IndiGo,6E 2369,Economy,10045.0,INR,,,,,AVAILABLE,,serpapi_google_flights,,2026-09-10 00:28:15.131874,1,nonstop; dep 2026-09-17 23:45; key=friend
1895,MAA,DEL,2026-09-17,7,Air India,AI 2836,Economy,10183.0,INR,,,,,AVAILABLE,,serpapi_google_flights,,2026-09-10 00:28:15.131874,1,nonstop; dep 2026-09-17 11:00; key=friend
1896,MAA,DEL,2026-09-17,7,Air India,AI 2484,Economy,10183.0,INR,,,,,AVAILABLE,,serpapi_google_flights,,2026-09-10 00:28:15.131874,1,nonstop; dep 2026-09-17 16:20; key=friend
1897,MAA,DEL,2026-09-17,7,Air India,AI 538,Economy,10183.0,INR,,,,,AVAILABLE,,serpapi_google_flights,,2026-09-10 00:28:15.131874,1,nonstop; dep 2026-09-17 20:10; key=friend
1898,MAA,DEL,2026-09-17,7,Air India,AI 2838,Economy,10183.0,INR,,,,,AVAILABLE,,serpapi_google_flights,,2026-09-10 00:28:15.131874,1,nonstop; dep 2026-09-17 21:40; key=friend
1899,MAA,DEL,2026-09-17,7,IndiGo,6E 698,Economy,10510.0,INR,,,,,AVAILABLE,,serpapi_google_flights,,2026-09-10 00:28:15.131874,1,nonstop; dep 2026-09-17 16:45; key=friend
1900,MAA,DEL,2026-09-17,7,IndiGo,6E 6002,Economy,11518.0,INR,,,,,AVAILABLE,,serpapi_google_flights,,2026-09-10 00:28:15.131874,1,nonstop; dep 2026-09-17 11:10; key=friend
1901,MAA,DEL,2026-09-17,7,Air India,AI 2526,Economy,11963.0,INR,,,,,AVAILABLE,,serpapi_google_flights,,2026-09-10 00:28:15.131874,1,nonstop; dep 2026-09-17 09:20; key=friend
1902,MAA,DEL,2026-09-17,7,IndiGo,6E 404,Economy,12065.0,INR,,,,,AVAILABLE,,serpapi_google_flights,,2026-09-10 00:28:15.131874,1,nonstop; dep 2026-09-17 09:15; key=friend
1903,MAA,DEL,2026-09-17,7,Air India,AI 2886,Economy,13391.0,INR,,,,,AVAILABLE,,serpapi_google_flights,,2026-09-10 00:28:15.131874,1,nonstop; dep 2026-09-17 06:55; key=friend
1904,MAA,DEL,2026-09-17,7,IndiGo,6E 937,Economy,13892.0,INR,,,,,AVAILABLE,,serpapi_google_flights,,2026-09-10 00:28:15.131874,1,nonstop; dep 2026-09-17 06:30; key=friend
1905,MAA,DEL,2026-09-25,15,IndiGo,6E 939,Economy,10510.0,INR,,,,,AVAILABLE,,serpapi_google_flights,,2026-09-10 00:28:18.223357,1,nonstop; dep 2026-09-25 13:00; key=friend
1906,MAA,DEL,2026-09-25,15,Air India,AI 2468,Economy,10892.0,INR,,,,,AVAILABLE,,serpapi_google_flights,,2026-09-10 00:28:18.223357,1,nonstop; dep 2026-09-25 14:00; key=friend
1907,MAA,DEL,2026-09-25,15,Air India,AI 2836,Economy,10892.0,INR,,,,,AVAILABLE,,serpapi_google_flights,,2026-09-10 00:28:18.223357,1,nonstop; dep 2026-09-25 11:00; key=friend
1908,MAA,DEL,2026-09-25,15,IndiGo,6E 6002,Economy,11000.0,INR,,,,,AVAILABLE,,serpapi_google_flights,,2026-09-10 00:28:18.223357,1,nonstop; dep 2026-09-25 11:10; key=friend
1909,MAA,DEL,2026-09-25,15,IndiGo,6E 948,Economy,11000.0,INR,,,,,AVAILABLE,,serpapi_google_flights,,2026-09-10 00:28:18.223357,1,nonstop; dep 2026-09-25 14:30; key=friend
1910,MAA,DEL,2026-09-25,15,Air India,AI 2526,Economy,11411.0,INR,,,,,AVAILABLE,,serpapi_google_flights,,2026-09-10 00:28:18.223357,1,nonstop; dep 2026-09-25 09:20; key=friend
1911,MAA,DEL,2026-09-25,15,IndiGo,6E 404,Economy,11518.0,INR,,,,,AVAILABLE,,serpapi_google_flights,,2026-09-10 00:28:18.223357,1,nonstop; dep 2026-09-25 09:15; key=friend
1912,MAA,DEL,2026-09-25,15,Air India,AI 2484,Economy,11894.0,INR,,,,,AVAILABLE,,serpapi_google_flights,,2026-09-10 00:28:18.223357,1,nonstop; dep 2026-09-25 16:20; key=friend
1913,MAA,DEL,2026-09-25,15,IndiGo,6E 937,Economy,12065.0,INR,,,,,AVAILABLE,,serpapi_google_flights,,2026-09-10 00:28:18.223357,1,nonstop; dep 2026-09-25 06:30; key=friend
1914,MAA,DEL,2026-09-25,15,IndiGo,6E 2369,Economy,12065.0,INR,,,,,AVAILABLE,,serpapi_google_flights,,2026-09-10 00:28:18.223357,1,nonstop; dep 2026-09-25 23:45; key=friend
1915,MAA,DEL,2026-09-25,15,IndiGo,6E 698,Economy,12642.0,INR,,,,,AVAILABLE,,serpapi_google_flights,,2026-09-10 00:28:18.223357,1,nonstop; dep 2026-09-25 16:45; key=friend
1916,MAA,DEL,2026-09-25,15,IndiGo,6E 951,Economy,12642.0,INR,,,,,AVAILABLE,,serpapi_google_flights,,2026-09-10 00:28:18.223357,1,nonstop; dep 2026-09-25 21:50; key=friend
1917,MAA,DEL,2026-09-25,15,Air India,AI 2886,Economy,13391.0,INR,,,,,AVAILABLE,,serpapi_google_flights,,2026-09-10 00:28:18.223357,1,nonstop; dep 2026-09-25 06:55; key=friend
1918,MAA,DEL,2026-09-25,15,Air India,AI 2838,Economy,13737.0,INR,,,,,AVAILABLE,,serpapi_google_flights,,2026-09-10 00:28:18.223357,1,nonstop; dep 2026-09-25 21:40; key=friend
1919,MAA,DEL,2026-09-25,15,IndiGo,6E 613,Economy,13892.0,INR,,,,,AVAILABLE,,serpapi_google_flights,,2026-09-10 00:28:18.223357,1,nonstop; dep 2026-09-25 19:00; key=friend
1920,MAA,DEL,2026-09-25,15,Air India,AI 538,Economy,13973.0,INR,,,,,AVAILABLE,,serpapi_google_flights,,2026-09-10 00:28:18.223357,1,nonstop; dep 2026-09-25 20:10; key=friend
1921,MAA,DEL,2026-10-10,30,IndiGo,6E 404,Economy,10045.0,INR,,,,,AVAILABLE,,serpapi_google_flights,,2026-09-10 00:28:21.828229,1,nonstop; dep 2026-10-10 09:15; key=friend
1922,MAA,DEL,2026-10-10,30,Air India,AI 2886,Economy,10183.0,INR,,,,,AVAILABLE,,serpapi_google_flights,,2026-09-10 00:28:21.828229,1,nonstop; dep 2026-10-10 08:05; key=friend
1923,MAA,DEL,2026-10-10,30,IndiGo,6E 953,Economy,10045.0,INR,,,,,AVAILABLE,,serpapi_google_flights,,2026-09-10 00:28:21.828229,1,nonstop; dep 2026-10-10 02:45; key=friend
1924,MAA,DEL,2026-10-10,30,IndiGo,6E 937,Economy,10045.0,INR,,,,,AVAILABLE,,serpapi_google_flights,,2026-09-10 00:28:21.828229,1,nonstop; dep 2026-10-10 06:30; key=friend
1925,MAA,DEL,2026-10-10,30,IndiGo,6E 6002,Economy,10045.0,INR,,,,,AVAILABLE,,serpapi_google_flights,,2026-09-10 00:28:21.828229,1,nonstop; dep 2026-10-10 11:10; key=friend
1926,MAA,DEL,2026-10-10,30,IndiGo,6E 939,Economy,10045.0,INR,,,,,AVAILABLE,,serpapi_google_flights,,2026-09-10 00:28:21.828229,1,nonstop; dep 2026-10-10 13:00; key=friend
1927,MAA,DEL,2026-10-10,30,IndiGo,6E 948,Economy,10045.0,INR,,,,,AVAILABLE,,serpapi_google_flights,,2026-09-10 00:28:21.828229,1,nonstop; dep 2026-10-10 14:30; key=friend
1928,MAA,DEL,2026-10-10,30,IndiGo,6E 613,Economy,10045.0,INR,,,,,AVAILABLE,,serpapi_google_flights,,2026-09-10 00:28:21.828229,1,nonstop; dep 2026-10-10 19:00; key=friend
1929,MAA,DEL,2026-10-10,30,IndiGo,6E 951,Economy,10045.0,INR,,,,,AVAILABLE,,serpapi_google_flights,,2026-09-10 00:28:21.828229,1,nonstop; dep 2026-10-10 21:50; key=friend
1930,MAA,DEL,2026-10-10,30,IndiGo,6E 2369,Economy,10045.0,INR,,,,,AVAILABLE,,serpapi_google_flights,,2026-09-10 00:28:21.828229,1,nonstop; dep 2026-10-10 23:45; key=friend
1931,MAA,DEL,2026-10-10,30,Air India,AI 2832,Economy,10183.0,INR,,,,,AVAILABLE,,serpapi_google_flights,,2026-09-10 00:28:21.828229,1,nonstop; dep 2026-10-10 06:55; key=friend
1932,MAA,DEL,2026-10-10,30,Air India,AI 2836,Economy,10183.0,INR,,,,,AVAILABLE,,serpapi_google_flights,,2026-09-10 00:28:21.828229,1,nonstop; dep 2026-10-10 11:00; key=friend
1933,MAA,DEL,2026-10-10,30,Air India,AI 2468,Economy,10183.0,INR,,,,,AVAILABLE,,serpapi_google_flights,,2026-09-10 00:28:21.828229,1,nonstop; dep 2026-10-10 14:00; key=friend
1934,MAA,DEL,2026-10-10,30,Air India,AI 2484,Economy,10183.0,INR,,,,,AVAILABLE,,serpapi_google_flights,,2026-09-10 00:28:21.828229,1,nonstop; dep 2026-10-10 16:20; key=friend
1935,MAA,DEL,2026-10-10,30,Air India,AI 538,Economy,10183.0,INR,,,,,AVAILABLE,,serpapi_google_flights,,2026-09-10 00:28:21.828229,1,nonstop; dep 2026-10-10 20:10; key=friend
1936,MAA,DEL,2026-10-10,30,Air India,AI 2838,Economy,10183.0,INR,,,,,AVAILABLE,,serpapi_google_flights,,2026-09-10 00:28:21.828229,1,nonstop; dep 2026-10-10 21:40; key=friend
1937,MAA,DEL,2026-10-10,30,IndiGo,6E 698,Economy,10510.0,INR,,,,,AVAILABLE,,serpapi_google_flights,,2026-09-10 00:28:21.828229,1,nonstop; dep 2026-10-10 16:45; key=friend
1938,MAA,DEL,2026-10-25,45,Air India,AI 2524,Economy,10183.0,INR,,,,,AVAILABLE,,serpapi_google_flights,,2026-09-10 00:28:26.113069,1,nonstop; dep 2026-10-25 12:20; key=friend
1939,MAA,DEL,2026-10-25,45,IndiGo,6E 698,Economy,10510.0,INR,,,,,AVAILABLE,,serpapi_google_flights,,2026-09-10 00:28:26.113069,1,nonstop; dep 2026-10-25 16:30; key=friend
1940,MAA,DEL,2026-10-25,45,IndiGo,6E 953,Economy,10045.0,INR,,,,,AVAILABLE,,serpapi_google_flights,,2026-09-10 00:28:26.113069,1,nonstop; dep 2026-10-25 02:45; key=friend
1941,MAA,DEL,2026-10-25,45,IndiGo,6E 404,Economy,10045.0,INR,,,,,AVAILABLE,,serpapi_google_flights,,2026-09-10 00:28:26.113069,1,nonstop; dep 2026-10-25 09:00; key=friend
1942,MAA,DEL,2026-10-25,45,IndiGo,6E 6002,Economy,10045.0,INR,,,,,AVAILABLE,,serpapi_google_flights,,2026-09-10 00:28:26.113069,1,nonstop; dep 2026-10-25 11:00; key=friend
1943,MAA,DEL,2026-10-25,45,IndiGo,6E 2202,Economy,10045.0,INR,,,,,AVAILABLE,,serpapi_google_flights,,2026-09-10 00:28:26.113069,1,nonstop; dep 2026-10-25 21:30; key=friend
1944,MAA,DEL,2026-10-25,45,IndiGo,6E 6343,Economy,10045.0,INR,,,,,AVAILABLE,,serpapi_google_flights,,2026-09-10 00:28:26.113069,1,nonstop; dep 2026-10-25 23:45; key=friend
1945,MAA,DEL,2026-10-25,45,Air India,AI 2886,Economy,10183.0,INR,,,,,AVAILABLE,,serpapi_google_flights,,2026-09-10 00:28:26.113069,1,nonstop; dep 2026-10-25 08:05; key=friend
1946,MAA,DEL,2026-10-25,45,Air India,AI 2526,Economy,10435.0,INR,,,,,AVAILABLE,,serpapi_google_flights,,2026-09-10 00:28:26.113069,1,nonstop; dep 2026-10-25 09:50; key=friend
1947,MAA,DEL,2026-10-25,45,Air India,AI 2836,Economy,10435.0,INR,,,,,AVAILABLE,,serpapi_google_flights,,2026-09-10 00:28:26.113069,1,nonstop; dep 2026-10-25 11:00; key=friend
1948,MAA,DEL,2026-10-25,45,IndiGo,6E 2335,Economy,10510.0,INR,,,,,AVAILABLE,,serpapi_google_flights,,2026-09-10 00:28:26.113069,1,nonstop; dep 2026-10-25 12:30; key=friend
1949,MAA,DEL,2026-10-25,45,IndiGo,6E 948,Economy,10510.0,INR,,,,,AVAILABLE,,serpapi_google_flights,,2026-09-10 00:28:26.113069,1,nonstop; dep 2026-10-25 14:15; key=friend
1950,MAA,DEL,2026-10-25,45,Air India,AI 538,Economy,10603.0,INR,,,,,AVAILABLE,,serpapi_google_flights,,2026-09-10 00:28:26.113069,1,nonstop; dep 2026-10-25 20:00; key=friend
1951,MAA,DEL,2026-10-25,45,IndiGo,6E 937,Economy,11000.0,INR,,,,,AVAILABLE,,serpapi_google_flights,,2026-09-10 00:28:26.113069,1,nonstop; dep 2026-10-25 05:45; key=friend
1952,MAA,DEL,2026-10-25,45,IndiGo,6E 613,Economy,11000.0,INR,,,,,AVAILABLE,,serpapi_google_flights,,2026-09-10 00:28:26.113069,1,nonstop; dep 2026-10-25 19:00; key=friend
1953,MAA,DEL,2026-10-25,45,Air India,AI 2508,Economy,11138.0,INR,,,,,AVAILABLE,,serpapi_google_flights,,2026-09-10 00:28:26.113069,1,nonstop; dep 2026-10-25 15:45; key=friend
1954,MAA,DEL,2026-10-25,45,Air India,AI 2832,Economy,11411.0,INR,,,,,AVAILABLE,,serpapi_google_flights,,2026-09-10 00:28:26.113069,1,nonstop; dep 2026-10-25 06:55; key=friend
1955,CCU,BOM,2026-09-11,1,Air India,AI 2772,Economy,9271.0,INR,,,,,AVAILABLE,,serpapi_google_flights,,2026-09-10 00:28:38.070759,1,nonstop; dep 2026-09-11 10:30; key=friend
1956,CCU,BOM,2026-09-11,1,IndiGo,6E 5183,Economy,9318.0,INR,,,,,AVAILABLE,,serpapi_google_flights,,2026-09-10 00:28:38.070759,1,nonstop; dep 2026-09-11 09:15; key=friend
1957,CCU,BOM,2026-09-11,1,Akasa Air,QP 1136,Economy,10702.0,INR,,,,,AVAILABLE,,serpapi_google_flights,,2026-09-10 00:28:38.070759,1,nonstop; dep 2026-09-11 05:10; key=friend
1958,CCU,BOM,2026-09-11,1,IndiGo,6E 5194,Economy,8850.0,INR,,,,,AVAILABLE,,serpapi_google_flights,,2026-09-10 00:28:38.070759,1,nonstop; dep 2026-09-11 06:25; key=friend
1959,CCU,BOM,2026-09-11,1,Air India,AI 2644,Economy,9008.0,INR,,,,,AVAILABLE,,serpapi_google_flights,,2026-09-10 00:28:38.070759,1,nonstop; dep 2026-09-11 06:55; key=friend
1960,CCU,BOM,2026-09-11,1,IndiGo,6E 5288,Economy,9580.0,INR,,,,,AVAILABLE,,serpapi_google_flights,,2026-09-10 00:28:38.070759,1,nonstop; dep 2026-09-11 11:35; key=friend
1961,CCU,BOM,2026-09-11,1,IndiGo,6E 5227,Economy,10158.0,INR,,,,,AVAILABLE,,serpapi_google_flights,,2026-09-10 00:28:38.070759,1,nonstop; dep 2026-09-11 13:45; key=friend
1962,CCU,BOM,2026-09-11,1,Akasa Air,QP 1126,Economy,12507.0,INR,,,,,AVAILABLE,,serpapi_google_flights,,2026-09-10 00:28:38.070759,1,nonstop; dep 2026-09-11 23:00; key=friend
1963,CCU,BOM,2026-09-11,1,Akasa Air,QP 1108,Economy,13183.0,INR,,,,,AVAILABLE,,serpapi_google_flights,,2026-09-10 00:28:38.070759,1,nonstop; dep 2026-09-11 17:05; key=friend
1964,CCU,BOM,2026-09-11,1,Air India,AI 2472,Economy,13429.0,INR,,,,,AVAILABLE,,serpapi_google_flights,,2026-09-10 00:28:38.070759,1,nonstop; dep 2026-09-11 15:10; key=friend
1965,CCU,BOM,2026-09-11,1,IndiGo,6E 6206,Economy,13623.0,INR,,,,,AVAILABLE,,serpapi_google_flights,,2026-09-10 00:28:38.070759,1,nonstop; dep 2026-09-11 16:15; key=friend
1966,CCU,BOM,2026-09-11,1,IndiGo,6E 115,Economy,18663.0,INR,,,,,AVAILABLE,,serpapi_google_flights,,2026-09-10 00:28:38.070759,1,nonstop; dep 2026-09-11 21:40; key=friend
1967,CCU,BOM,2026-09-11,1,IndiGo,6E 5128,Economy,20658.0,INR,,,,,AVAILABLE,,serpapi_google_flights,,2026-09-10 00:28:38.070759,1,nonstop; dep 2026-09-11 18:45; key=friend
1968,CCU,BOM,2026-09-11,1,Air India,AI 2482,Economy,23986.0,INR,,,,,AVAILABLE,,serpapi_google_flights,,2026-09-10 00:28:38.070759,1,nonstop; dep 2026-09-11 20:35; key=friend
1969,CCU,BOM,2026-09-17,7,Akasa Air,QP 1126,Economy,8325.0,INR,,,,,AVAILABLE,,serpapi_google_flights,,2026-09-10 00:28:42.009692,1,nonstop; dep 2026-09-17 23:00; key=friend
1970,CCU,BOM,2026-09-17,7,IndiGo,6E 6206,Economy,8850.0,INR,,,,,AVAILABLE,,serpapi_google_flights,,2026-09-10 00:28:42.009692,1,nonstop; dep 2026-09-17 16:15; key=friend
1971,CCU,BOM,2026-09-17,7,Air India,AI 2472,Economy,9271.0,INR,,,,,AVAILABLE,,serpapi_google_flights,,2026-09-10 00:28:42.009692,1,nonstop; dep 2026-09-17 15:10; key=friend
1972,CCU,BOM,2026-09-17,7,Akasa Air,QP 1136,Economy,8602.0,INR,,,,,AVAILABLE,,serpapi_google_flights,,2026-09-10 00:28:42.009692,1,nonstop; dep 2026-09-17 05:10; key=friend
1973,CCU,BOM,2026-09-17,7,IndiGo,6E 5194,Economy,8850.0,INR,,,,,AVAILABLE,,serpapi_google_flights,,2026-09-10 00:28:42.009692,1,nonstop; dep 2026-09-17 06:25; key=friend
1974,CCU,BOM,2026-09-17,7,IndiGo,6E 5183,Economy,8850.0,INR,,,,,AVAILABLE,,serpapi_google_flights,,2026-09-10 00:28:42.009692,1,nonstop; dep 2026-09-17 09:15; key=friend
1975,CCU,BOM,2026-09-17,7,IndiGo,6E 5288,Economy,8850.0,INR,,,,,AVAILABLE,,serpapi_google_flights,,2026-09-10 00:28:42.009692,1,nonstop; dep 2026-09-17 11:35; key=friend
1976,CCU,BOM,2026-09-17,7,IndiGo,6E 115,Economy,8850.0,INR,,,,,AVAILABLE,,serpapi_google_flights,,2026-09-10 00:28:42.009692,1,nonstop; dep 2026-09-17 21:40; key=friend
1977,CCU,BOM,2026-09-17,7,Air India,AI 2644,Economy,9008.0,INR,,,,,AVAILABLE,,serpapi_google_flights,,2026-09-10 00:28:42.009692,1,nonstop; dep 2026-09-17 06:55; key=friend
1978,CCU,BOM,2026-09-17,7,Air India,AI 2772,Economy,9008.0,INR,,,,,AVAILABLE,,serpapi_google_flights,,2026-09-10 00:28:42.009692,1,nonstop; dep 2026-09-17 10:30; key=friend
1979,CCU,BOM,2026-09-17,7,Air India,AI 2482,Economy,9008.0,INR,,,,,AVAILABLE,,serpapi_google_flights,,2026-09-10 00:28:42.009692,1,nonstop; dep 2026-09-17 20:35; key=friend
1980,CCU,BOM,2026-09-17,7,IndiGo,6E 5227,Economy,9480.0,INR,,,,,AVAILABLE,,serpapi_google_flights,,2026-09-10 00:28:42.009692,1,nonstop; dep 2026-09-17 13:45; key=friend
1981,CCU,BOM,2026-09-17,7,IndiGo,6E 5128,Economy,9480.0,INR,,,,,AVAILABLE,,serpapi_google_flights,,2026-09-10 00:28:42.009692,1,nonstop; dep 2026-09-17 18:45; key=friend
1982,CCU,BOM,2026-09-17,7,Akasa Air,QP 1108,Economy,9667.0,INR,,,,,AVAILABLE,,serpapi_google_flights,,2026-09-10 00:28:42.009692,1,nonstop; dep 2026-09-17 17:05; key=friend
1983,CCU,BOM,2026-09-25,15,Akasa Air,QP 1126,Economy,8463.0,INR,,,,,AVAILABLE,,serpapi_google_flights,,2026-09-10 00:28:45.886213,1,nonstop; dep 2026-09-25 23:00; key=friend
1984,CCU,BOM,2026-09-25,15,IndiGo,6E 6206,Economy,8850.0,INR,,,,,AVAILABLE,,serpapi_google_flights,,2026-09-10 00:28:45.886213,1,nonstop; dep 2026-09-25 16:15; key=friend
1985,CCU,BOM,2026-09-25,15,Air India,AI 2472,Economy,9008.0,INR,,,,,AVAILABLE,,serpapi_google_flights,,2026-09-10 00:28:45.886213,1,nonstop; dep 2026-09-25 15:10; key=friend
1986,CCU,BOM,2026-09-25,15,Akasa Air,QP 1136,Economy,8746.0,INR,,,,,AVAILABLE,,serpapi_google_flights,,2026-09-10 00:28:45.886213,1,nonstop; dep 2026-09-25 05:10; key=friend
1987,CCU,BOM,2026-09-25,15,IndiGo,6E 5194,Economy,8850.0,INR,,,,,AVAILABLE,,serpapi_google_flights,,2026-09-10 00:28:45.886213,1,nonstop; dep 2026-09-25 06:25; key=friend
1988,CCU,BOM,2026-09-25,15,IndiGo,6E 5288,Economy,8850.0,INR,,,,,AVAILABLE,,serpapi_google_flights,,2026-09-10 00:28:45.886213,1,nonstop; dep 2026-09-25 11:35; key=friend
1989,CCU,BOM,2026-09-25,15,IndiGo,6E 5227,Economy,8850.0,INR,,,,,AVAILABLE,,serpapi_google_flights,,2026-09-10 00:28:45.886213,1,nonstop; dep 2026-09-25 13:45; key=friend
1990,CCU,BOM,2026-09-25,15,IndiGo,6E 115,Economy,8850.0,INR,,,,,AVAILABLE,,serpapi_google_flights,,2026-09-10 00:28:45.886213,1,nonstop; dep 2026-09-25 21:40; key=friend
1991,CCU,BOM,2026-09-25,15,Air India,AI 2644,Economy,9008.0,INR,,,,,AVAILABLE,,serpapi_google_flights,,2026-09-10 00:28:45.886213,1,nonstop; dep 2026-09-25 06:55; key=friend
1992,CCU,BOM,2026-09-25,15,Air India,AI 2772,Economy,9008.0,INR,,,,,AVAILABLE,,serpapi_google_flights,,2026-09-10 00:28:45.886213,1,nonstop; dep 2026-09-25 10:30; key=friend
1993,CCU,BOM,2026-09-25,15,IndiGo,6E 5183,Economy,9480.0,INR,,,,,AVAILABLE,,serpapi_google_flights,,2026-09-10 00:28:45.886213,1,nonstop; dep 2026-09-25 09:15; key=friend
1994,CCU,BOM,2026-09-25,15,Air India,AI 2482,Economy,9559.0,INR,,,,,AVAILABLE,,serpapi_google_flights,,2026-09-10 00:28:45.886213,1,nonstop; dep 2026-09-25 20:35; key=friend
1995,CCU,BOM,2026-09-25,15,IndiGo,6E 5128,Economy,13050.0,INR,,,,,AVAILABLE,,serpapi_google_flights,,2026-09-10 00:28:45.886213,1,nonstop; dep 2026-09-25 18:45; key=friend
1996,CCU,BOM,2026-10-10,30,IndiGo,6E 5183,Economy,8850.0,INR,,,,,AVAILABLE,,serpapi_google_flights,,2026-09-10 00:28:49.679854,1,nonstop; dep 2026-10-10 09:15; key=friend
1997,CCU,BOM,2026-10-10,30,IndiGo,6E 5288,Economy,8850.0,INR,,,,,AVAILABLE,,serpapi_google_flights,,2026-09-10 00:28:49.679854,1,nonstop; dep 2026-10-10 11:35; key=friend
1998,CCU,BOM,2026-10-10,30,IndiGo,6E 5227,Economy,8850.0,INR,,,,,AVAILABLE,,serpapi_google_flights,,2026-09-10 00:28:49.679854,1,nonstop; dep 2026-10-10 13:45; key=friend
1999,CCU,BOM,2026-10-10,30,Air India,AI 2644,Economy,9008.0,INR,,,,,AVAILABLE,,serpapi_google_flights,,2026-09-10 00:28:49.679854,1,nonstop; dep 2026-10-10 06:55; key=friend
2000,CCU,BOM,2026-10-10,30,Akasa Air,QP 1184,Economy,9347.0,INR,,,,,AVAILABLE,,serpapi_google_flights,,2026-09-10 00:28:49.679854,1,nonstop; dep 2026-10-10 20:50; key=friend
2001,CCU,BOM,2026-10-10,30,IndiGo,6E 6366,Economy,8850.0,INR,,,,,AVAILABLE,,serpapi_google_flights,,2026-09-10 00:28:49.679854,1,nonstop; dep 2026-10-10 02:00; key=friend
2002,CCU,BOM,2026-10-10,30,IndiGo,6E 5194,Economy,8850.0,INR,,,,,AVAILABLE,,serpapi_google_flights,,2026-09-10 00:28:49.679854,1,nonstop; dep 2026-10-10 06:25; key=friend
2003,CCU,BOM,2026-10-10,30,Akasa Air,QP 1136,Economy,8891.0,INR,,,,,AVAILABLE,,serpapi_google_flights,,2026-09-10 00:28:49.679854,1,nonstop; dep 2026-10-10 05:00; key=friend
2004,CCU,BOM,2026-10-10,30,Akasa Air,QP 1251,Economy,8891.0,INR,,,,,AVAILABLE,,serpapi_google_flights,,2026-09-10 00:28:49.679854,1,nonstop; dep 2026-10-10 06:00; key=friend
2005,CCU,BOM,2026-10-10,30,Air India,AI 2774,Economy,10636.0,INR,,,,,AVAILABLE,,serpapi_google_flights,,2026-09-10 00:28:49.679854,1,nonstop; dep 2026-10-10 17:40; key=friend
2006,CCU,BOM,2026-10-10,30,IndiGo,6E 5128,Economy,10740.0,INR,,,,,AVAILABLE,,serpapi_google_flights,,2026-09-10 00:28:49.679854,1,nonstop; dep 2026-10-10 18:45; key=friend
2007,CCU,BOM,2026-10-10,30,IndiGo,6E 115,Economy,10740.0,INR,,,,,AVAILABLE,,serpapi_google_flights,,2026-09-10 00:28:49.679854,1,nonstop; dep 2026-10-10 21:40; key=friend
2008,CCU,BOM,2026-10-10,30,Akasa Air,QP 1126,Economy,11075.0,INR,,,,,AVAILABLE,,serpapi_google_flights,,2026-09-10 00:28:49.679854,1,nonstop; dep 2026-10-10 23:00; key=friend
2009,CCU,BOM,2026-10-10,30,IndiGo,6E 6206,Economy,11475.0,INR,,,,,AVAILABLE,,serpapi_google_flights,,2026-09-10 00:28:49.679854,1,nonstop; dep 2026-10-10 16:15; key=friend
2010,CCU,BOM,2026-10-10,30,Akasa Air,QP 1253,Economy,11665.0,INR,,,,,AVAILABLE,,serpapi_google_flights,,2026-09-10 00:28:49.679854,1,nonstop; dep 2026-10-10 17:05; key=friend
2011,CCU,BOM,2026-10-10,30,Air India,AI 2772,Economy,13429.0,INR,,,,,AVAILABLE,,serpapi_google_flights,,2026-09-10 00:28:49.679854,1,nonstop; dep 2026-10-10 10:30; key=friend
2012,CCU,BOM,2026-10-10,30,Air India,AI 2472,Economy,13429.0,INR,,,,,AVAILABLE,,serpapi_google_flights,,2026-09-10 00:28:49.679854,1,nonstop; dep 2026-10-10 15:10; key=friend
2013,CCU,BOM,2026-10-10,30,Air India,AI 2482,Economy,13429.0,INR,,,,,AVAILABLE,,serpapi_google_flights,,2026-09-10 00:28:49.679854,1,nonstop; dep 2026-10-10 20:35; key=friend
2014,CCU,BOM,2026-10-10,30,SpiceJet,SG 135,Economy,17201.0,INR,,,,,AVAILABLE,,serpapi_google_flights,,2026-09-10 00:28:49.679854,1,nonstop; dep 2026-10-10 15:10; key=friend
2015,CCU,BOM,2026-10-10,30,SpiceJet,SG 137,Economy,17201.0,INR,,,,,AVAILABLE,,serpapi_google_flights,,2026-09-10 00:28:49.679854,1,nonstop; dep 2026-10-10 22:30; key=friend
2016,CCU,BOM,2026-10-25,45,IndiGo,6E 5243,Economy,12210.0,INR,,,,,AVAILABLE,,serpapi_google_flights,,2026-09-10 00:28:53.172701,1,nonstop; dep 2026-10-25 02:00; key=friend
2017,CCU,BOM,2026-10-25,45,Akasa Air,QP 1126,Economy,15360.0,INR,,,,,AVAILABLE,,serpapi_google_flights,,2026-09-10 00:28:53.172701,1,nonstop; dep 2026-10-25 22:35; key=friend
2018,CCU,BOM,2026-10-25,45,SpiceJet,SG 487,Economy,16055.0,INR,,,,,AVAILABLE,,serpapi_google_flights,,2026-09-10 00:28:53.172701,1,nonstop; dep 2026-10-25 17:10; key=friend
2019,CCU,BOM,2026-10-25,45,Air India,AI 2410,Economy,16237.0,INR,,,,,AVAILABLE,,serpapi_google_flights,,2026-09-10 00:28:53.172701,1,nonstop; dep 2026-10-25 23:00; key=friend
2020,CCU,BOM,2026-10-25,45,Akasa Air,QP 1251,Economy,15360.0,INR,,,,,AVAILABLE,,serpapi_google_flights,,2026-09-10 00:28:53.172701,1,nonstop; dep 2026-10-25 05:00; key=friend
2021,CCU,BOM,2026-10-25,45,IndiGo,6E 5239,Economy,16095.0,INR,,,,,AVAILABLE,,serpapi_google_flights,,2026-09-10 00:28:53.172701,1,nonstop; dep 2026-10-25 09:00; key=friend
2022,CCU,BOM,2026-10-25,45,IndiGo,6E 5087,Economy,16095.0,INR,,,,,AVAILABLE,,serpapi_google_flights,,2026-09-10 00:28:53.172701,1,nonstop; dep 2026-10-25 21:30; key=friend
2023,CCU,BOM,2026-10-25,45,Air India,AI 2482,Economy,17979.0,INR,,,,,AVAILABLE,,serpapi_google_flights,,2026-09-10 00:28:53.172701,1,nonstop; dep 2026-10-25 20:35; key=friend
2024,CCU,BOM,2026-10-25,45,IndiGo,6E 5194,Economy,18300.0,INR,,,,,AVAILABLE,,serpapi_google_flights,,2026-09-10 00:28:53.172701,1,nonstop; dep 2026-10-25 06:30; key=friend
2025,CCU,BOM,2026-10-25,45,Air India,AI 2644,Economy,20121.0,INR,,,,,AVAILABLE,,serpapi_google_flights,,2026-09-10 00:28:53.172701,1,nonstop; dep 2026-10-25 07:05; key=friend
2026,CCU,BOM,2026-10-25,45,Air India,AI 2472,Economy,21394.0,INR,,,,,AVAILABLE,,serpapi_google_flights,,2026-09-10 00:28:53.172701,1,nonstop; dep 2026-10-25 15:10; key=friend
2027,CCU,BOM,2026-10-25,45,Air India,AI 2528,Economy,23986.0,INR,,,,,AVAILABLE,,serpapi_google_flights,,2026-09-10 00:28:53.172701,1,nonstop; dep 2026-10-25 20:25; key=friend
2028,CCU,BOM,2026-10-25,45,IndiGo,6E 5288,Economy,24282.0,INR,,,,,AVAILABLE,,serpapi_google_flights,,2026-09-10 00:28:53.172701,1,nonstop; dep 2026-10-25 11:30; key=friend
2029,CCU,BOM,2026-10-25,45,IndiGo,6E 5227,Economy,24282.0,INR,,,,,AVAILABLE,,serpapi_google_flights,,2026-09-10 00:28:53.172701,1,nonstop; dep 2026-10-25 13:45; key=friend
2030,CCU,BOM,2026-10-25,45,IndiGo,6E 6206,Economy,24282.0,INR,,,,,AVAILABLE,,serpapi_google_flights,,2026-09-10 00:28:53.172701,1,nonstop; dep 2026-10-25 16:15; key=friend
2031,CCU,BOM,2026-10-25,45,IndiGo,6E 5128,Economy,24282.0,INR,,,,,AVAILABLE,,serpapi_google_flights,,2026-09-10 00:28:53.172701,1,nonstop; dep 2026-10-25 18:45; key=friend
2032,CCU,BOM,2026-10-25,45,Air India,AI 2772,Economy,31195.0,INR,,,,,AVAILABLE,,serpapi_google_flights,,2026-09-10 00:28:53.172701,1,nonstop; dep 2026-10-25 10:20; key=friend
2033,CCU,BOM,2026-10-25,45,Air India,AI 2774,Economy,31195.0,INR,,,,,AVAILABLE,,serpapi_google_flights,,2026-09-10 00:28:53.172701,1,nonstop; dep 2026-10-25 17:35; key=friend
2034,HYD,BOM,2026-09-11,1,Air India,AI 2872,Economy,6078.0,INR,,,,,AVAILABLE,,serpapi_google_flights,,2026-09-10 00:28:58.859882,1,nonstop; dep 2026-09-11 05:50; key=friend
2035,HYD,BOM,2026-09-11,1,IndiGo,6E 5143,Economy,6135.0,INR,,,,,AVAILABLE,,serpapi_google_flights,,2026-09-10 00:28:58.859882,1,nonstop; dep 2026-09-11 03:00; key=friend
2036,HYD,BOM,2026-09-11,1,IndiGo,6E 5245,Economy,6135.0,INR,,,,,AVAILABLE,,serpapi_google_flights,,2026-09-10 00:28:58.859882,1,nonstop; dep 2026-09-11 05:00; key=friend
2037,HYD,BOM,2026-09-11,1,IndiGo,6E 6196,Economy,6765.0,INR,,,,,AVAILABLE,,serpapi_google_flights,,2026-09-10 00:28:58.859882,1,nonstop; dep 2026-09-11 06:30; key=friend
2038,HYD,BOM,2026-09-11,1,Air India,AI 2626,Economy,7375.0,INR,,,,,AVAILABLE,,serpapi_google_flights,,2026-09-10 00:28:58.859882,1,nonstop; dep 2026-09-11 07:25; key=friend
2039,HYD,BOM,2026-09-11,1,IndiGo,6E 5213,Economy,9915.0,INR,,,,,AVAILABLE,,serpapi_google_flights,,2026-09-10 00:28:58.859882,1,nonstop; dep 2026-09-11 08:00; key=friend
2040,HYD,BOM,2026-09-11,1,IndiGo,6E 5384,Economy,10650.0,INR,,,,,AVAILABLE,,serpapi_google_flights,,2026-09-10 00:28:58.859882,1,nonstop; dep 2026-09-11 12:55; key=friend
2041,HYD,BOM,2026-09-11,1,Air India,AI 418,Economy,11181.0,INR,,,,,AVAILABLE,,serpapi_google_flights,,2026-09-10 00:28:58.859882,1,nonstop; dep 2026-09-11 11:30; key=friend
2042,HYD,BOM,2026-09-11,1,IndiGo,6E 5099,Economy,11385.0,INR,,,,,AVAILABLE,,serpapi_google_flights,,2026-09-10 00:28:58.859882,1,nonstop; dep 2026-09-11 14:15; key=friend
2043,HYD,BOM,2026-09-11,1,Air India,AI 2445,Economy,11664.0,INR,,,,,AVAILABLE,,serpapi_google_flights,,2026-09-10 00:28:58.859882,1,nonstop; dep 2026-09-11 14:25; key=friend
2044,HYD,BOM,2026-09-11,1,IndiGo,6E 5174,Economy,12225.0,INR,,,,,AVAILABLE,,serpapi_google_flights,,2026-09-10 00:28:58.859882,1,nonstop; dep 2026-09-11 09:30; key=friend
2045,HYD,BOM,2026-09-11,1,IndiGo,6E 5259,Economy,19365.0,INR,,,,,AVAILABLE,,serpapi_google_flights,,2026-09-10 00:28:58.859882,1,nonstop; dep 2026-09-11 17:20; key=friend
2046,HYD,BOM,2026-09-11,1,IndiGo,6E 6363,Economy,19365.0,INR,,,,,AVAILABLE,,serpapi_google_flights,,2026-09-10 00:28:58.859882,1,nonstop; dep 2026-09-11 23:30; key=friend
2047,HYD,BOM,2026-09-11,1,Air India,AI 2447,Economy,19633.0,INR,,,,,AVAILABLE,,serpapi_google_flights,,2026-09-10 00:28:58.859882,1,nonstop; dep 2026-09-11 17:25; key=friend
2048,HYD,BOM,2026-09-11,1,Air India,AI 2699,Economy,19633.0,INR,,,,,AVAILABLE,,serpapi_google_flights,,2026-09-10 00:28:58.859882,1,nonstop; dep 2026-09-11 22:20; key=friend
2049,HYD,BOM,2026-09-11,1,IndiGo,6E 5039,Economy,24705.0,INR,,,,,AVAILABLE,,serpapi_google_flights,,2026-09-10 00:28:58.859882,1,nonstop; dep 2026-09-11 19:00; key=friend
2050,HYD,BOM,2026-09-11,1,Air India,AI 2876,Economy,32852.0,INR,,,,,AVAILABLE,,serpapi_google_flights,,2026-09-10 00:28:58.859882,1,nonstop; dep 2026-09-11 20:35; key=friend
2051,HYD,BOM,2026-09-17,7,IndiGo,6E 5099,Economy,6135.0,INR,,,,,AVAILABLE,,serpapi_google_flights,,2026-09-10 00:29:02.494565,1,nonstop; dep 2026-09-17 14:15; key=friend
2052,HYD,BOM,2026-09-17,7,Air India,AI 418,Economy,6293.0,INR,,,,,AVAILABLE,,serpapi_google_flights,,2026-09-10 00:29:02.494565,1,nonstop; dep 2026-09-17 11:30; key=friend
2053,HYD,BOM,2026-09-17,7,Air India,AI 2445,Economy,6293.0,INR,,,,,AVAILABLE,,serpapi_google_flights,,2026-09-10 00:29:02.494565,1,nonstop; dep 2026-09-17 14:25; key=friend
2054,HYD,BOM,2026-09-17,7,Air India,AI 2872,Economy,6078.0,INR,,,,,AVAILABLE,,serpapi_google_flights,,2026-09-10 00:29:02.494565,1,nonstop; dep 2026-09-17 05:50; key=friend
2055,HYD,BOM,2026-09-17,7,IndiGo,6E 5143,Economy,6135.0,INR,,,,,AVAILABLE,,serpapi_google_flights,,2026-09-10 00:29:02.494565,1,nonstop; dep 2026-09-17 03:00; key=friend
2056,HYD,BOM,2026-09-17,7,IndiGo,6E 5245,Economy,6135.0,INR,,,,,AVAILABLE,,serpapi_google_flights,,2026-09-10 00:29:02.494565,1,nonstop; dep 2026-09-17 05:00; key=friend
2057,HYD,BOM,2026-09-17,7,IndiGo,6E 5213,Economy,6450.0,INR,,,,,AVAILABLE,,serpapi_google_flights,,2026-09-10 00:29:02.494565,1,nonstop; dep 2026-09-17 08:00; key=friend
2058,HYD,BOM,2026-09-17,7,IndiGo,6E 5174,Economy,6450.0,INR,,,,,AVAILABLE,,serpapi_google_flights,,2026-09-10 00:29:02.494565,1,nonstop; dep 2026-09-17 09:30; key=friend
2059,HYD,BOM,2026-09-17,7,IndiGo,6E 6363,Economy,6450.0,INR,,,,,AVAILABLE,,serpapi_google_flights,,2026-09-10 00:29:02.494565,1,nonstop; dep 2026-09-17 23:30; key=friend
2060,HYD,BOM,2026-09-17,7,Air India,AI 2626,Economy,6603.0,INR,,,,,AVAILABLE,,serpapi_google_flights,,2026-09-10 00:29:02.494565,1,nonstop; dep 2026-09-17 07:25; key=friend
2061,HYD,BOM,2026-09-17,7,IndiGo,6E 5384,Economy,6765.0,INR,,,,,AVAILABLE,,serpapi_google_flights,,2026-09-10 00:29:02.494565,1,nonstop; dep 2026-09-17 12:55; key=friend
2062,HYD,BOM,2026-09-17,7,Air India,AI 2699,Economy,6970.0,INR,,,,,AVAILABLE,,serpapi_google_flights,,2026-09-10 00:29:02.494565,1,nonstop; dep 2026-09-17 22:20; key=friend
2063,HYD,BOM,2026-09-17,7,IndiGo,6E 6196,Economy,7185.0,INR,,,,,AVAILABLE,,serpapi_google_flights,,2026-09-10 00:29:02.494565,1,nonstop; dep 2026-09-17 06:30; key=friend
2064,HYD,BOM,2026-09-17,7,Air India,AI 2447,Economy,8624.0,INR,,,,,AVAILABLE,,serpapi_google_flights,,2026-09-10 00:29:02.494565,1,nonstop; dep 2026-09-17 17:25; key=friend
2065,HYD,BOM,2026-09-17,7,Air India,AI 2876,Economy,8624.0,INR,,,,,AVAILABLE,,serpapi_google_flights,,2026-09-10 00:29:02.494565,1,nonstop; dep 2026-09-17 20:35; key=friend
2066,HYD,BOM,2026-09-17,7,IndiGo,6E 5259,Economy,9285.0,INR,,,,,AVAILABLE,,serpapi_google_flights,,2026-09-10 00:29:02.494565,1,nonstop; dep 2026-09-17 17:20; key=friend
2067,HYD,BOM,2026-09-17,7,IndiGo,6E 5039,Economy,9285.0,INR,,,,,AVAILABLE,,serpapi_google_flights,,2026-09-10 00:29:02.494565,1,nonstop; dep 2026-09-17 19:00; key=friend
2068,HYD,BOM,2026-09-25,15,IndiGo,6E 5384,Economy,6135.0,INR,,,,,AVAILABLE,,serpapi_google_flights,,2026-09-10 00:29:05.734516,1,nonstop; dep 2026-09-25 12:55; key=key1
2069,HYD,BOM,2026-09-25,15,IndiGo,6E 5099,Economy,6135.0,INR,,,,,AVAILABLE,,serpapi_google_flights,,2026-09-10 00:29:05.734516,1,nonstop; dep 2026-09-25 14:15; key=key1
2070,HYD,BOM,2026-09-25,15,Air India,AI 418,Economy,6293.0,INR,,,,,AVAILABLE,,serpapi_google_flights,,2026-09-10 00:29:05.734516,1,nonstop; dep 2026-09-25 11:30; key=key1
2071,HYD,BOM,2026-09-25,15,Air India,AI 2445,Economy,6293.0,INR,,,,,AVAILABLE,,serpapi_google_flights,,2026-09-10 00:29:05.734516,1,nonstop; dep 2026-09-25 14:25; key=key1
2072,HYD,BOM,2026-09-25,15,Air India,AI 2872,Economy,6078.0,INR,,,,,AVAILABLE,,serpapi_google_flights,,2026-09-10 00:29:05.734516,1,nonstop; dep 2026-09-25 05:50; key=key1
2073,HYD,BOM,2026-09-25,15,IndiGo,6E 5143,Economy,6135.0,INR,,,,,AVAILABLE,,serpapi_google_flights,,2026-09-10 00:29:05.734516,1,nonstop; dep 2026-09-25 03:00; key=key1
2074,HYD,BOM,2026-09-25,15,IndiGo,6E 5245,Economy,6135.0,INR,,,,,AVAILABLE,,serpapi_google_flights,,2026-09-10 00:29:05.734516,1,nonstop; dep 2026-09-25 05:00; key=key1
2075,HYD,BOM,2026-09-25,15,IndiGo,6E 6196,Economy,6135.0,INR,,,,,AVAILABLE,,serpapi_google_flights,,2026-09-10 00:29:05.734516,1,nonstop; dep 2026-09-25 06:30; key=key1
2076,HYD,BOM,2026-09-25,15,Air India,AI 2626,Economy,6293.0,INR,,,,,AVAILABLE,,serpapi_google_flights,,2026-09-10 00:29:05.734516,1,nonstop; dep 2026-09-25 07:25; key=key1
2077,HYD,BOM,2026-09-25,15,IndiGo,6E 5213,Economy,6450.0,INR,,,,,AVAILABLE,,serpapi_google_flights,,2026-09-10 00:29:05.734516,1,nonstop; dep 2026-09-25 08:00; key=key1
2078,HYD,BOM,2026-09-25,15,IndiGo,6E 5174,Economy,6450.0,INR,,,,,AVAILABLE,,serpapi_google_flights,,2026-09-10 00:29:05.734516,1,nonstop; dep 2026-09-25 09:30; key=key1
2079,HYD,BOM,2026-09-25,15,IndiGo,6E 5259,Economy,7185.0,INR,,,,,AVAILABLE,,serpapi_google_flights,,2026-09-10 00:29:05.734516,1,nonstop; dep 2026-09-25 17:20; key=key1
2080,HYD,BOM,2026-09-25,15,IndiGo,6E 6363,Economy,7605.0,INR,,,,,AVAILABLE,,serpapi_google_flights,,2026-09-10 00:29:05.734516,1,nonstop; dep 2026-09-25 23:30; key=key1
2081,HYD,BOM,2026-09-25,15,Air India,AI 2447,Economy,8073.0,INR,,,,,AVAILABLE,,serpapi_google_flights,,2026-09-10 00:29:05.734516,1,nonstop; dep 2026-09-25 17:25; key=key1
2082,HYD,BOM,2026-09-25,15,Air India,AI 2699,Economy,8288.0,INR,,,,,AVAILABLE,,serpapi_google_flights,,2026-09-10 00:29:05.734516,1,nonstop; dep 2026-09-25 22:20; key=key1
2083,HYD,BOM,2026-09-25,15,Air India,AI 2876,Economy,8624.0,INR,,,,,AVAILABLE,,serpapi_google_flights,,2026-09-10 00:29:05.734516,1,nonstop; dep 2026-09-25 20:35; key=key1
2084,HYD,BOM,2026-09-25,15,IndiGo,6E 5039,Economy,8655.0,INR,,,,,AVAILABLE,,serpapi_google_flights,,2026-09-10 00:29:05.734516,1,nonstop; dep 2026-09-25 19:00; key=key1
2085,HYD,BOM,2026-10-10,30,IndiGo,6E 5384,Economy,6450.0,INR,,,,,AVAILABLE,,serpapi_google_flights,,2026-09-10 00:29:09.731421,1,nonstop; dep 2026-10-10 12:55; key=friend
2086,HYD,BOM,2026-10-10,30,IndiGo,6E 5099,Economy,6450.0,INR,,,,,AVAILABLE,,serpapi_google_flights,,2026-09-10 00:29:09.731421,1,nonstop; dep 2026-10-10 14:15; key=friend
2087,HYD,BOM,2026-10-10,30,IndiGo,6E 5259,Economy,6450.0,INR,,,,,AVAILABLE,,serpapi_google_flights,,2026-09-10 00:29:09.731421,1,nonstop; dep 2026-10-10 17:20; key=friend
2088,HYD,BOM,2026-10-10,30,Air India,AI 2445,Economy,6603.0,INR,,,,,AVAILABLE,,serpapi_google_flights,,2026-09-10 00:29:09.731421,1,nonstop; dep 2026-10-10 14:25; key=friend
2089,HYD,BOM,2026-10-10,30,IndiGo,6E 5143,Economy,6135.0,INR,,,,,AVAILABLE,,serpapi_google_flights,,2026-09-10 00:29:09.731421,1,nonstop; dep 2026-10-10 03:00; key=friend
2090,HYD,BOM,2026-10-10,30,Air India,AI 2872,Economy,6382.0,INR,,,,,AVAILABLE,,serpapi_google_flights,,2026-09-10 00:29:09.731421,1,nonstop; dep 2026-10-10 05:50; key=friend
2091,HYD,BOM,2026-10-10,30,IndiGo,6E 5245,Economy,6450.0,INR,,,,,AVAILABLE,,serpapi_google_flights,,2026-09-10 00:29:09.731421,1,nonstop; dep 2026-10-10 05:00; key=friend
2092,HYD,BOM,2026-10-10,30,IndiGo,6E 5203,Economy,6450.0,INR,,,,,AVAILABLE,,serpapi_google_flights,,2026-09-10 00:29:09.731421,1,nonstop; dep 2026-10-10 22:05; key=friend
2093,HYD,BOM,2026-10-10,30,IndiGo,6E 6363,Economy,6450.0,INR,,,,,AVAILABLE,,serpapi_google_flights,,2026-09-10 00:29:09.731421,1,nonstop; dep 2026-10-10 23:30; key=friend
2094,HYD,BOM,2026-10-10,30,IndiGo,6E 5039,Economy,6765.0,INR,,,,,AVAILABLE,,serpapi_google_flights,,2026-09-10 00:29:09.731421,1,nonstop; dep 2026-10-10 19:00; key=friend
2095,HYD,BOM,2026-10-10,30,Air India,AI 2447,Economy,6855.0,INR,,,,,AVAILABLE,,serpapi_google_flights,,2026-09-10 00:29:09.731421,1,nonstop; dep 2026-10-10 17:25; key=friend
2096,HYD,BOM,2026-10-10,30,Air India,AI 2876,Economy,6855.0,INR,,,,,AVAILABLE,,serpapi_google_flights,,2026-09-10 00:29:09.731421,1,nonstop; dep 2026-10-10 20:35; key=friend
2097,HYD,BOM,2026-10-10,30,Air India,AI 2699,Economy,6970.0,INR,,,,,AVAILABLE,,serpapi_google_flights,,2026-09-10 00:29:09.731421,1,nonstop; dep 2026-10-10 22:20; key=friend
2098,HYD,BOM,2026-10-10,30,IndiGo,6E 6196,Economy,7605.0,INR,,,,,AVAILABLE,,serpapi_google_flights,,2026-09-10 00:29:09.731421,1,nonstop; dep 2026-10-10 06:30; key=friend
2099,HYD,BOM,2026-10-10,30,IndiGo,6E 5174,Economy,7605.0,INR,,,,,AVAILABLE,,serpapi_google_flights,,2026-09-10 00:29:09.731421,1,nonstop; dep 2026-10-10 09:30; key=friend
2100,HYD,BOM,2026-10-10,30,Air India,AI 2626,Economy,7763.0,INR,,,,,AVAILABLE,,serpapi_google_flights,,2026-09-10 00:29:09.731421,1,nonstop; dep 2026-10-10 07:25; key=friend
2101,HYD,BOM,2026-10-10,30,IndiGo,6E 5213,Economy,8130.0,INR,,,,,AVAILABLE,,serpapi_google_flights,,2026-09-10 00:29:09.731421,1,nonstop; dep 2026-10-10 08:00; key=friend
2102,HYD,BOM,2026-10-10,30,Air India,AI 418,Economy,8288.0,INR,,,,,AVAILABLE,,serpapi_google_flights,,2026-09-10 00:29:09.731421,1,nonstop; dep 2026-10-10 11:30; key=friend
2103,HYD,BOM,2026-10-25,45,IndiGo,6E 5384,Economy,6450.0,INR,,,,,AVAILABLE,,serpapi_google_flights,,2026-09-10 00:29:13.438151,1,nonstop; dep 2026-10-25 12:30; key=key1
2104,HYD,BOM,2026-10-25,45,Air India,AI 2618,Economy,6603.0,INR,,,,,AVAILABLE,,serpapi_google_flights,,2026-09-10 00:29:13.438151,1,nonstop; dep 2026-10-25 13:45; key=key1
2105,HYD,BOM,2026-10-25,45,Air India,AI 2445,Economy,7243.0,INR,,,,,AVAILABLE,,serpapi_google_flights,,2026-09-10 00:29:13.438151,1,nonstop; dep 2026-10-25 14:25; key=key1
2106,HYD,BOM,2026-10-25,45,IndiGo,6E 5245,Economy,6450.0,INR,,,,,AVAILABLE,,serpapi_google_flights,,2026-09-10 00:29:13.438151,1,nonstop; dep 2026-10-25 04:50; key=key1
2107,HYD,BOM,2026-10-25,45,IndiGo,6E 6196,Economy,6450.0,INR,,,,,AVAILABLE,,serpapi_google_flights,,2026-09-10 00:29:13.438151,1,nonstop; dep 2026-10-25 06:30; key=key1
2108,HYD,BOM,2026-10-25,45,IndiGo,6E 5213,Economy,6450.0,INR,,,,,AVAILABLE,,serpapi_google_flights,,2026-09-10 00:29:13.438151,1,nonstop; dep 2026-10-25 07:45; key=key1
2109,HYD,BOM,2026-10-25,45,IndiGo,6E 6364,Economy,6450.0,INR,,,,,AVAILABLE,,serpapi_google_flights,,2026-09-10 00:29:13.438151,1,nonstop; dep 2026-10-25 09:30; key=key1
2110,HYD,BOM,2026-10-25,45,IndiGo,6E 5203,Economy,6450.0,INR,,,,,AVAILABLE,,serpapi_google_flights,,2026-09-10 00:29:13.438151,1,nonstop; dep 2026-10-25 22:00; key=key1
2111,HYD,BOM,2026-10-25,45,IndiGo,6E 6363,Economy,6450.0,INR,,,,,AVAILABLE,,serpapi_google_flights,,2026-09-10 00:29:13.438151,1,nonstop; dep 2026-10-25 23:40; key=key1
2112,HYD,BOM,2026-10-25,45,IndiGo,6E 5099,Economy,7185.0,INR,,,,,AVAILABLE,,serpapi_google_flights,,2026-09-10 00:29:13.438151,1,nonstop; dep 2026-10-25 14:10; key=key1
2113,HYD,BOM,2026-10-25,45,IndiGo,6E 5259,Economy,7185.0,INR,,,,,AVAILABLE,,serpapi_google_flights,,2026-09-10 00:29:13.438151,1,nonstop; dep 2026-10-25 17:15; key=key1
2114,HYD,BOM,2026-10-25,45,Air India,AI 2626,Economy,7375.0,INR,,,,,AVAILABLE,,serpapi_google_flights,,2026-09-10 00:29:13.438151,1,nonstop; dep 2026-10-25 07:40; key=key1
2115,HYD,BOM,2026-10-25,45,Air India,AI 418,Economy,7375.0,INR,,,,,AVAILABLE,,serpapi_google_flights,,2026-09-10 00:29:13.438151,1,nonstop; dep 2026-10-25 11:05; key=key1
2116,HYD,BOM,2026-10-25,45,IndiGo,6E 5039,Economy,7605.0,INR,,,,,AVAILABLE,,serpapi_google_flights,,2026-09-10 00:29:13.438151,1,nonstop; dep 2026-10-25 18:55; key=key1
2117,HYD,BOM,2026-10-25,45,Air India,AI 2447,Economy,8073.0,INR,,,,,AVAILABLE,,serpapi_google_flights,,2026-09-10 00:29:13.438151,1,nonstop; dep 2026-10-25 17:30; key=key1
2118,HYD,BOM,2026-10-25,45,Air India,AI 2699,Economy,8813.0,INR,,,,,AVAILABLE,,serpapi_google_flights,,2026-09-10 00:29:13.438151,1,nonstop; dep 2026-10-25 21:55; key=key1
2119,HYD,BOM,2026-10-25,45,Air India,AI 2872,Economy,9611.0,INR,,,,,AVAILABLE,,serpapi_google_flights,,2026-09-10 00:29:13.438151,1,nonstop; dep 2026-10-25 05:50; key=key1
2120,BLR,CCU,2026-09-11,1,IndiGo,6E 223,Economy,11300.0,INR,,,,,AVAILABLE,,serpapi_google_flights,,2026-09-10 00:29:17.015590,1,nonstop; dep 2026-09-11 17:05; key=friend
2121,BLR,CCU,2026-09-11,1,Air India Express,IX 1370,Economy,11378.0,INR,,,,,AVAILABLE,,serpapi_google_flights,,2026-09-10 00:29:17.015590,1,nonstop; dep 2026-09-11 22:15; key=friend
2122,BLR,CCU,2026-09-11,1,Akasa Air,QP 1561,Economy,11528.0,INR,,,,,AVAILABLE,,serpapi_google_flights,,2026-09-10 00:29:17.015590,1,nonstop; dep 2026-09-11 06:15; key=friend
2123,BLR,CCU,2026-09-11,1,Air India Express,IX 1131,Economy,11378.0,INR,,,,,AVAILABLE,,serpapi_google_flights,,2026-09-10 00:29:17.015590,1,nonstop; dep 2026-09-11 07:05; key=friend
2124,BLR,CCU,2026-09-11,1,IndiGo,6E 6439,Economy,11720.0,INR,,,,,AVAILABLE,,serpapi_google_flights,,2026-09-10 00:29:17.015590,1,nonstop; dep 2026-09-11 06:30; key=friend
2125,BLR,CCU,2026-09-11,1,IndiGo,6E 442,Economy,12035.0,INR,,,,,AVAILABLE,,serpapi_google_flights,,2026-09-10 00:29:17.015590,1,nonstop; dep 2026-09-11 08:10; key=friend
2126,BLR,CCU,2026-09-11,1,IndiGo,6E 172,Economy,12035.0,INR,,,,,AVAILABLE,,serpapi_google_flights,,2026-09-10 00:29:17.015590,1,nonstop; dep 2026-09-11 13:40; key=friend
2127,BLR,CCU,2026-09-11,1,IndiGo,6E 6572,Economy,12035.0,INR,,,,,AVAILABLE,,serpapi_google_flights,,2026-09-10 00:29:17.015590,1,nonstop; dep 2026-09-11 15:05; key=friend
2128,BLR,CCU,2026-09-11,1,IndiGo,6E 676,Economy,12035.0,INR,,,,,AVAILABLE,,serpapi_google_flights,,2026-09-10 00:29:17.015590,1,nonstop; dep 2026-09-11 18:30; key=friend
2129,BLR,CCU,2026-09-11,1,Air India Express,IX 1537,Economy,12394.0,INR,,,,,AVAILABLE,,serpapi_google_flights,,2026-09-10 00:29:17.015590,1,nonstop; dep 2026-09-11 12:00; key=friend
2130,BLR,CCU,2026-09-11,1,IndiGo,6E 952,Economy,12770.0,INR,,,,,AVAILABLE,,serpapi_google_flights,,2026-09-10 00:29:17.015590,1,nonstop; dep 2026-09-11 22:20; key=friend
2131,BLR,CCU,2026-09-11,1,IndiGo,6E 975,Economy,12875.0,INR,,,,,AVAILABLE,,serpapi_google_flights,,2026-09-10 00:29:17.015590,1,nonstop; dep 2026-09-11 20:20; key=friend
2132,BLR,CCU,2026-09-17,7,IndiGo,6E 952,Economy,7310.0,INR,,,,,AVAILABLE,,serpapi_google_flights,,2026-09-10 00:29:23.411664,1,nonstop; dep 2026-09-17 22:20; key=key1
2133,BLR,CCU,2026-09-17,7,Air India Express,IX 1370,Economy,7507.0,INR,,,,,AVAILABLE,,serpapi_google_flights,,2026-09-10 00:29:23.411664,1,nonstop; dep 2026-09-17 22:15; key=key1
2134,BLR,CCU,2026-09-17,7,IndiGo,6E 223,Economy,7520.0,INR,,,,,AVAILABLE,,serpapi_google_flights,,2026-09-10 00:29:23.411664,1,nonstop; dep 2026-09-17 17:05; key=key1
2135,BLR,CCU,2026-09-17,7,IndiGo,6E 676,Economy,7520.0,INR,,,,,AVAILABLE,,serpapi_google_flights,,2026-09-10 00:29:23.411664,1,nonstop; dep 2026-09-17 18:30; key=key1
2136,BLR,CCU,2026-09-17,7,Air India Express,IX 1131,Economy,7507.0,INR,,,,,AVAILABLE,,serpapi_google_flights,,2026-09-10 00:29:23.411664,1,nonstop; dep 2026-09-17 07:05; key=key1
2137,BLR,CCU,2026-09-17,7,IndiGo,6E 6439,Economy,7730.0,INR,,,,,AVAILABLE,,serpapi_google_flights,,2026-09-10 00:29:23.411664,1,nonstop; dep 2026-09-17 06:30; key=key1
2138,BLR,CCU,2026-09-17,7,IndiGo,6E 975,Economy,7940.0,INR,,,,,AVAILABLE,,serpapi_google_flights,,2026-09-10 00:29:23.411664,1,nonstop; dep 2026-09-17 20:20; key=key1
2139,BLR,CCU,2026-09-17,7,Air India Express,IX 1537,Economy,7950.0,INR,,,,,AVAILABLE,,serpapi_google_flights,,2026-09-10 00:29:23.411664,1,nonstop; dep 2026-09-17 12:00; key=key1
2140,BLR,CCU,2026-09-17,7,IndiGo,6E 172,Economy,8465.0,INR,,,,,AVAILABLE,,serpapi_google_flights,,2026-09-10 00:29:23.411664,1,nonstop; dep 2026-09-17 13:40; key=key1
2141,BLR,CCU,2026-09-17,7,IndiGo,6E 6572,Economy,8465.0,INR,,,,,AVAILABLE,,serpapi_google_flights,,2026-09-10 00:29:23.411664,1,nonstop; dep 2026-09-17 15:05; key=key1
2142,BLR,CCU,2026-09-17,7,IndiGo,6E 442,Economy,9095.0,INR,,,,,AVAILABLE,,serpapi_google_flights,,2026-09-10 00:29:23.411664,1,nonstop; dep 2026-09-17 08:10; key=key1
2143,BLR,CCU,2026-09-17,7,Akasa Air,QP 1561,Economy,9483.0,INR,,,,,AVAILABLE,,serpapi_google_flights,,2026-09-10 00:29:23.411664,1,nonstop; dep 2026-09-17 06:15; key=key1
2144,BLR,CCU,2026-09-25,15,IndiGo,6E 6439,Economy,8150.0,INR,,,,,AVAILABLE,,serpapi_google_flights,,2026-09-10 00:29:27.463709,1,nonstop; dep 2026-09-25 06:30; key=friend
2145,BLR,CCU,2026-09-25,15,IndiGo,6E 952,Economy,8150.0,INR,,,,,AVAILABLE,,serpapi_google_flights,,2026-09-10 00:29:27.463709,1,nonstop; dep 2026-09-25 22:20; key=friend
2146,BLR,CCU,2026-09-25,15,Akasa Air,QP 1561,Economy,8617.0,INR,,,,,AVAILABLE,,serpapi_google_flights,,2026-09-10 00:29:27.463709,1,nonstop; dep 2026-09-25 06:15; key=friend
2147,BLR,CCU,2026-09-25,15,IndiGo,6E 172,Economy,8465.0,INR,,,,,AVAILABLE,,serpapi_google_flights,,2026-09-10 00:29:27.463709,1,nonstop; dep 2026-09-25 13:40; key=friend
2148,BLR,CCU,2026-09-25,15,IndiGo,6E 223,Economy,8465.0,INR,,,,,AVAILABLE,,serpapi_google_flights,,2026-09-10 00:29:27.463709,1,nonstop; dep 2026-09-25 17:05; key=friend
2149,BLR,CCU,2026-09-25,15,IndiGo,6E 676,Economy,8465.0,INR,,,,,AVAILABLE,,serpapi_google_flights,,2026-09-10 00:29:27.463709,1,nonstop; dep 2026-09-25 18:30; key=friend
2150,BLR,CCU,2026-09-25,15,Air India Express,IX 1131,Economy,8977.0,INR,,,,,AVAILABLE,,serpapi_google_flights,,2026-09-10 00:29:27.463709,1,nonstop; dep 2026-09-25 07:05; key=friend
2151,BLR,CCU,2026-09-25,15,Air India Express,IX 1370,Economy,8977.0,INR,,,,,AVAILABLE,,serpapi_google_flights,,2026-09-10 00:29:27.463709,1,nonstop; dep 2026-09-25 22:15; key=friend
2152,BLR,CCU,2026-09-25,15,IndiGo,6E 6572,Economy,9095.0,INR,,,,,AVAILABLE,,serpapi_google_flights,,2026-09-10 00:29:27.463709,1,nonstop; dep 2026-09-25 15:05; key=friend
2153,BLR,CCU,2026-09-25,15,Air India Express,IX 1537,Economy,9711.0,INR,,,,,AVAILABLE,,serpapi_google_flights,,2026-09-10 00:29:27.463709,1,nonstop; dep 2026-09-25 12:00; key=friend
2154,BLR,CCU,2026-09-25,15,IndiGo,6E 442,Economy,9830.0,INR,,,,,AVAILABLE,,serpapi_google_flights,,2026-09-10 00:29:27.463709,1,nonstop; dep 2026-09-25 08:10; key=friend
2155,BLR,CCU,2026-09-25,15,IndiGo,6E 975,Economy,11300.0,INR,,,,,AVAILABLE,,serpapi_google_flights,,2026-09-10 00:29:27.463709,1,nonstop; dep 2026-09-25 20:20; key=friend
2156,BLR,CCU,2026-10-10,30,IndiGo,6E 952,Economy,12770.0,INR,,,,,AVAILABLE,,serpapi_google_flights,,2026-09-10 00:29:31.460830,1,nonstop; dep 2026-10-10 22:20; key=key1
2157,BLR,CCU,2026-10-10,30,Air India Express,IX 1537,Economy,13701.0,INR,,,,,AVAILABLE,,serpapi_google_flights,,2026-09-10 00:29:31.460830,1,nonstop; dep 2026-10-10 12:00; key=key1
2158,BLR,CCU,2026-10-10,30,Akasa Air,QP 1264,Economy,14068.0,INR,,,,,AVAILABLE,,serpapi_google_flights,,2026-09-10 00:29:31.460830,1,nonstop; dep 2026-10-10 21:10; key=key1
2159,BLR,CCU,2026-10-10,30,IndiGo,6E 975,Economy,13820.0,INR,,,,,AVAILABLE,,serpapi_google_flights,,2026-09-10 00:29:31.460830,1,nonstop; dep 2026-10-10 20:20; key=key1
2160,BLR,CCU,2026-10-10,30,Akasa Air,QP 1262,Economy,14068.0,INR,,,,,AVAILABLE,,serpapi_google_flights,,2026-09-10 00:29:31.460830,1,nonstop; dep 2026-10-10 19:40; key=key1
2161,BLR,CCU,2026-10-10,30,IndiGo,6E 503,Economy,15080.0,INR,,,,,AVAILABLE,,serpapi_google_flights,,2026-09-10 00:29:31.460830,1,nonstop; dep 2026-10-10 10:00; key=key1
2162,BLR,CCU,2026-10-10,30,IndiGo,6E 172,Economy,15080.0,INR,,,,,AVAILABLE,,serpapi_google_flights,,2026-09-10 00:29:31.460830,1,nonstop; dep 2026-10-10 13:40; key=key1
2163,BLR,CCU,2026-10-10,30,IndiGo,6E 6572,Economy,15080.0,INR,,,,,AVAILABLE,,serpapi_google_flights,,2026-09-10 00:29:31.460830,1,nonstop; dep 2026-10-10 15:05; key=key1
2164,BLR,CCU,2026-10-10,30,IndiGo,6E 223,Economy,15080.0,INR,,,,,AVAILABLE,,serpapi_google_flights,,2026-09-10 00:29:31.460830,1,nonstop; dep 2026-10-10 17:05; key=key1
2165,BLR,CCU,2026-10-10,30,IndiGo,6E 676,Economy,15080.0,INR,,,,,AVAILABLE,,serpapi_google_flights,,2026-09-10 00:29:31.460830,1,nonstop; dep 2026-10-10 18:30; key=key1
2166,BLR,CCU,2026-10-10,30,Air India Express,IX 1370,Economy,15334.0,INR,,,,,AVAILABLE,,serpapi_google_flights,,2026-09-10 00:29:31.460830,1,nonstop; dep 2026-10-10 22:15; key=key1
2167,BLR,CCU,2026-10-10,30,IndiGo,6E 442,Economy,16655.0,INR,,,,,AVAILABLE,,serpapi_google_flights,,2026-09-10 00:29:31.460830,1,nonstop; dep 2026-10-10 08:10; key=key1
2168,BLR,CCU,2026-10-10,30,IndiGo,6E 236,Economy,16655.0,INR,,,,,AVAILABLE,,serpapi_google_flights,,2026-09-10 00:29:31.460830,1,nonstop; dep 2026-10-10 11:45; key=key1
2169,BLR,CCU,2026-10-10,30,Air India Express,IX 1131,Economy,17315.0,INR,,,,,AVAILABLE,,serpapi_google_flights,,2026-09-10 00:29:31.460830,1,nonstop; dep 2026-10-10 07:05; key=key1
2170,BLR,CCU,2026-10-10,30,SpiceJet,SG 158,Economy,17939.0,INR,,,,,AVAILABLE,,serpapi_google_flights,,2026-09-10 00:29:31.460830,1,nonstop; dep 2026-10-10 13:20; key=key1
2171,BLR,CCU,2026-10-10,30,IndiGo,6E 6439,Economy,24005.0,INR,,,,,AVAILABLE,,serpapi_google_flights,,2026-09-10 00:29:31.460830,1,nonstop; dep 2026-10-10 06:30; key=key1
2172,BLR,CCU,2026-10-25,45,IndiGo,6E 227,Economy,9830.0,INR,,,,,AVAILABLE,,serpapi_google_flights,,2026-09-10 00:29:35.664625,1,nonstop; dep 2026-10-25 04:55; key=friend
2173,BLR,CCU,2026-10-25,45,IndiGo,6E 6439,Economy,10040.0,INR,,,,,AVAILABLE,,serpapi_google_flights,,2026-09-10 00:29:35.664625,1,nonstop; dep 2026-10-25 06:15; key=friend
2174,BLR,CCU,2026-10-25,45,Akasa Air,QP 1262,Economy,11528.0,INR,,,,,AVAILABLE,,serpapi_google_flights,,2026-09-10 00:29:35.664625,1,nonstop; dep 2026-10-25 08:55; key=friend
2175,BLR,CCU,2026-10-25,45,IndiGo,6E 442,Economy,10565.0,INR,,,,,AVAILABLE,,serpapi_google_flights,,2026-09-10 00:29:35.664625,1,nonstop; dep 2026-10-25 08:25; key=friend
2176,BLR,CCU,2026-10-25,45,IndiGo,6E 503,Economy,11300.0,INR,,,,,AVAILABLE,,serpapi_google_flights,,2026-09-10 00:29:35.664625,1,nonstop; dep 2026-10-25 09:25; key=friend
2177,BLR,CCU,2026-10-25,45,Air India Express,IX 1131,Economy,11378.0,INR,,,,,AVAILABLE,,serpapi_google_flights,,2026-09-10 00:29:35.664625,1,nonstop; dep 2026-10-25 07:00; key=friend
2178,BLR,CCU,2026-10-25,45,Air India Express,IX 2718,Economy,11378.0,INR,,,,,AVAILABLE,,serpapi_google_flights,,2026-09-10 00:29:35.664625,1,nonstop; dep 2026-10-25 17:25; key=friend
2179,BLR,CCU,2026-10-25,45,Akasa Air,QP 1561,Economy,11528.0,INR,,,,,AVAILABLE,,serpapi_google_flights,,2026-09-10 00:29:35.664625,1,nonstop; dep 2026-10-25 06:05; key=friend
2180,BLR,CCU,2026-10-25,45,IndiGo,6E 223,Economy,12035.0,INR,,,,,AVAILABLE,,serpapi_google_flights,,2026-09-10 00:29:35.664625,1,nonstop; dep 2026-10-25 17:45; key=friend
2181,BLR,CCU,2026-10-25,45,IndiGo,6E 676,Economy,12035.0,INR,,,,,AVAILABLE,,serpapi_google_flights,,2026-09-10 00:29:35.664625,1,nonstop; dep 2026-10-25 19:15; key=friend
2182,BLR,CCU,2026-10-25,45,Akasa Air,QP 1266,Economy,12315.0,INR,,,,,AVAILABLE,,serpapi_google_flights,,2026-09-10 00:29:35.664625,1,nonstop; dep 2026-10-25 22:00; key=friend
2183,BLR,CCU,2026-10-25,45,IndiGo,6E 952,Economy,12770.0,INR,,,,,AVAILABLE,,serpapi_google_flights,,2026-09-10 00:29:35.664625,1,nonstop; dep 2026-10-25 22:30; key=friend
2184,BLR,CCU,2026-10-25,45,IndiGo,6E 172,Economy,12875.0,INR,,,,,AVAILABLE,,serpapi_google_flights,,2026-09-10 00:29:35.664625,1,nonstop; dep 2026-10-25 13:30; key=friend
2185,BLR,CCU,2026-10-25,45,Air India Express,IX 1537,Economy,13701.0,INR,,,,,AVAILABLE,,serpapi_google_flights,,2026-09-10 00:29:35.664625,1,nonstop; dep 2026-10-25 12:50; key=friend
2186,BLR,CCU,2026-10-25,45,Air India Express,IX 2795,Economy,13701.0,INR,,,,,AVAILABLE,,serpapi_google_flights,,2026-09-10 00:29:35.664625,1,nonstop; dep 2026-10-25 20:00; key=friend
2187,BLR,CCU,2026-10-25,45,IndiGo,6E 236,Economy,13820.0,INR,,,,,AVAILABLE,,serpapi_google_flights,,2026-09-10 00:29:35.664625,1,nonstop; dep 2026-10-25 11:55; key=friend
2188,BLR,CCU,2026-10-25,45,SpiceJet,SG 720,Economy,15800.0,INR,,,,,AVAILABLE,,serpapi_google_flights,,2026-09-10 00:29:35.664625,1,nonstop; dep 2026-10-25 06:00; key=friend
2189,BLR,CCU,2026-10-25,45,SpiceJet,SG 753,Economy,15800.0,INR,,,,,AVAILABLE,,serpapi_google_flights,,2026-09-10 00:29:35.664625,1,nonstop; dep 2026-10-25 13:40; key=friend
2190,BLR,CCU,2026-10-25,45,SpiceJet,SG 724,Economy,15800.0,INR,,,,,AVAILABLE,,serpapi_google_flights,,2026-09-10 00:29:35.664625,1,nonstop; dep 2026-10-25 18:30; key=friend
2191,BLR,CCU,2026-10-25,45,IndiGo,6E 975,Economy,16550.0,INR,,,,,AVAILABLE,,serpapi_google_flights,,2026-09-10 00:29:35.664625,1,nonstop; dep 2026-10-25 21:05; key=friend
2192,BLR,CCU,2026-10-25,45,IndiGo,6E 6572,Economy,16655.0,INR,,,,,AVAILABLE,,serpapi_google_flights,,2026-09-10 00:29:35.664625,1,nonstop; dep 2026-10-25 15:45; key=friend
2193,DEL,BOM,2026-09-12,1,Air India,AI 2439,Economy,6314.0,INR,,,,,AVAILABLE,,serpapi_google_flights,,2026-09-11 14:59:07.959586,1,nonstop; dep 2026-09-12 23:00; key=friend2
2194,DEL,BOM,2026-09-12,1,IndiGo,6E 329,Economy,6425.0,INR,,,,,AVAILABLE,,serpapi_google_flights,,2026-09-11 14:59:07.959586,1,nonstop; dep 2026-09-12 18:00; key=friend2
2195,DEL,BOM,2026-09-12,1,Akasa Air,QP 1128,Economy,6880.0,INR,,,,,AVAILABLE,,serpapi_google_flights,,2026-09-11 14:59:07.959586,1,nonstop; dep 2026-09-12 16:00; key=friend2
2196,DEL,BOM,2026-09-12,1,Air India,AI 1745,Economy,6314.0,INR,,,,,AVAILABLE,,serpapi_google_flights,,2026-09-11 14:59:07.959586,1,nonstop; dep 2026-09-12 05:00; key=friend2
2197,DEL,BOM,2026-09-12,1,IndiGo,6E 6218,Economy,6425.0,INR,,,,,AVAILABLE,,serpapi_google_flights,,2026-09-11 14:59:07.959586,1,nonstop; dep 2026-09-12 06:05; key=friend2
2198,DEL,BOM,2026-09-12,1,IndiGo,6E 6814,Economy,6425.0,INR,,,,,AVAILABLE,,serpapi_google_flights,,2026-09-11 14:59:07.959586,1,nonstop; dep 2026-09-12 07:15; key=friend2
2199,DEL,BOM,2026-09-12,1,IndiGo,6E 6022,Economy,6425.0,INR,,,,,AVAILABLE,,serpapi_google_flights,,2026-09-11 14:59:07.959586,1,nonstop; dep 2026-09-12 14:00; key=friend2
2200,DEL,BOM,2026-09-12,1,IndiGo,6E 6318,Economy,6425.0,INR,,,,,AVAILABLE,,serpapi_google_flights,,2026-09-11 14:59:07.959586,1,nonstop; dep 2026-09-12 14:45; key=friend2
2201,DEL,BOM,2026-09-12,1,IndiGo,6E 864,Economy,6425.0,INR,,,,,AVAILABLE,,serpapi_google_flights,,2026-09-11 14:59:07.959586,1,nonstop; dep 2026-09-12 15:30; key=friend2
2202,DEL,BOM,2026-09-12,1,IndiGo,6E 327,Economy,6425.0,INR,,,,,AVAILABLE,,serpapi_google_flights,,2026-09-11 14:59:07.959586,1,nonstop; dep 2026-09-12 16:15; key=friend2
2203,DEL,BOM,2026-09-12,1,IndiGo,6E 6706,Economy,6425.0,INR,,,,,AVAILABLE,,serpapi_google_flights,,2026-09-11 14:59:07.959586,1,nonstop; dep 2026-09-12 17:00; key=friend2
2204,DEL,BOM,2026-09-12,1,IndiGo,6E 354,Economy,6425.0,INR,,,,,AVAILABLE,,serpapi_google_flights,,2026-09-11 14:59:07.959586,1,nonstop; dep 2026-09-12 19:00; key=friend2
2205,DEL,BOM,2026-09-12,1,IndiGo,6E 395,Economy,6425.0,INR,,,,,AVAILABLE,,serpapi_google_flights,,2026-09-11 14:59:07.959586,1,nonstop; dep 2026-09-12 21:45; key=friend2
2206,DEL,BOM,2026-09-12,1,IndiGo,6E 6114,Economy,6425.0,INR,,,,,AVAILABLE,,serpapi_google_flights,,2026-09-11 14:59:07.959586,1,nonstop; dep 2026-09-12 22:45; key=friend2
2207,DEL,BOM,2026-09-12,1,IndiGo,6E 322,Economy,6425.0,INR,,,,,AVAILABLE,,serpapi_google_flights,,2026-09-11 14:59:07.959586,1,nonstop; dep 2026-09-12 23:30; key=friend2
2208,DEL,BOM,2026-09-12,1,Air India,AI 2975,Economy,6582.0,INR,,,,,AVAILABLE,,serpapi_google_flights,,2026-09-11 14:59:07.959586,1,nonstop; dep 2026-09-12 06:30; key=friend2
2209,DEL,BOM,2026-09-12,1,Air India,AI 2943,Economy,6582.0,INR,,,,,AVAILABLE,,serpapi_google_flights,,2026-09-11 14:59:07.959586,1,nonstop; dep 2026-09-12 07:30; key=friend2
2210,DEL,BOM,2026-09-12,1,Air India,AI 865,Economy,6582.0,INR,,,,,AVAILABLE,,serpapi_google_flights,,2026-09-11 14:59:07.959586,1,nonstop; dep 2026-09-12 08:55; key=friend2
2211,DEL,BOM,2026-09-12,1,Air India,AI 2927,Economy,6582.0,INR,,,,,AVAILABLE,,serpapi_google_flights,,2026-09-11 14:59:07.959586,1,nonstop; dep 2026-09-12 09:30; key=friend2
2212,DEL,BOM,2026-09-12,1,Air India,AI 1777,Economy,6582.0,INR,,,,,AVAILABLE,,serpapi_google_flights,,2026-09-11 14:59:07.959586,1,nonstop; dep 2026-09-12 16:00; key=friend2
2213,DEL,BOM,2026-09-12,1,Air India,AI 2941,Economy,6582.0,INR,,,,,AVAILABLE,,serpapi_google_flights,,2026-09-11 14:59:07.959586,1,nonstop; dep 2026-09-12 16:30; key=friend2
2214,DEL,BOM,2026-09-12,1,Air India,AI 441,Economy,6582.0,INR,,,,,AVAILABLE,,serpapi_google_flights,,2026-09-11 14:59:07.959586,1,nonstop; dep 2026-09-12 17:00; key=friend2
2215,DEL,BOM,2026-09-12,1,Air India,AI 2955,Economy,6582.0,INR,,,,,AVAILABLE,,serpapi_google_flights,,2026-09-11 14:59:07.959586,1,nonstop; dep 2026-09-12 18:00; key=friend2
2216,DEL,BOM,2026-09-12,1,Air India,AI 2977,Economy,6582.0,INR,,,,,AVAILABLE,,serpapi_google_flights,,2026-09-11 14:59:07.959586,1,nonstop; dep 2026-09-12 19:00; key=friend2
2217,DEL,BOM,2026-09-12,1,Air India,AI 2985,Economy,6582.0,INR,,,,,AVAILABLE,,serpapi_google_flights,,2026-09-11 14:59:07.959586,1,nonstop; dep 2026-09-12 19:30; key=friend2
2218,DEL,BOM,2026-09-12,1,Air India,AI 2981,Economy,6582.0,INR,,,,,AVAILABLE,,serpapi_google_flights,,2026-09-11 14:59:07.959586,1,nonstop; dep 2026-09-12 21:00; key=friend2
2219,DEL,BOM,2026-09-12,1,Air India,AI 2433,Economy,6582.0,INR,,,,,AVAILABLE,,serpapi_google_flights,,2026-09-11 14:59:07.959586,1,nonstop; dep 2026-09-12 21:30; key=friend2
2220,DEL,BOM,2026-09-12,1,IndiGo,6E 320,Economy,6583.0,INR,,,,,AVAILABLE,,serpapi_google_flights,,2026-09-11 14:59:07.959586,1,nonstop; dep 2026-09-12 08:00; key=friend2
2221,DEL,BOM,2026-09-12,1,IndiGo,6E 675,Economy,6583.0,INR,,,,,AVAILABLE,,serpapi_google_flights,,2026-09-11 14:59:07.959586,1,nonstop; dep 2026-09-12 08:45; key=friend2
2222,DEL,BOM,2026-09-12,1,IndiGo,6E 6107,Economy,6583.0,INR,,,,,AVAILABLE,,serpapi_google_flights,,2026-09-11 14:59:07.959586,1,nonstop; dep 2026-09-12 09:30; key=friend2
2223,DEL,BOM,2026-09-12,1,IndiGo,6E 6328,Economy,6583.0,INR,,,,,AVAILABLE,,serpapi_google_flights,,2026-09-11 14:59:07.959586,1,nonstop; dep 2026-09-12 10:15; key=friend2
2224,DEL,BOM,2026-09-12,1,IndiGo,6E 303,Economy,6583.0,INR,,,,,AVAILABLE,,serpapi_google_flights,,2026-09-11 14:59:07.959586,1,nonstop; dep 2026-09-12 20:00; key=friend2
2225,DEL,BOM,2026-09-12,1,Air India,AI 2429,Economy,6740.0,INR,,,,,AVAILABLE,,serpapi_google_flights,,2026-09-11 14:59:07.959586,1,nonstop; dep 2026-09-12 07:00; key=friend2
2226,DEL,BOM,2026-09-12,1,Air India,AI 2678,Economy,6740.0,INR,,,,,AVAILABLE,,serpapi_google_flights,,2026-09-11 14:59:07.959586,1,nonstop; dep 2026-09-12 08:30; key=friend2
2227,DEL,BOM,2026-09-12,1,Air India,AI 2963,Economy,6740.0,INR,,,,,AVAILABLE,,serpapi_google_flights,,2026-09-11 14:59:07.959586,1,nonstop; dep 2026-09-12 09:00; key=friend2
2228,DEL,BOM,2026-09-12,1,Air India,AI 2995,Economy,6740.0,INR,,,,,AVAILABLE,,serpapi_google_flights,,2026-09-11 14:59:07.959586,1,nonstop; dep 2026-09-12 10:00; key=friend2
2229,DEL,BOM,2026-09-12,1,Air India,AI 2933,Economy,6740.0,INR,,,,,AVAILABLE,,serpapi_google_flights,,2026-09-11 14:59:07.959586,1,nonstop; dep 2026-09-12 15:30; key=friend2
2230,DEL,BOM,2026-09-12,1,Air India,AI 2957,Economy,6740.0,INR,,,,,AVAILABLE,,serpapi_google_flights,,2026-09-11 14:59:07.959586,1,nonstop; dep 2026-09-12 20:30; key=friend2
2231,DEL,BOM,2026-09-12,1,Air India Express,IX 1235,Economy,6779.0,INR,,,,,AVAILABLE,,serpapi_google_flights,,2026-09-11 14:59:07.959586,1,nonstop; dep 2026-09-12 23:25; key=friend2
2232,DEL,BOM,2026-09-12,1,IndiGo,6E 6047,Economy,6793.0,INR,,,,,AVAILABLE,,serpapi_google_flights,,2026-09-11 14:59:07.959586,1,nonstop; dep 2026-09-12 11:00; key=friend2
2233,DEL,BOM,2026-09-12,1,Akasa Air,QP 1833,Economy,6880.0,INR,,,,,AVAILABLE,,serpapi_google_flights,,2026-09-11 14:59:07.959586,1,nonstop; dep 2026-09-12 06:50; key=friend2
2234,DEL,BOM,2026-09-12,1,Akasa Air,QP 1826,Economy,6880.0,INR,,,,,AVAILABLE,,serpapi_google_flights,,2026-09-11 14:59:07.959586,1,nonstop; dep 2026-09-12 19:55; key=friend2
2235,DEL,BOM,2026-09-12,1,Air India,AI 2945,Economy,6950.0,INR,,,,,AVAILABLE,,serpapi_google_flights,,2026-09-11 14:59:07.959586,1,nonstop; dep 2026-09-12 11:00; key=friend2
2236,DEL,BOM,2026-09-12,1,IndiGo,6E 449,Economy,7055.0,INR,,,,,AVAILABLE,,serpapi_google_flights,,2026-09-11 14:59:07.959586,1,nonstop; dep 2026-09-12 05:00; key=friend2
2237,DEL,BOM,2026-09-12,1,IndiGo,6E 6676,Economy,7055.0,INR,,,,,AVAILABLE,,serpapi_google_flights,,2026-09-11 14:59:07.959586,1,nonstop; dep 2026-09-12 12:00; key=friend2
2238,DEL,BOM,2026-09-12,1,IndiGo,6E 324,Economy,7055.0,INR,,,,,AVAILABLE,,serpapi_google_flights,,2026-09-11 14:59:07.959586,1,nonstop; dep 2026-09-12 13:00; key=friend2
2239,DEL,BOM,2026-09-12,1,Akasa Air,QP 1820,Economy,7079.0,INR,,,,,AVAILABLE,,serpapi_google_flights,,2026-09-11 14:59:07.959586,1,nonstop; dep 2026-09-12 17:30; key=friend2
2240,DEL,BOM,2026-09-12,1,Akasa Air,QP 1119,Economy,7201.0,INR,,,,,AVAILABLE,,serpapi_google_flights,,2026-09-11 14:59:07.959586,1,nonstop; dep 2026-09-12 08:40; key=friend2
2241,DEL,BOM,2026-09-12,1,Akasa Air,QP 1112,Economy,7201.0,INR,,,,,AVAILABLE,,serpapi_google_flights,,2026-09-11 14:59:07.959586,1,nonstop; dep 2026-09-12 09:20; key=friend2
2242,DEL,BOM,2026-09-12,1,Air India,AI 1785,Economy,7212.0,INR,,,,,AVAILABLE,,serpapi_google_flights,,2026-09-11 14:59:07.959586,1,nonstop; dep 2026-09-12 12:00; key=friend2
2243,DEL,BOM,2026-09-12,1,Akasa Air,QP 1110,Economy,7327.0,INR,,,,,AVAILABLE,,serpapi_google_flights,,2026-09-11 14:59:07.959586,1,nonstop; dep 2026-09-12 10:30; key=friend2
2244,DEL,BOM,2026-09-12,1,Air India,AI 2951,Economy,7391.0,INR,,,,,AVAILABLE,,serpapi_google_flights,,2026-09-11 14:59:07.959586,1,nonstop; dep 2026-09-12 13:30; key=friend2
2245,DEL,BOM,2026-09-12,1,Akasa Air,QP 1836,Economy,7851.0,INR,,,,,AVAILABLE,,serpapi_google_flights,,2026-09-11 14:59:07.959586,1,nonstop; dep 2026-09-12 12:30; key=friend2
2246,DEL,BOM,2026-09-12,1,Akasa Air,QP 6520,Economy,9033.0,INR,,,,,AVAILABLE,,serpapi_google_flights,,2026-09-11 14:59:07.959586,1,nonstop; dep 2026-09-12 02:00; key=friend2
2247,DEL,BOM,2026-09-12,1,Air India Express,IX 1056,Economy,9756.0,INR,,,,,AVAILABLE,,serpapi_google_flights,,2026-09-11 14:59:07.959586,1,nonstop; dep 2026-09-12 05:35; key=friend2
2248,DEL,BOM,2026-09-12,1,SpiceJet,SG 2802,Economy,19603.0,INR,,,,,AVAILABLE,,serpapi_google_flights,,2026-09-11 14:59:07.959586,1,nonstop; dep 2026-09-12 22:45; key=friend2
2249,DEL,BOM,2026-09-18,7,Air India,AI 1745,Economy,6150.0,INR,,,,,AVAILABLE,,serpapi_google_flights,,2026-09-11 14:59:11.926003,1,nonstop; dep 2026-09-18 05:00; key=friend3
2250,DEL,BOM,2026-09-18,7,IndiGo,6E 6318,Economy,6425.0,INR,,,,,AVAILABLE,,serpapi_google_flights,,2026-09-11 14:59:11.926003,1,nonstop; dep 2026-09-18 14:45; key=friend3
2251,DEL,BOM,2026-09-18,7,Air India Express,IX 1056,Economy,6610.0,INR,,,,,AVAILABLE,,serpapi_google_flights,,2026-09-11 14:59:11.926003,1,nonstop; dep 2026-09-18 05:35; key=friend3
2252,DEL,BOM,2026-09-18,7,Akasa Air,QP 1128,Economy,6880.0,INR,,,,,AVAILABLE,,serpapi_google_flights,,2026-09-11 14:59:11.926003,1,nonstop; dep 2026-09-18 16:00; key=friend3
2253,DEL,BOM,2026-09-18,7,IndiGo,6E 449,Economy,6425.0,INR,,,,,AVAILABLE,,serpapi_google_flights,,2026-09-11 14:59:11.926003,1,nonstop; dep 2026-09-18 05:00; key=friend3
2254,DEL,BOM,2026-09-18,7,IndiGo,6E 675,Economy,6425.0,INR,,,,,AVAILABLE,,serpapi_google_flights,,2026-09-11 14:59:11.926003,1,nonstop; dep 2026-09-18 08:45; key=friend3
2255,DEL,BOM,2026-09-18,7,IndiGo,6E 6107,Economy,6425.0,INR,,,,,AVAILABLE,,serpapi_google_flights,,2026-09-11 14:59:11.926003,1,nonstop; dep 2026-09-18 09:30; key=friend3
2256,DEL,BOM,2026-09-18,7,IndiGo,6E 6328,Economy,6425.0,INR,,,,,AVAILABLE,,serpapi_google_flights,,2026-09-11 14:59:11.926003,1,nonstop; dep 2026-09-18 10:15; key=friend3
2257,DEL,BOM,2026-09-18,7,IndiGo,6E 6047,Economy,6425.0,INR,,,,,AVAILABLE,,serpapi_google_flights,,2026-09-11 14:59:11.926003,1,nonstop; dep 2026-09-18 11:00; key=friend3
2258,DEL,BOM,2026-09-18,7,IndiGo,6E 6676,Economy,6425.0,INR,,,,,AVAILABLE,,serpapi_google_flights,,2026-09-11 14:59:11.926003,1,nonstop; dep 2026-09-18 12:00; key=friend3
2259,DEL,BOM,2026-09-18,7,IndiGo,6E 324,Economy,6425.0,INR,,,,,AVAILABLE,,serpapi_google_flights,,2026-09-11 14:59:11.926003,1,nonstop; dep 2026-09-18 13:00; key=friend3
2260,DEL,BOM,2026-09-18,7,IndiGo,6E 6022,Economy,6425.0,INR,,,,,AVAILABLE,,serpapi_google_flights,,2026-09-11 14:59:11.926003,1,nonstop; dep 2026-09-18 14:00; key=friend3
2261,DEL,BOM,2026-09-18,7,IndiGo,6E 864,Economy,6425.0,INR,,,,,AVAILABLE,,serpapi_google_flights,,2026-09-11 14:59:11.926003,1,nonstop; dep 2026-09-18 15:30; key=friend3
2262,DEL,BOM,2026-09-18,7,Air India,AI 2678,Economy,6582.0,INR,,,,,AVAILABLE,,serpapi_google_flights,,2026-09-11 14:59:11.926003,1,nonstop; dep 2026-09-18 08:30; key=friend3
2263,DEL,BOM,2026-09-18,7,Air India,AI 2927,Economy,6582.0,INR,,,,,AVAILABLE,,serpapi_google_flights,,2026-09-11 14:59:11.926003,1,nonstop; dep 2026-09-18 09:30; key=friend3
2264,DEL,BOM,2026-09-18,7,Air India,AI 2995,Economy,6582.0,INR,,,,,AVAILABLE,,serpapi_google_flights,,2026-09-11 14:59:11.926003,1,nonstop; dep 2026-09-18 10:00; key=friend3
2265,DEL,BOM,2026-09-18,7,Air India,AI 2425,Economy,6582.0,INR,,,,,AVAILABLE,,serpapi_google_flights,,2026-09-11 14:59:11.926003,1,nonstop; dep 2026-09-18 10:30; key=friend3
2266,DEL,BOM,2026-09-18,7,Air India,AI 2945,Economy,6582.0,INR,,,,,AVAILABLE,,serpapi_google_flights,,2026-09-11 14:59:11.926003,1,nonstop; dep 2026-09-18 11:00; key=friend3
2267,DEL,BOM,2026-09-18,7,Air India,AI 1785,Economy,6582.0,INR,,,,,AVAILABLE,,serpapi_google_flights,,2026-09-11 14:59:11.926003,1,nonstop; dep 2026-09-18 12:00; key=friend3
2268,DEL,BOM,2026-09-18,7,Air India,AI 2951,Economy,6582.0,INR,,,,,AVAILABLE,,serpapi_google_flights,,2026-09-11 14:59:11.926003,1,nonstop; dep 2026-09-18 13:30; key=friend3
2269,DEL,BOM,2026-09-18,7,Air India,AI 2441,Economy,6582.0,INR,,,,,AVAILABLE,,serpapi_google_flights,,2026-09-11 14:59:11.926003,1,nonstop; dep 2026-09-18 14:10; key=friend3
2270,DEL,BOM,2026-09-18,7,Air India,AI 2933,Economy,6582.0,INR,,,,,AVAILABLE,,serpapi_google_flights,,2026-09-11 14:59:11.926003,1,nonstop; dep 2026-09-18 15:30; key=friend3
2271,DEL,BOM,2026-09-18,7,Air India,AI 1777,Economy,6582.0,INR,,,,,AVAILABLE,,serpapi_google_flights,,2026-09-11 14:59:11.926003,1,nonstop; dep 2026-09-18 16:00; key=friend3
2272,DEL,BOM,2026-09-18,7,Air India,AI 441,Economy,6582.0,INR,,,,,AVAILABLE,,serpapi_google_flights,,2026-09-11 14:59:11.926003,1,nonstop; dep 2026-09-18 17:00; key=friend3
2273,DEL,BOM,2026-09-18,7,IndiGo,6E 6218,Economy,6583.0,INR,,,,,AVAILABLE,,serpapi_google_flights,,2026-09-11 14:59:11.926003,1,nonstop; dep 2026-09-18 06:05; key=friend3
2274,DEL,BOM,2026-09-18,7,IndiGo,6E 327,Economy,6583.0,INR,,,,,AVAILABLE,,serpapi_google_flights,,2026-09-11 14:59:11.926003,1,nonstop; dep 2026-09-18 16:15; key=friend3
2275,DEL,BOM,2026-09-18,7,Air India,AI 2975,Economy,6740.0,INR,,,,,AVAILABLE,,serpapi_google_flights,,2026-09-11 14:59:11.926003,1,nonstop; dep 2026-09-18 06:30; key=friend3
2276,DEL,BOM,2026-09-18,7,Air India,AI 2941,Economy,6740.0,INR,,,,,AVAILABLE,,serpapi_google_flights,,2026-09-11 14:59:11.926003,1,nonstop; dep 2026-09-18 16:30; key=friend3
2277,DEL,BOM,2026-09-18,7,IndiGo,6E 6814,Economy,6793.0,INR,,,,,AVAILABLE,,serpapi_google_flights,,2026-09-11 14:59:11.926003,1,nonstop; dep 2026-09-18 07:15; key=friend3
2278,DEL,BOM,2026-09-18,7,IndiGo,6E 320,Economy,6793.0,INR,,,,,AVAILABLE,,serpapi_google_flights,,2026-09-11 14:59:11.926003,1,nonstop; dep 2026-09-18 08:00; key=friend3
2279,DEL,BOM,2026-09-18,7,Akasa Air,QP 1833,Economy,6880.0,INR,,,,,AVAILABLE,,serpapi_google_flights,,2026-09-11 14:59:11.926003,1,nonstop; dep 2026-09-18 06:50; key=friend3
2280,DEL,BOM,2026-09-18,7,Akasa Air,QP 1119,Economy,6880.0,INR,,,,,AVAILABLE,,serpapi_google_flights,,2026-09-11 14:59:11.926003,1,nonstop; dep 2026-09-18 08:40; key=friend3
2281,DEL,BOM,2026-09-18,7,Akasa Air,QP 1112,Economy,6880.0,INR,,,,,AVAILABLE,,serpapi_google_flights,,2026-09-11 14:59:11.926003,1,nonstop; dep 2026-09-18 09:20; key=friend3
2282,DEL,BOM,2026-09-18,7,Akasa Air,QP 1110,Economy,6880.0,INR,,,,,AVAILABLE,,serpapi_google_flights,,2026-09-11 14:59:11.926003,1,nonstop; dep 2026-09-18 10:30; key=friend3
2283,DEL,BOM,2026-09-18,7,Akasa Air,QP 1836,Economy,6880.0,INR,,,,,AVAILABLE,,serpapi_google_flights,,2026-09-11 14:59:11.926003,1,nonstop; dep 2026-09-18 12:30; key=friend3
2284,DEL,BOM,2026-09-18,7,Air India,AI 2429,Economy,6950.0,INR,,,,,AVAILABLE,,serpapi_google_flights,,2026-09-11 14:59:11.926003,1,nonstop; dep 2026-09-18 07:00; key=friend3
2285,DEL,BOM,2026-09-18,7,Air India,AI 2943,Economy,6950.0,INR,,,,,AVAILABLE,,serpapi_google_flights,,2026-09-11 14:59:11.926003,1,nonstop; dep 2026-09-18 07:30; key=friend3
2286,DEL,BOM,2026-09-18,7,IndiGo,6E 6114,Economy,7055.0,INR,,,,,AVAILABLE,,serpapi_google_flights,,2026-09-11 14:59:11.926003,1,nonstop; dep 2026-09-18 22:45; key=friend3
2287,DEL,BOM,2026-09-18,7,IndiGo,6E 322,Economy,7055.0,INR,,,,,AVAILABLE,,serpapi_google_flights,,2026-09-11 14:59:11.926003,1,nonstop; dep 2026-09-18 23:30; key=friend3
2288,DEL,BOM,2026-09-18,7,Air India,AI 2439,Economy,7212.0,INR,,,,,AVAILABLE,,serpapi_google_flights,,2026-09-11 14:59:11.926003,1,nonstop; dep 2026-09-18 23:00; key=friend3
2289,DEL,BOM,2026-09-18,7,Air India Express,IX 1235,Economy,7604.0,INR,,,,,AVAILABLE,,serpapi_google_flights,,2026-09-11 14:59:11.926003,1,nonstop; dep 2026-09-18 23:25; key=friend3
2290,DEL,BOM,2026-09-18,7,IndiGo,6E 6706,Economy,7685.0,INR,,,,,AVAILABLE,,serpapi_google_flights,,2026-09-11 14:59:11.926003,1,nonstop; dep 2026-09-18 17:00; key=friend3
2291,DEL,BOM,2026-09-18,7,Akasa Air,QP 1820,Economy,8419.0,INR,,,,,AVAILABLE,,serpapi_google_flights,,2026-09-11 14:59:11.926003,1,nonstop; dep 2026-09-18 17:30; key=friend3
2292,DEL,BOM,2026-09-18,7,Air India,AI 2981,Economy,9968.0,INR,,,,,AVAILABLE,,serpapi_google_flights,,2026-09-11 14:59:11.926003,1,nonstop; dep 2026-09-18 21:00; key=friend3
2293,DEL,BOM,2026-09-18,7,Air India,AI 2433,Economy,9968.0,INR,,,,,AVAILABLE,,serpapi_google_flights,,2026-09-11 14:59:11.926003,1,nonstop; dep 2026-09-18 21:30; key=friend3
2294,DEL,BOM,2026-09-18,7,Air India,AI 2955,Economy,10236.0,INR,,,,,AVAILABLE,,serpapi_google_flights,,2026-09-11 14:59:11.926003,1,nonstop; dep 2026-09-18 18:00; key=friend3
2295,DEL,BOM,2026-09-18,7,IndiGo,6E 329,Economy,10363.0,INR,,,,,AVAILABLE,,serpapi_google_flights,,2026-09-11 14:59:11.926003,1,nonstop; dep 2026-09-18 18:00; key=friend3
2296,DEL,BOM,2026-09-18,7,IndiGo,6E 853,Economy,10363.0,INR,,,,,AVAILABLE,,serpapi_google_flights,,2026-09-11 14:59:11.926003,1,nonstop; dep 2026-09-18 20:45; key=friend3
2297,DEL,BOM,2026-09-18,7,IndiGo,6E 395,Economy,10363.0,INR,,,,,AVAILABLE,,serpapi_google_flights,,2026-09-11 14:59:11.926003,1,nonstop; dep 2026-09-18 21:45; key=friend3
2298,DEL,BOM,2026-09-18,7,IndiGo,6E 354,Economy,11203.0,INR,,,,,AVAILABLE,,serpapi_google_flights,,2026-09-11 14:59:11.926003,1,nonstop; dep 2026-09-18 19:00; key=friend3
2299,DEL,BOM,2026-09-18,7,IndiGo,6E 303,Economy,11203.0,INR,,,,,AVAILABLE,,serpapi_google_flights,,2026-09-11 14:59:11.926003,1,nonstop; dep 2026-09-18 20:00; key=friend3
2300,DEL,BOM,2026-09-18,7,Akasa Air,QP 1826,Economy,11827.0,INR,,,,,AVAILABLE,,serpapi_google_flights,,2026-09-11 14:59:11.926003,1,nonstop; dep 2026-09-18 19:55; key=friend3
2301,DEL,BOM,2026-09-18,7,Air India,AI 2957,Economy,12887.0,INR,,,,,AVAILABLE,,serpapi_google_flights,,2026-09-11 14:59:11.926003,1,nonstop; dep 2026-09-18 20:30; key=friend3
2302,DEL,BOM,2026-09-18,7,Air India,AI 2985,Economy,13355.0,INR,,,,,AVAILABLE,,serpapi_google_flights,,2026-09-11 14:59:11.926003,1,nonstop; dep 2026-09-18 19:30; key=friend3
2303,DEL,BOM,2026-09-18,7,Air India,AI 2977,Economy,13822.0,INR,,,,,AVAILABLE,,serpapi_google_flights,,2026-09-11 14:59:11.926003,1,nonstop; dep 2026-09-18 19:00; key=friend3
2304,DEL,BOM,2026-09-26,15,Air India,AI 2439,Economy,6314.0,INR,,,,,AVAILABLE,,serpapi_google_flights,,2026-09-11 14:59:15.504541,1,nonstop; dep 2026-09-26 23:00; key=friend2
2305,DEL,BOM,2026-09-26,15,IndiGo,6E 329,Economy,6425.0,INR,,,,,AVAILABLE,,serpapi_google_flights,,2026-09-11 14:59:15.504541,1,nonstop; dep 2026-09-26 18:00; key=friend2
2306,DEL,BOM,2026-09-26,15,Akasa Air,QP 1820,Economy,6880.0,INR,,,,,AVAILABLE,,serpapi_google_flights,,2026-09-11 14:59:15.504541,1,nonstop; dep 2026-09-26 17:30; key=friend2
2307,DEL,BOM,2026-09-26,15,IndiGo,6E 6814,Economy,6425.0,INR,,,,,AVAILABLE,,serpapi_google_flights,,2026-09-11 14:59:15.504541,1,nonstop; dep 2026-09-26 07:15; key=friend2
2308,DEL,BOM,2026-09-26,15,IndiGo,6E 320,Economy,6425.0,INR,,,,,AVAILABLE,,serpapi_google_flights,,2026-09-11 14:59:15.504541,1,nonstop; dep 2026-09-26 08:00; key=friend2
2309,DEL,BOM,2026-09-26,15,IndiGo,6E 675,Economy,6425.0,INR,,,,,AVAILABLE,,serpapi_google_flights,,2026-09-11 14:59:15.504541,1,nonstop; dep 2026-09-26 08:45; key=friend2
2310,DEL,BOM,2026-09-26,15,IndiGo,6E 6107,Economy,6425.0,INR,,,,,AVAILABLE,,serpapi_google_flights,,2026-09-11 14:59:15.504541,1,nonstop; dep 2026-09-26 09:30; key=friend2
2311,DEL,BOM,2026-09-26,15,IndiGo,6E 6328,Economy,6425.0,INR,,,,,AVAILABLE,,serpapi_google_flights,,2026-09-11 14:59:15.504541,1,nonstop; dep 2026-09-26 10:15; key=friend2
2312,DEL,BOM,2026-09-26,15,IndiGo,6E 6047,Economy,6425.0,INR,,,,,AVAILABLE,,serpapi_google_flights,,2026-09-11 14:59:15.504541,1,nonstop; dep 2026-09-26 11:00; key=friend2
2313,DEL,BOM,2026-09-26,15,IndiGo,6E 6676,Economy,6425.0,INR,,,,,AVAILABLE,,serpapi_google_flights,,2026-09-11 14:59:15.504541,1,nonstop; dep 2026-09-26 12:00; key=friend2
2314,DEL,BOM,2026-09-26,15,IndiGo,6E 324,Economy,6425.0,INR,,,,,AVAILABLE,,serpapi_google_flights,,2026-09-11 14:59:15.504541,1,nonstop; dep 2026-09-26 13:00; key=friend2
2315,DEL,BOM,2026-09-26,15,IndiGo,6E 6022,Economy,6425.0,INR,,,,,AVAILABLE,,serpapi_google_flights,,2026-09-11 14:59:15.504541,1,nonstop; dep 2026-09-26 14:00; key=friend2
2316,DEL,BOM,2026-09-26,15,IndiGo,6E 6318,Economy,6425.0,INR,,,,,AVAILABLE,,serpapi_google_flights,,2026-09-11 14:59:15.504541,1,nonstop; dep 2026-09-26 14:45; key=friend2
2317,DEL,BOM,2026-09-26,15,IndiGo,6E 864,Economy,6425.0,INR,,,,,AVAILABLE,,serpapi_google_flights,,2026-09-11 14:59:15.504541,1,nonstop; dep 2026-09-26 15:30; key=friend2
2318,DEL,BOM,2026-09-26,15,IndiGo,6E 327,Economy,6425.0,INR,,,,,AVAILABLE,,serpapi_google_flights,,2026-09-11 14:59:15.504541,1,nonstop; dep 2026-09-26 16:15; key=friend2
2319,DEL,BOM,2026-09-26,15,IndiGo,6E 6706,Economy,6425.0,INR,,,,,AVAILABLE,,serpapi_google_flights,,2026-09-11 14:59:15.504541,1,nonstop; dep 2026-09-26 17:00; key=friend2
2320,DEL,BOM,2026-09-26,15,IndiGo,6E 6114,Economy,6425.0,INR,,,,,AVAILABLE,,serpapi_google_flights,,2026-09-11 14:59:15.504541,1,nonstop; dep 2026-09-26 22:45; key=friend2
2321,DEL,BOM,2026-09-26,15,IndiGo,6E 322,Economy,6425.0,INR,,,,,AVAILABLE,,serpapi_google_flights,,2026-09-11 14:59:15.504541,1,nonstop; dep 2026-09-26 23:30; key=friend2
2322,DEL,BOM,2026-09-26,15,Air India,AI 1745,Economy,6582.0,INR,,,,,AVAILABLE,,serpapi_google_flights,,2026-09-11 14:59:15.504541,1,nonstop; dep 2026-09-26 05:00; key=friend2
2323,DEL,BOM,2026-09-26,15,Air India,AI 2429,Economy,6582.0,INR,,,,,AVAILABLE,,serpapi_google_flights,,2026-09-11 14:59:15.504541,1,nonstop; dep 2026-09-26 07:00; key=friend2
2324,DEL,BOM,2026-09-26,15,Air India,AI 2943,Economy,6582.0,INR,,,,,AVAILABLE,,serpapi_google_flights,,2026-09-11 14:59:15.504541,1,nonstop; dep 2026-09-26 07:30; key=friend2
2325,DEL,BOM,2026-09-26,15,Air India,AI 2678,Economy,6582.0,INR,,,,,AVAILABLE,,serpapi_google_flights,,2026-09-11 14:59:15.504541,1,nonstop; dep 2026-09-26 08:30; key=friend2
2326,DEL,BOM,2026-09-26,15,Air India,AI 2963,Economy,6582.0,INR,,,,,AVAILABLE,,serpapi_google_flights,,2026-09-11 14:59:15.504541,1,nonstop; dep 2026-09-26 09:00; key=friend2
2327,DEL,BOM,2026-09-26,15,Air India,AI 2927,Economy,6582.0,INR,,,,,AVAILABLE,,serpapi_google_flights,,2026-09-11 14:59:15.504541,1,nonstop; dep 2026-09-26 09:30; key=friend2
2328,DEL,BOM,2026-09-26,15,Air India,AI 2995,Economy,6582.0,INR,,,,,AVAILABLE,,serpapi_google_flights,,2026-09-11 14:59:15.504541,1,nonstop; dep 2026-09-26 10:00; key=friend2
2329,DEL,BOM,2026-09-26,15,Air India,AI 2425,Economy,6582.0,INR,,,,,AVAILABLE,,serpapi_google_flights,,2026-09-11 14:59:15.504541,1,nonstop; dep 2026-09-26 10:30; key=friend2
2330,DEL,BOM,2026-09-26,15,Air India,AI 2945,Economy,6582.0,INR,,,,,AVAILABLE,,serpapi_google_flights,,2026-09-11 14:59:15.504541,1,nonstop; dep 2026-09-26 11:00; key=friend2
2331,DEL,BOM,2026-09-26,15,Air India,AI 1785,Economy,6582.0,INR,,,,,AVAILABLE,,serpapi_google_flights,,2026-09-11 14:59:15.504541,1,nonstop; dep 2026-09-26 12:00; key=friend2
2332,DEL,BOM,2026-09-26,15,Air India,AI 2933,Economy,6582.0,INR,,,,,AVAILABLE,,serpapi_google_flights,,2026-09-11 14:59:15.504541,1,nonstop; dep 2026-09-26 15:30; key=friend2
2333,DEL,BOM,2026-09-26,15,Air India,AI 1777,Economy,6582.0,INR,,,,,AVAILABLE,,serpapi_google_flights,,2026-09-11 14:59:15.504541,1,nonstop; dep 2026-09-26 16:00; key=friend2
2334,DEL,BOM,2026-09-26,15,Air India,AI 2941,Economy,6582.0,INR,,,,,AVAILABLE,,serpapi_google_flights,,2026-09-11 14:59:15.504541,1,nonstop; dep 2026-09-26 16:30; key=friend2
2335,DEL,BOM,2026-09-26,15,Air India,AI 441,Economy,6582.0,INR,,,,,AVAILABLE,,serpapi_google_flights,,2026-09-11 14:59:15.504541,1,nonstop; dep 2026-09-26 17:00; key=friend2
2336,DEL,BOM,2026-09-26,15,Air India,AI 2955,Economy,6582.0,INR,,,,,AVAILABLE,,serpapi_google_flights,,2026-09-11 14:59:15.504541,1,nonstop; dep 2026-09-26 18:00; key=friend2
2337,DEL,BOM,2026-09-26,15,Air India,AI 2981,Economy,6582.0,INR,,,,,AVAILABLE,,serpapi_google_flights,,2026-09-11 14:59:15.504541,1,nonstop; dep 2026-09-26 21:00; key=friend2
2338,DEL,BOM,2026-09-26,15,IndiGo,6E 449,Economy,6583.0,INR,,,,,AVAILABLE,,serpapi_google_flights,,2026-09-11 14:59:15.504541,1,nonstop; dep 2026-09-26 05:00; key=friend2
2339,DEL,BOM,2026-09-26,15,IndiGo,6E 6218,Economy,6583.0,INR,,,,,AVAILABLE,,serpapi_google_flights,,2026-09-11 14:59:15.504541,1,nonstop; dep 2026-09-26 06:05; key=friend2
2340,DEL,BOM,2026-09-26,15,IndiGo,6E 354,Economy,6583.0,INR,,,,,AVAILABLE,,serpapi_google_flights,,2026-09-11 14:59:15.504541,1,nonstop; dep 2026-09-26 19:00; key=friend2
2341,DEL,BOM,2026-09-26,15,IndiGo,6E 395,Economy,6583.0,INR,,,,,AVAILABLE,,serpapi_google_flights,,2026-09-11 14:59:15.504541,1,nonstop; dep 2026-09-26 21:45; key=friend2
2342,DEL,BOM,2026-09-26,15,Air India,AI 2977,Economy,6740.0,INR,,,,,AVAILABLE,,serpapi_google_flights,,2026-09-11 14:59:15.504541,1,nonstop; dep 2026-09-26 19:00; key=friend2
2343,DEL,BOM,2026-09-26,15,Air India,AI 2985,Economy,6740.0,INR,,,,,AVAILABLE,,serpapi_google_flights,,2026-09-11 14:59:15.504541,1,nonstop; dep 2026-09-26 19:30; key=friend2
2344,DEL,BOM,2026-09-26,15,Air India,AI 2957,Economy,6740.0,INR,,,,,AVAILABLE,,serpapi_google_flights,,2026-09-11 14:59:15.504541,1,nonstop; dep 2026-09-26 20:30; key=friend2
2345,DEL,BOM,2026-09-26,15,Air India,AI 2433,Economy,6740.0,INR,,,,,AVAILABLE,,serpapi_google_flights,,2026-09-11 14:59:15.504541,1,nonstop; dep 2026-09-26 21:30; key=friend2
2346,DEL,BOM,2026-09-26,15,IndiGo,6E 303,Economy,6793.0,INR,,,,,AVAILABLE,,serpapi_google_flights,,2026-09-11 14:59:15.504541,1,nonstop; dep 2026-09-26 20:00; key=friend2
2347,DEL,BOM,2026-09-26,15,Akasa Air,QP 1833,Economy,6880.0,INR,,,,,AVAILABLE,,serpapi_google_flights,,2026-09-11 14:59:15.504541,1,nonstop; dep 2026-09-26 06:50; key=friend2
2348,DEL,BOM,2026-09-26,15,Akasa Air,QP 1119,Economy,6880.0,INR,,,,,AVAILABLE,,serpapi_google_flights,,2026-09-11 14:59:15.504541,1,nonstop; dep 2026-09-26 08:40; key=friend2
2349,DEL,BOM,2026-09-26,15,Akasa Air,QP 1112,Economy,6880.0,INR,,,,,AVAILABLE,,serpapi_google_flights,,2026-09-11 14:59:15.504541,1,nonstop; dep 2026-09-26 09:20; key=friend2
2350,DEL,BOM,2026-09-26,15,Akasa Air,QP 1110,Economy,6880.0,INR,,,,,AVAILABLE,,serpapi_google_flights,,2026-09-11 14:59:15.504541,1,nonstop; dep 2026-09-26 10:30; key=friend2
2351,DEL,BOM,2026-09-26,15,Akasa Air,QP 1836,Economy,6880.0,INR,,,,,AVAILABLE,,serpapi_google_flights,,2026-09-11 14:59:15.504541,1,nonstop; dep 2026-09-26 12:30; key=friend2
2352,DEL,BOM,2026-09-26,15,Akasa Air,QP 1128,Economy,6880.0,INR,,,,,AVAILABLE,,serpapi_google_flights,,2026-09-11 14:59:15.504541,1,nonstop; dep 2026-09-26 16:00; key=friend2
2353,DEL,BOM,2026-09-26,15,Akasa Air,QP 1826,Economy,6880.0,INR,,,,,AVAILABLE,,serpapi_google_flights,,2026-09-11 14:59:15.504541,1,nonstop; dep 2026-09-26 19:55; key=friend2
2354,DEL,BOM,2026-09-26,15,Air India,AI 2975,Economy,6950.0,INR,,,,,AVAILABLE,,serpapi_google_flights,,2026-09-11 14:59:15.504541,1,nonstop; dep 2026-09-26 06:30; key=friend2
2355,DEL,BOM,2026-09-26,15,Air India Express,IX 1235,Economy,7261.0,INR,,,,,AVAILABLE,,serpapi_google_flights,,2026-09-11 14:59:15.504541,1,nonstop; dep 2026-09-26 23:25; key=friend2
2356,DEL,BOM,2026-09-26,15,Air India,AI 2951,Economy,7391.0,INR,,,,,AVAILABLE,,serpapi_google_flights,,2026-09-11 14:59:15.504541,1,nonstop; dep 2026-09-26 13:30; key=friend2
2357,DEL,BOM,2026-09-26,15,SpiceJet,SG 815,Economy,8140.0,INR,,,,,AVAILABLE,,serpapi_google_flights,,2026-09-11 14:59:15.504541,1,nonstop; dep 2026-09-26 09:50; key=friend2
2358,DEL,BOM,2026-10-11,30,IndiGo,6E 324,Economy,6583.0,INR,,,,,AVAILABLE,,serpapi_google_flights,,2026-09-11 14:59:19.782164,1,nonstop; dep 2026-10-11 13:00; key=friend3
2359,DEL,BOM,2026-10-11,30,IndiGo,6E 327,Economy,6583.0,INR,,,,,AVAILABLE,,serpapi_google_flights,,2026-09-11 14:59:19.782164,1,nonstop; dep 2026-10-11 16:15; key=friend3
2360,DEL,BOM,2026-10-11,30,Air India,AI 2951,Economy,6740.0,INR,,,,,AVAILABLE,,serpapi_google_flights,,2026-09-11 14:59:19.782164,1,nonstop; dep 2026-10-11 13:30; key=friend3
2361,DEL,BOM,2026-10-11,30,Air India,AI 1745,Economy,6314.0,INR,,,,,AVAILABLE,,serpapi_google_flights,,2026-09-11 14:59:19.782164,1,nonstop; dep 2026-10-11 05:00; key=friend3
2362,DEL,BOM,2026-10-11,30,IndiGo,6E 353,Economy,6425.0,INR,,,,,AVAILABLE,,serpapi_google_flights,,2026-09-11 14:59:19.782164,1,nonstop; dep 2026-10-11 03:00; key=friend3
2363,DEL,BOM,2026-10-11,30,IndiGo,6E 449,Economy,6425.0,INR,,,,,AVAILABLE,,serpapi_google_flights,,2026-09-11 14:59:19.782164,1,nonstop; dep 2026-10-11 05:00; key=friend3
2364,DEL,BOM,2026-10-11,30,IndiGo,6E 6218,Economy,6425.0,INR,,,,,AVAILABLE,,serpapi_google_flights,,2026-09-11 14:59:19.782164,1,nonstop; dep 2026-10-11 06:05; key=friend3
2365,DEL,BOM,2026-10-11,30,IndiGo,6E 6814,Economy,6425.0,INR,,,,,AVAILABLE,,serpapi_google_flights,,2026-09-11 14:59:19.782164,1,nonstop; dep 2026-10-11 07:15; key=friend3
2366,DEL,BOM,2026-10-11,30,IndiGo,6E 320,Economy,6425.0,INR,,,,,AVAILABLE,,serpapi_google_flights,,2026-09-11 14:59:19.782164,1,nonstop; dep 2026-10-11 08:00; key=friend3
2367,DEL,BOM,2026-10-11,30,IndiGo,6E 675,Economy,6425.0,INR,,,,,AVAILABLE,,serpapi_google_flights,,2026-09-11 14:59:19.782164,1,nonstop; dep 2026-10-11 08:45; key=friend3
2368,DEL,BOM,2026-10-11,30,IndiGo,6E 6107,Economy,6425.0,INR,,,,,AVAILABLE,,serpapi_google_flights,,2026-09-11 14:59:19.782164,1,nonstop; dep 2026-10-11 09:30; key=friend3
2369,DEL,BOM,2026-10-11,30,IndiGo,6E 6328,Economy,6425.0,INR,,,,,AVAILABLE,,serpapi_google_flights,,2026-09-11 14:59:19.782164,1,nonstop; dep 2026-10-11 10:15; key=friend3
2370,DEL,BOM,2026-10-11,30,IndiGo,6E 6047,Economy,6425.0,INR,,,,,AVAILABLE,,serpapi_google_flights,,2026-09-11 14:59:19.782164,1,nonstop; dep 2026-10-11 11:00; key=friend3
2371,DEL,BOM,2026-10-11,30,IndiGo,6E 395,Economy,6425.0,INR,,,,,AVAILABLE,,serpapi_google_flights,,2026-09-11 14:59:19.782164,1,nonstop; dep 2026-10-11 21:45; key=friend3
2372,DEL,BOM,2026-10-11,30,IndiGo,6E 6114,Economy,6425.0,INR,,,,,AVAILABLE,,serpapi_google_flights,,2026-09-11 14:59:19.782164,1,nonstop; dep 2026-10-11 22:45; key=friend3
2373,DEL,BOM,2026-10-11,30,IndiGo,6E 322,Economy,6425.0,INR,,,,,AVAILABLE,,serpapi_google_flights,,2026-09-11 14:59:19.782164,1,nonstop; dep 2026-10-11 23:30; key=friend3
2374,DEL,BOM,2026-10-11,30,Air India,AI 2439,Economy,6566.0,INR,,,,,AVAILABLE,,serpapi_google_flights,,2026-09-11 14:59:19.782164,1,nonstop; dep 2026-10-11 23:00; key=friend3
2375,DEL,BOM,2026-10-11,30,Air India,AI 2975,Economy,6582.0,INR,,,,,AVAILABLE,,serpapi_google_flights,,2026-09-11 14:59:19.782164,1,nonstop; dep 2026-10-11 06:30; key=friend3
2376,DEL,BOM,2026-10-11,30,Air India,AI 2429,Economy,6582.0,INR,,,,,AVAILABLE,,serpapi_google_flights,,2026-09-11 14:59:19.782164,1,nonstop; dep 2026-10-11 07:00; key=friend3
2377,DEL,BOM,2026-10-11,30,Air India,AI 2678,Economy,6582.0,INR,,,,,AVAILABLE,,serpapi_google_flights,,2026-09-11 14:59:19.782164,1,nonstop; dep 2026-10-11 08:30; key=friend3
2378,DEL,BOM,2026-10-11,30,Air India,AI 2963,Economy,6582.0,INR,,,,,AVAILABLE,,serpapi_google_flights,,2026-09-11 14:59:19.782164,1,nonstop; dep 2026-10-11 09:00; key=friend3
2379,DEL,BOM,2026-10-11,30,Air India,AI 2927,Economy,6582.0,INR,,,,,AVAILABLE,,serpapi_google_flights,,2026-09-11 14:59:19.782164,1,nonstop; dep 2026-10-11 09:30; key=friend3
2380,DEL,BOM,2026-10-11,30,Air India,AI 2995,Economy,6582.0,INR,,,,,AVAILABLE,,serpapi_google_flights,,2026-09-11 14:59:19.782164,1,nonstop; dep 2026-10-11 10:00; key=friend3
2381,DEL,BOM,2026-10-11,30,Air India,AI 2425,Economy,6582.0,INR,,,,,AVAILABLE,,serpapi_google_flights,,2026-09-11 14:59:19.782164,1,nonstop; dep 2026-10-11 10:30; key=friend3
2382,DEL,BOM,2026-10-11,30,Air India,AI 2945,Economy,6582.0,INR,,,,,AVAILABLE,,serpapi_google_flights,,2026-09-11 14:59:19.782164,1,nonstop; dep 2026-10-11 11:00; key=friend3
2383,DEL,BOM,2026-10-11,30,IndiGo,6E 6676,Economy,6583.0,INR,,,,,AVAILABLE,,serpapi_google_flights,,2026-09-11 14:59:19.782164,1,nonstop; dep 2026-10-11 12:00; key=friend3
2384,DEL,BOM,2026-10-11,30,IndiGo,6E 853,Economy,6583.0,INR,,,,,AVAILABLE,,serpapi_google_flights,,2026-09-11 14:59:19.782164,1,nonstop; dep 2026-10-11 20:45; key=friend3
2385,DEL,BOM,2026-10-11,30,Air India Express,IX 1235,Economy,6610.0,INR,,,,,AVAILABLE,,serpapi_google_flights,,2026-09-11 14:59:19.782164,1,nonstop; dep 2026-10-11 23:25; key=friend3
2386,DEL,BOM,2026-10-11,30,Air India,AI 2943,Economy,6745.0,INR,,,,,AVAILABLE,,serpapi_google_flights,,2026-09-11 14:59:19.782164,1,nonstop; dep 2026-10-11 07:30; key=friend3
2387,DEL,BOM,2026-10-11,30,Air India,AI 2433,Economy,6745.0,INR,,,,,AVAILABLE,,serpapi_google_flights,,2026-09-11 14:59:19.782164,1,nonstop; dep 2026-10-11 21:30; key=friend3
2388,DEL,BOM,2026-10-11,30,SpiceJet,SG 162,Economy,6778.0,INR,,,,,AVAILABLE,,serpapi_google_flights,,2026-09-11 14:59:19.782164,1,nonstop; dep 2026-10-11 19:55; key=friend3
2389,DEL,BOM,2026-10-11,30,SpiceJet,SG 802,Economy,6778.0,INR,,,,,AVAILABLE,,serpapi_google_flights,,2026-09-11 14:59:19.782164,1,nonstop; dep 2026-10-11 22:30; key=friend3
2390,DEL,BOM,2026-10-11,30,IndiGo,6E 6022,Economy,6793.0,INR,,,,,AVAILABLE,,serpapi_google_flights,,2026-09-11 14:59:19.782164,1,nonstop; dep 2026-10-11 14:00; key=friend3
2391,DEL,BOM,2026-10-11,30,IndiGo,6E 6318,Economy,6793.0,INR,,,,,AVAILABLE,,serpapi_google_flights,,2026-09-11 14:59:19.782164,1,nonstop; dep 2026-10-11 14:45; key=friend3
2392,DEL,BOM,2026-10-11,30,IndiGo,6E 864,Economy,6793.0,INR,,,,,AVAILABLE,,serpapi_google_flights,,2026-09-11 14:59:19.782164,1,nonstop; dep 2026-10-11 15:30; key=friend3
2393,DEL,BOM,2026-10-11,30,IndiGo,6E 329,Economy,6793.0,INR,,,,,AVAILABLE,,serpapi_google_flights,,2026-09-11 14:59:19.782164,1,nonstop; dep 2026-10-11 18:00; key=friend3
2394,DEL,BOM,2026-10-11,30,IndiGo,6E 354,Economy,6793.0,INR,,,,,AVAILABLE,,serpapi_google_flights,,2026-09-11 14:59:19.782164,1,nonstop; dep 2026-10-11 19:00; key=friend3
2395,DEL,BOM,2026-10-11,30,IndiGo,6E 303,Economy,6793.0,INR,,,,,AVAILABLE,,serpapi_google_flights,,2026-09-11 14:59:19.782164,1,nonstop; dep 2026-10-11 20:00; key=friend3
2396,DEL,BOM,2026-10-11,30,Akasa Air,QP 1833,Economy,6880.0,INR,,,,,AVAILABLE,,serpapi_google_flights,,2026-09-11 14:59:19.782164,1,nonstop; dep 2026-10-11 06:50; key=friend3
2397,DEL,BOM,2026-10-11,30,Akasa Air,QP 1119,Economy,6880.0,INR,,,,,AVAILABLE,,serpapi_google_flights,,2026-09-11 14:59:19.782164,1,nonstop; dep 2026-10-11 08:40; key=friend3
2398,DEL,BOM,2026-10-11,30,Akasa Air,QP 1110,Economy,6880.0,INR,,,,,AVAILABLE,,serpapi_google_flights,,2026-09-11 14:59:19.782164,1,nonstop; dep 2026-10-11 10:00; key=friend3
2399,DEL,BOM,2026-10-11,30,Air India,AI 1785,Economy,6908.0,INR,,,,,AVAILABLE,,serpapi_google_flights,,2026-09-11 14:59:19.782164,1,nonstop; dep 2026-10-11 12:00; key=friend3
2400,DEL,BOM,2026-10-11,30,Air India,AI 1777,Economy,6908.0,INR,,,,,AVAILABLE,,serpapi_google_flights,,2026-09-11 14:59:19.782164,1,nonstop; dep 2026-10-11 16:00; key=friend3
2401,DEL,BOM,2026-10-11,30,Air India,AI 2441,Economy,6950.0,INR,,,,,AVAILABLE,,serpapi_google_flights,,2026-09-11 14:59:19.782164,1,nonstop; dep 2026-10-11 14:10; key=friend3
2402,DEL,BOM,2026-10-11,30,Air India,AI 441,Economy,6950.0,INR,,,,,AVAILABLE,,serpapi_google_flights,,2026-09-11 14:59:19.782164,1,nonstop; dep 2026-10-11 17:00; key=friend3
2403,DEL,BOM,2026-10-11,30,Air India,AI 2985,Economy,6950.0,INR,,,,,AVAILABLE,,serpapi_google_flights,,2026-09-11 14:59:19.782164,1,nonstop; dep 2026-10-11 19:30; key=friend3
2404,DEL,BOM,2026-10-11,30,Air India,AI 2805,Economy,6950.0,INR,,,,,AVAILABLE,,serpapi_google_flights,,2026-09-11 14:59:19.782164,1,nonstop; dep 2026-10-11 20:00; key=friend3
2405,DEL,BOM,2026-10-11,30,Air India,AI 2957,Economy,6950.0,INR,,,,,AVAILABLE,,serpapi_google_flights,,2026-09-11 14:59:19.782164,1,nonstop; dep 2026-10-11 20:30; key=friend3
2406,DEL,BOM,2026-10-11,30,Akasa Air,QP 1128,Economy,6959.0,INR,,,,,AVAILABLE,,serpapi_google_flights,,2026-09-11 14:59:19.782164,1,nonstop; dep 2026-10-11 16:00; key=friend3
2407,DEL,BOM,2026-10-11,30,IndiGo,6E 6706,Economy,7055.0,INR,,,,,AVAILABLE,,serpapi_google_flights,,2026-09-11 14:59:19.782164,1,nonstop; dep 2026-10-11 17:00; key=friend3
2408,DEL,BOM,2026-10-11,30,Akasa Air,QP 1820,Economy,7079.0,INR,,,,,AVAILABLE,,serpapi_google_flights,,2026-09-11 14:59:19.782164,1,nonstop; dep 2026-10-11 17:30; key=friend3
2409,DEL,BOM,2026-10-11,30,Air India,AI 2981,Economy,7123.0,INR,,,,,AVAILABLE,,serpapi_google_flights,,2026-09-11 14:59:19.782164,1,nonstop; dep 2026-10-11 21:00; key=friend3
2410,DEL,BOM,2026-10-11,30,Akasa Air,QP 1826,Economy,7201.0,INR,,,,,AVAILABLE,,serpapi_google_flights,,2026-09-11 14:59:19.782164,1,nonstop; dep 2026-10-11 19:55; key=friend3
2411,DEL,BOM,2026-10-11,30,Air India Express,IX 1056,Economy,7261.0,INR,,,,,AVAILABLE,,serpapi_google_flights,,2026-09-11 14:59:19.782164,1,nonstop; dep 2026-10-11 17:50; key=friend3
2412,DEL,BOM,2026-10-11,30,Air India,AI 2955,Economy,7637.0,INR,,,,,AVAILABLE,,serpapi_google_flights,,2026-09-11 14:59:19.782164,1,nonstop; dep 2026-10-11 18:00; key=friend3
2413,DEL,BOM,2026-10-11,30,Air India,AI 2933,Economy,8042.0,INR,,,,,AVAILABLE,,serpapi_google_flights,,2026-09-11 14:59:19.782164,1,nonstop; dep 2026-10-11 15:30; key=friend3
2414,DEL,BOM,2026-10-26,45,SpiceJet,SG 475,Economy,6778.0,INR,,,,,AVAILABLE,,serpapi_google_flights,,2026-09-11 14:59:24.682597,1,nonstop; dep 2026-10-26 17:10; key=friend2
2415,DEL,BOM,2026-10-26,45,SpiceJet,SG 612,Economy,6778.0,INR,,,,,AVAILABLE,,serpapi_google_flights,,2026-09-11 14:59:24.682597,1,nonstop; dep 2026-10-26 19:00; key=friend2
2416,DEL,BOM,2026-10-26,45,IndiGo,6E 329,Economy,6914.0,INR,,,,,AVAILABLE,,serpapi_google_flights,,2026-09-11 14:59:24.682597,1,nonstop; dep 2026-10-26 18:30; key=friend2
2417,DEL,BOM,2026-10-26,45,Air India,AI 2555,Economy,7070.0,INR,,,,,AVAILABLE,,serpapi_google_flights,,2026-09-11 14:59:24.682597,1,nonstop; dep 2026-10-26 17:30; key=friend2
2418,DEL,BOM,2026-10-26,45,Akasa Air,QP 1114,Economy,7327.0,INR,,,,,AVAILABLE,,serpapi_google_flights,,2026-09-11 14:59:24.682597,1,nonstop; dep 2026-10-26 16:00; key=friend2
2419,DEL,BOM,2026-10-26,45,SpiceJet,SG 603,Economy,6778.0,INR,,,,,AVAILABLE,,serpapi_google_flights,,2026-09-11 14:59:24.682597,1,nonstop; dep 2026-10-26 05:45; key=friend2
2420,DEL,BOM,2026-10-26,45,SpiceJet,SG 510,Economy,6778.0,INR,,,,,AVAILABLE,,serpapi_google_flights,,2026-09-11 14:59:24.682597,1,nonstop; dep 2026-10-26 06:30; key=friend2
2421,DEL,BOM,2026-10-26,45,IndiGo,6E 353,Economy,6914.0,INR,,,,,AVAILABLE,,serpapi_google_flights,,2026-09-11 14:59:24.682597,1,nonstop; dep 2026-10-26 03:30; key=friend2
2422,DEL,BOM,2026-10-26,45,IndiGo,6E 449,Economy,6914.0,INR,,,,,AVAILABLE,,serpapi_google_flights,,2026-09-11 14:59:24.682597,1,nonstop; dep 2026-10-26 05:00; key=friend2
2423,DEL,BOM,2026-10-26,45,IndiGo,6E 6218,Economy,6914.0,INR,,,,,AVAILABLE,,serpapi_google_flights,,2026-09-11 14:59:24.682597,1,nonstop; dep 2026-10-26 06:05; key=friend2
2424,DEL,BOM,2026-10-26,45,IndiGo,6E 320,Economy,6914.0,INR,,,,,AVAILABLE,,serpapi_google_flights,,2026-09-11 14:59:24.682597,1,nonstop; dep 2026-10-26 08:00; key=friend2
2425,DEL,BOM,2026-10-26,45,IndiGo,6E 675,Economy,6914.0,INR,,,,,AVAILABLE,,serpapi_google_flights,,2026-09-11 14:59:24.682597,1,nonstop; dep 2026-10-26 08:45; key=friend2
2426,DEL,BOM,2026-10-26,45,IndiGo,6E 6107,Economy,6914.0,INR,,,,,AVAILABLE,,serpapi_google_flights,,2026-09-11 14:59:24.682597,1,nonstop; dep 2026-10-26 09:30; key=friend2
2427,DEL,BOM,2026-10-26,45,IndiGo,6E 6328,Economy,6914.0,INR,,,,,AVAILABLE,,serpapi_google_flights,,2026-09-11 14:59:24.682597,1,nonstop; dep 2026-10-26 10:15; key=friend2
2428,DEL,BOM,2026-10-26,45,IndiGo,6E 6047,Economy,6914.0,INR,,,,,AVAILABLE,,serpapi_google_flights,,2026-09-11 14:59:24.682597,1,nonstop; dep 2026-10-26 11:00; key=friend2
2429,DEL,BOM,2026-10-26,45,IndiGo,6E 6051,Economy,6914.0,INR,,,,,AVAILABLE,,serpapi_google_flights,,2026-09-11 14:59:24.682597,1,nonstop; dep 2026-10-26 11:45; key=friend2
2430,DEL,BOM,2026-10-26,45,IndiGo,6E 6676,Economy,6914.0,INR,,,,,AVAILABLE,,serpapi_google_flights,,2026-09-11 14:59:24.682597,1,nonstop; dep 2026-10-26 12:30; key=friend2
2431,DEL,BOM,2026-10-26,45,IndiGo,6E 324,Economy,6914.0,INR,,,,,AVAILABLE,,serpapi_google_flights,,2026-09-11 14:59:24.682597,1,nonstop; dep 2026-10-26 13:15; key=friend2
2432,DEL,BOM,2026-10-26,45,IndiGo,6E 6022,Economy,6914.0,INR,,,,,AVAILABLE,,serpapi_google_flights,,2026-09-11 14:59:24.682597,1,nonstop; dep 2026-10-26 14:00; key=friend2
2433,DEL,BOM,2026-10-26,45,IndiGo,6E 6318,Economy,6914.0,INR,,,,,AVAILABLE,,serpapi_google_flights,,2026-09-11 14:59:24.682597,1,nonstop; dep 2026-10-26 14:45; key=friend2
2434,DEL,BOM,2026-10-26,45,IndiGo,6E 864,Economy,6914.0,INR,,,,,AVAILABLE,,serpapi_google_flights,,2026-09-11 14:59:24.682597,1,nonstop; dep 2026-10-26 15:30; key=friend2
2435,DEL,BOM,2026-10-26,45,IndiGo,6E 327,Economy,6914.0,INR,,,,,AVAILABLE,,serpapi_google_flights,,2026-09-11 14:59:24.682597,1,nonstop; dep 2026-10-26 16:15; key=friend2
2436,DEL,BOM,2026-10-26,45,IndiGo,6E 6706,Economy,6914.0,INR,,,,,AVAILABLE,,serpapi_google_flights,,2026-09-11 14:59:24.682597,1,nonstop; dep 2026-10-26 17:00; key=friend2
2437,DEL,BOM,2026-10-26,45,IndiGo,6E 328,Economy,6914.0,INR,,,,,AVAILABLE,,serpapi_google_flights,,2026-09-11 14:59:24.682597,1,nonstop; dep 2026-10-26 17:45; key=friend2
2438,DEL,BOM,2026-10-26,45,IndiGo,6E 354,Economy,6914.0,INR,,,,,AVAILABLE,,serpapi_google_flights,,2026-09-11 14:59:24.682597,1,nonstop; dep 2026-10-26 19:15; key=friend2
2439,DEL,BOM,2026-10-26,45,IndiGo,6E 303,Economy,6914.0,INR,,,,,AVAILABLE,,serpapi_google_flights,,2026-09-11 14:59:24.682597,1,nonstop; dep 2026-10-26 20:00; key=friend2
2440,DEL,BOM,2026-10-26,45,IndiGo,6E 853,Economy,6914.0,INR,,,,,AVAILABLE,,serpapi_google_flights,,2026-09-11 14:59:24.682597,1,nonstop; dep 2026-10-26 21:00; key=friend2
2441,DEL,BOM,2026-10-26,45,IndiGo,6E 395,Economy,6914.0,INR,,,,,AVAILABLE,,serpapi_google_flights,,2026-09-11 14:59:24.682597,1,nonstop; dep 2026-10-26 22:00; key=friend2
2442,DEL,BOM,2026-10-26,45,IndiGo,6E 6114,Economy,6914.0,INR,,,,,AVAILABLE,,serpapi_google_flights,,2026-09-11 14:59:24.682597,1,nonstop; dep 2026-10-26 23:00; key=friend2
2443,DEL,BOM,2026-10-26,45,Air India Express,IX 1056,Economy,7041.0,INR,,,,,AVAILABLE,,serpapi_google_flights,,2026-09-11 14:59:24.682597,1,nonstop; dep 2026-10-26 08:45; key=friend2
2444,DEL,BOM,2026-10-26,45,IndiGo,6E 6814,Economy,7064.0,INR,,,,,AVAILABLE,,serpapi_google_flights,,2026-09-11 14:59:24.682597,1,nonstop; dep 2026-10-26 07:00; key=friend2
2445,DEL,BOM,2026-10-26,45,Air India,AI 2425,Economy,7070.0,INR,,,,,AVAILABLE,,serpapi_google_flights,,2026-09-11 14:59:24.682597,1,nonstop; dep 2026-10-26 10:55; key=friend2
2446,DEL,BOM,2026-10-26,45,Air India,AI 2945,Economy,7070.0,INR,,,,,AVAILABLE,,serpapi_google_flights,,2026-09-11 14:59:24.682597,1,nonstop; dep 2026-10-26 11:00; key=friend2
2447,DEL,BOM,2026-10-26,45,Air India,AI 2587,Economy,7070.0,INR,,,,,AVAILABLE,,serpapi_google_flights,,2026-09-11 14:59:24.682597,1,nonstop; dep 2026-10-26 12:00; key=friend2
2448,DEL,BOM,2026-10-26,45,Air India,AI 2941,Economy,7070.0,INR,,,,,AVAILABLE,,serpapi_google_flights,,2026-09-11 14:59:24.682597,1,nonstop; dep 2026-10-26 16:30; key=friend2
2449,DEL,BOM,2026-10-26,45,Air India,AI 441,Economy,7070.0,INR,,,,,AVAILABLE,,serpapi_google_flights,,2026-09-11 14:59:24.682597,1,nonstop; dep 2026-10-26 17:05; key=friend2
2450,DEL,BOM,2026-10-26,45,Air India,AI 2805,Economy,7070.0,INR,,,,,AVAILABLE,,serpapi_google_flights,,2026-09-11 14:59:24.682597,1,nonstop; dep 2026-10-26 20:00; key=friend2
2451,DEL,BOM,2026-10-26,45,Air India,AI 2957,Economy,7070.0,INR,,,,,AVAILABLE,,serpapi_google_flights,,2026-09-11 14:59:24.682597,1,nonstop; dep 2026-10-26 20:30; key=friend2
2452,DEL,BOM,2026-10-26,45,Air India,AI 2981,Economy,7070.0,INR,,,,,AVAILABLE,,serpapi_google_flights,,2026-09-11 14:59:24.682597,1,nonstop; dep 2026-10-26 21:00; key=friend2
2453,DEL,BOM,2026-10-26,45,Air India,AI 2999,Economy,7070.0,INR,,,,,AVAILABLE,,serpapi_google_flights,,2026-09-11 14:59:24.682597,1,nonstop; dep 2026-10-26 22:00; key=friend2
2454,DEL,BOM,2026-10-26,45,Air India,AI 2437,Economy,7070.0,INR,,,,,AVAILABLE,,serpapi_google_flights,,2026-09-11 14:59:24.682597,1,nonstop; dep 2026-10-26 22:30; key=friend2
2455,DEL,BOM,2026-10-26,45,Air India,AI 2927,Economy,7249.0,INR,,,,,AVAILABLE,,serpapi_google_flights,,2026-09-11 14:59:24.682597,1,nonstop; dep 2026-10-26 09:30; key=friend2
2456,DEL,BOM,2026-10-26,45,Air India,AI 2985,Economy,7249.0,INR,,,,,AVAILABLE,,serpapi_google_flights,,2026-09-11 14:59:24.682597,1,nonstop; dep 2026-10-26 19:30; key=friend2
2457,DEL,BOM,2026-10-26,45,Air India,AI 2433,Economy,7249.0,INR,,,,,AVAILABLE,,serpapi_google_flights,,2026-09-11 14:59:24.682597,1,nonstop; dep 2026-10-26 21:30; key=friend2
2458,DEL,BOM,2026-10-26,45,Air India Express,IX 1235,Economy,7313.0,INR,,,,,AVAILABLE,,serpapi_google_flights,,2026-09-11 14:59:24.682597,1,nonstop; dep 2026-10-26 20:40; key=friend2
2459,DEL,BOM,2026-10-26,45,Akasa Air,QP 1112,Economy,7327.0,INR,,,,,AVAILABLE,,serpapi_google_flights,,2026-09-11 14:59:24.682597,1,nonstop; dep 2026-10-26 10:00; key=friend2
2460,DEL,BOM,2026-10-26,45,Air India,AI 2963,Economy,7364.0,INR,,,,,AVAILABLE,,serpapi_google_flights,,2026-09-11 14:59:24.682597,1,nonstop; dep 2026-10-26 09:00; key=friend2
2461,DEL,BOM,2026-10-26,45,Air India,AI 2439,Economy,7364.0,INR,,,,,AVAILABLE,,serpapi_google_flights,,2026-09-11 14:59:24.682597,1,nonstop; dep 2026-10-26 23:00; key=friend2
2462,DEL,BOM,2026-10-26,45,Air India,AI 2943,Economy,7422.0,INR,,,,,AVAILABLE,,serpapi_google_flights,,2026-09-11 14:59:24.682597,1,nonstop; dep 2026-10-26 07:30; key=friend2
2463,DEL,BOM,2026-10-26,45,Akasa Air,QP 1118,Economy,7453.0,INR,,,,,AVAILABLE,,serpapi_google_flights,,2026-09-11 14:59:24.682597,1,nonstop; dep 2026-10-26 17:30; key=friend2
2464,DEL,BOM,2026-10-26,45,Akasa Air,QP 1116,Economy,7453.0,INR,,,,,AVAILABLE,,serpapi_google_flights,,2026-09-11 14:59:24.682597,1,nonstop; dep 2026-10-26 21:45; key=friend2
2465,DEL,BOM,2026-10-26,45,Air India,AI 2995,Economy,7489.0,INR,,,,,AVAILABLE,,serpapi_google_flights,,2026-09-11 14:59:24.682597,1,nonstop; dep 2026-10-26 10:00; key=friend2
2466,DEL,BOM,2026-10-26,45,Air India,AI 1736,Economy,7489.0,INR,,,,,AVAILABLE,,serpapi_google_flights,,2026-09-11 14:59:24.682597,1,nonstop; dep 2026-10-26 17:30; key=friend2
2467,DEL,BOM,2026-10-26,45,Air India,AI 2573,Economy,7522.0,INR,,,,,AVAILABLE,,serpapi_google_flights,,2026-09-11 14:59:24.682597,1,nonstop; dep 2026-10-26 05:30; key=friend2
2468,DEL,BOM,2026-10-26,45,Air India,AI 2951,Economy,7522.0,INR,,,,,AVAILABLE,,serpapi_google_flights,,2026-09-11 14:59:24.682597,1,nonstop; dep 2026-10-26 13:30; key=friend2
2469,DEL,BOM,2026-10-26,45,Air India,AI 2977,Economy,7538.0,INR,,,,,AVAILABLE,,serpapi_google_flights,,2026-09-11 14:59:24.682597,1,nonstop; dep 2026-10-26 19:00; key=friend2
2470,DEL,BOM,2026-10-26,45,Air India,AI 1785,Economy,7677.0,INR,,,,,AVAILABLE,,serpapi_google_flights,,2026-09-11 14:59:24.682597,1,nonstop; dep 2026-10-26 12:00; key=friend2
2471,DEL,BOM,2026-10-26,45,Air India,AI 1777,Economy,7677.0,INR,,,,,AVAILABLE,,serpapi_google_flights,,2026-09-11 14:59:24.682597,1,nonstop; dep 2026-10-26 16:00; key=friend2
2472,DEL,BOM,2026-10-26,45,Air India,AI 2429,Economy,7837.0,INR,,,,,AVAILABLE,,serpapi_google_flights,,2026-09-11 14:59:24.682597,1,nonstop; dep 2026-10-26 07:00; key=friend2
2473,DEL,BOM,2026-10-26,45,Air India,AI 2955,Economy,7900.0,INR,,,,,AVAILABLE,,serpapi_google_flights,,2026-09-11 14:59:24.682597,1,nonstop; dep 2026-10-26 18:00; key=friend2
2474,DEL,BOM,2026-10-26,45,Air India,AI 1745,Economy,7940.0,INR,,,,,AVAILABLE,,serpapi_google_flights,,2026-09-11 14:59:24.682597,1,nonstop; dep 2026-10-26 05:25; key=friend2
2475,DEL,BOM,2026-10-26,45,Air India,AI 2441,Economy,7940.0,INR,,,,,AVAILABLE,,serpapi_google_flights,,2026-09-11 14:59:24.682597,1,nonstop; dep 2026-10-26 14:00; key=friend2
2476,DEL,BOM,2026-10-26,45,Air India,AI 2975,Economy,8275.0,INR,,,,,AVAILABLE,,serpapi_google_flights,,2026-09-11 14:59:24.682597,1,nonstop; dep 2026-10-26 06:25; key=friend2
2477,DEL,BOM,2026-10-26,45,Air India,AI 2933,Economy,8393.0,INR,,,,,AVAILABLE,,serpapi_google_flights,,2026-09-11 14:59:24.682597,1,nonstop; dep 2026-10-26 15:30; key=friend2
2478,DEL,BOM,2026-10-26,45,Air India,AI 2678,Economy,8750.0,INR,,,,,AVAILABLE,,serpapi_google_flights,,2026-09-11 14:59:24.682597,1,nonstop; dep 2026-10-26 08:30; key=friend2
2479,BLR,DEL,2026-09-12,1,Air India,AI 2820,Economy,9880.0,INR,,,,,AVAILABLE,,serpapi_google_flights,,2026-09-11 14:59:33.456559,1,nonstop; dep 2026-09-12 17:25; key=friend3
2480,BLR,DEL,2026-09-12,1,IndiGo,6E 6039,Economy,10273.0,INR,,,,,AVAILABLE,,serpapi_google_flights,,2026-09-11 14:59:33.456559,1,nonstop; dep 2026-09-12 17:00; key=friend3
2481,BLR,DEL,2026-09-12,1,Akasa Air,QP 1307,Economy,10891.0,INR,,,,,AVAILABLE,,serpapi_google_flights,,2026-09-11 14:59:33.456559,1,nonstop; dep 2026-09-12 17:20; key=friend3
2482,BLR,DEL,2026-09-12,1,Air India,AI 2665,Economy,9880.0,INR,,,,,AVAILABLE,,serpapi_google_flights,,2026-09-11 14:59:33.456559,1,nonstop; dep 2026-09-12 19:40; key=friend3
2483,BLR,DEL,2026-09-12,1,Air India,AI 2818,Economy,10042.0,INR,,,,,AVAILABLE,,serpapi_google_flights,,2026-09-11 14:59:33.456559,1,nonstop; dep 2026-09-12 20:00; key=friend3
2484,BLR,DEL,2026-09-12,1,Air India,AI 2802,Economy,10126.0,INR,,,,,AVAILABLE,,serpapi_google_flights,,2026-09-11 14:59:33.456559,1,nonstop; dep 2026-09-12 18:20; key=friend3
2485,BLR,DEL,2026-09-12,1,IndiGo,6E 6034,Economy,10273.0,INR,,,,,AVAILABLE,,serpapi_google_flights,,2026-09-11 14:59:33.456559,1,nonstop; dep 2026-09-12 18:15; key=friend3
2486,BLR,DEL,2026-09-12,1,IndiGo,6E 817,Economy,10273.0,INR,,,,,AVAILABLE,,serpapi_google_flights,,2026-09-11 14:59:33.456559,1,nonstop; dep 2026-09-12 20:40; key=friend3
2487,BLR,DEL,2026-09-12,1,IndiGo,6E 2313,Economy,10273.0,INR,,,,,AVAILABLE,,serpapi_google_flights,,2026-09-11 14:59:33.456559,1,nonstop; dep 2026-09-12 23:30; key=friend3
2488,BLR,DEL,2026-09-12,1,Air India,AI 428,Economy,10693.0,INR,,,,,AVAILABLE,,serpapi_google_flights,,2026-09-11 14:59:33.456559,1,nonstop; dep 2026-09-12 15:30; key=friend3
2489,BLR,DEL,2026-09-12,1,Air India,AI 2418,Economy,10693.0,INR,,,,,AVAILABLE,,serpapi_google_flights,,2026-09-11 14:59:33.456559,1,nonstop; dep 2026-09-12 16:30; key=friend3
2490,BLR,DEL,2026-09-12,1,IndiGo,6E 840,Economy,10864.0,INR,,,,,AVAILABLE,,serpapi_google_flights,,2026-09-11 14:59:33.456559,1,nonstop; dep 2026-09-12 13:55; key=friend3
2491,BLR,DEL,2026-09-12,1,IndiGo,6E 860,Economy,10864.0,INR,,,,,AVAILABLE,,serpapi_google_flights,,2026-09-11 14:59:33.456559,1,nonstop; dep 2026-09-12 15:45; key=friend3
2492,BLR,DEL,2026-09-12,1,IndiGo,6E 870,Economy,10864.0,INR,,,,,AVAILABLE,,serpapi_google_flights,,2026-09-11 14:59:33.456559,1,nonstop; dep 2026-09-12 19:30; key=friend3
2493,BLR,DEL,2026-09-12,1,Air India,AI 2488,Economy,11024.0,INR,,,,,AVAILABLE,,serpapi_google_flights,,2026-09-11 14:59:33.456559,1,nonstop; dep 2026-09-12 22:30; key=friend3
2494,BLR,DEL,2026-09-12,1,Akasa Air,QP 1821,Economy,11488.0,INR,,,,,AVAILABLE,,serpapi_google_flights,,2026-09-11 14:59:33.456559,1,nonstop; dep 2026-09-12 13:10; key=friend3
2495,BLR,DEL,2026-09-12,1,Air India,AI 2511,Economy,11491.0,INR,,,,,AVAILABLE,,serpapi_google_flights,,2026-09-11 14:59:33.456559,1,nonstop; dep 2026-09-12 15:00; key=friend3
2496,BLR,DEL,2026-09-12,1,IndiGo,6E 869,Economy,11494.0,INR,,,,,AVAILABLE,,serpapi_google_flights,,2026-09-11 14:59:33.456559,1,nonstop; dep 2026-09-12 13:10; key=friend3
2497,BLR,DEL,2026-09-12,1,Air India Express,IX 1040,Economy,12364.0,INR,,,,,AVAILABLE,,serpapi_google_flights,,2026-09-11 14:59:33.456559,1,nonstop; dep 2026-09-12 14:40; key=friend3
2498,BLR,DEL,2026-09-12,1,IndiGo,6E 809,Economy,12886.0,INR,,,,,AVAILABLE,,serpapi_google_flights,,2026-09-11 14:59:33.456559,1,nonstop; dep 2026-09-12 12:00; key=friend3
2499,BLR,DEL,2026-09-12,1,Air India,AI 2486,Economy,13387.0,INR,,,,,AVAILABLE,,serpapi_google_flights,,2026-09-11 14:59:33.456559,1,nonstop; dep 2026-09-12 14:00; key=friend3
2500,BLR,DEL,2026-09-12,1,IndiGo,6E 844,Economy,13653.0,INR,,,,,AVAILABLE,,serpapi_google_flights,,2026-09-11 14:59:33.456559,1,nonstop; dep 2026-09-12 07:00; key=friend3
2501,BLR,DEL,2026-09-12,1,IndiGo,6E 175,Economy,13653.0,INR,,,,,AVAILABLE,,serpapi_google_flights,,2026-09-11 14:59:33.456559,1,nonstop; dep 2026-09-12 10:45; key=friend3
2502,BLR,DEL,2026-09-12,1,Akasa Air,QP 1823,Economy,14007.0,INR,,,,,AVAILABLE,,serpapi_google_flights,,2026-09-11 14:59:33.456559,1,nonstop; dep 2026-09-12 06:05; key=friend3
2503,BLR,DEL,2026-09-12,1,Akasa Air,QP 1359,Economy,14795.0,INR,,,,,AVAILABLE,,serpapi_google_flights,,2026-09-11 14:59:33.456559,1,nonstop; dep 2026-09-12 05:00; key=friend3
2504,BLR,DEL,2026-09-12,1,Air India,AI 2654,Economy,15224.0,INR,,,,,AVAILABLE,,serpapi_google_flights,,2026-09-11 14:59:33.456559,1,nonstop; dep 2026-09-12 07:00; key=friend3
2505,BLR,DEL,2026-09-12,1,Air India,AI 2810,Economy,15361.0,INR,,,,,AVAILABLE,,serpapi_google_flights,,2026-09-11 14:59:33.456559,1,nonstop; dep 2026-09-12 06:00; key=friend3
2506,BLR,DEL,2026-09-12,1,Air India,AI 2414,Economy,15907.0,INR,,,,,AVAILABLE,,serpapi_google_flights,,2026-09-11 14:59:33.456559,1,nonstop; dep 2026-09-12 05:30; key=friend3
2507,BLR,DEL,2026-09-12,1,Air India,AI 2804,Economy,15907.0,INR,,,,,AVAILABLE,,serpapi_google_flights,,2026-09-11 14:59:33.456559,1,nonstop; dep 2026-09-12 10:00; key=friend3
2508,BLR,DEL,2026-09-12,1,Air India,AI 2406,Economy,15907.0,INR,,,,,AVAILABLE,,serpapi_google_flights,,2026-09-11 14:59:33.456559,1,nonstop; dep 2026-09-12 11:00; key=friend3
2509,BLR,DEL,2026-09-12,1,Air India,AI 2868,Economy,16180.0,INR,,,,,AVAILABLE,,serpapi_google_flights,,2026-09-11 14:59:33.456559,1,nonstop; dep 2026-09-12 09:00; key=friend3
2510,BLR,DEL,2026-09-12,1,IndiGo,6E 849,Economy,16278.0,INR,,,,,AVAILABLE,,serpapi_google_flights,,2026-09-11 14:59:33.456559,1,nonstop; dep 2026-09-12 08:15; key=friend3
2511,BLR,DEL,2026-09-12,1,Akasa Air,QP 1811,Economy,19778.0,INR,,,,,AVAILABLE,,serpapi_google_flights,,2026-09-11 14:59:33.456559,1,nonstop; dep 2026-09-12 04:10; key=friend3
2512,BLR,DEL,2026-09-12,1,Air India Express,IX 5976,Economy,22467.0,INR,,,,,AVAILABLE,,serpapi_google_flights,,2026-09-11 14:59:33.456559,1,nonstop; dep 2026-09-12 01:15; key=friend3
2513,BLR,DEL,2026-09-12,1,Air India,AI 2758,Economy,24679.0,INR,,,,,AVAILABLE,,serpapi_google_flights,,2026-09-11 14:59:33.456559,1,nonstop; dep 2026-09-12 00:15; key=friend3
2514,BLR,DEL,2026-09-18,7,IndiGo,6E 804,Economy,8715.0,INR,,,,,AVAILABLE,,serpapi_google_flights,,2026-09-11 14:59:36.409213,1,nonstop; dep 2026-09-18 03:00; key=friend2
2515,BLR,DEL,2026-09-18,7,Air India,AI 2414,Economy,8725.0,INR,,,,,AVAILABLE,,serpapi_google_flights,,2026-09-11 14:59:36.409213,1,nonstop; dep 2026-09-18 05:30; key=friend2
2516,BLR,DEL,2026-09-18,7,Air India Express,IX 5976,Economy,9211.0,INR,,,,,AVAILABLE,,serpapi_google_flights,,2026-09-11 14:59:36.409213,1,nonstop; dep 2026-09-18 01:15; key=friend2
2517,BLR,DEL,2026-09-18,7,Akasa Air,QP 1821,Economy,9462.0,INR,,,,,AVAILABLE,,serpapi_google_flights,,2026-09-11 14:59:36.409213,1,nonstop; dep 2026-09-18 13:10; key=friend2
2518,BLR,DEL,2026-09-18,7,IndiGo,6E 836,Economy,8715.0,INR,,,,,AVAILABLE,,serpapi_google_flights,,2026-09-11 14:59:36.409213,1,nonstop; dep 2026-09-18 05:05; key=friend2
2519,BLR,DEL,2026-09-18,7,Air India,AI 2758,Economy,8725.0,INR,,,,,AVAILABLE,,serpapi_google_flights,,2026-09-11 14:59:36.409213,1,nonstop; dep 2026-09-18 00:15; key=friend2
2520,BLR,DEL,2026-09-18,7,Air India,AI 2810,Economy,8872.0,INR,,,,,AVAILABLE,,serpapi_google_flights,,2026-09-11 14:59:36.409213,1,nonstop; dep 2026-09-18 06:00; key=friend2
2521,BLR,DEL,2026-09-18,7,IndiGo,6E 830,Economy,9201.0,INR,,,,,AVAILABLE,,serpapi_google_flights,,2026-09-11 14:59:36.409213,1,nonstop; dep 2026-09-18 09:30; key=friend2
2522,BLR,DEL,2026-09-18,7,IndiGo,6E 175,Economy,9201.0,INR,,,,,AVAILABLE,,serpapi_google_flights,,2026-09-11 14:59:36.409213,1,nonstop; dep 2026-09-18 10:45; key=friend2
2523,BLR,DEL,2026-09-18,7,IndiGo,6E 869,Economy,9201.0,INR,,,,,AVAILABLE,,serpapi_google_flights,,2026-09-11 14:59:36.409213,1,nonstop; dep 2026-09-18 13:10; key=friend2
2524,BLR,DEL,2026-09-18,7,IndiGo,6E 840,Economy,9201.0,INR,,,,,AVAILABLE,,serpapi_google_flights,,2026-09-11 14:59:36.409213,1,nonstop; dep 2026-09-18 13:55; key=friend2
2525,BLR,DEL,2026-09-18,7,IndiGo,6E 860,Economy,9201.0,INR,,,,,AVAILABLE,,serpapi_google_flights,,2026-09-11 14:59:36.409213,1,nonstop; dep 2026-09-18 15:45; key=friend2
2526,BLR,DEL,2026-09-18,7,Air India,AI 2804,Economy,9360.0,INR,,,,,AVAILABLE,,serpapi_google_flights,,2026-09-11 14:59:36.409213,1,nonstop; dep 2026-09-18 10:00; key=friend2
2527,BLR,DEL,2026-09-18,7,Air India,AI 2486,Economy,9360.0,INR,,,,,AVAILABLE,,serpapi_google_flights,,2026-09-11 14:59:36.409213,1,nonstop; dep 2026-09-18 14:00; key=friend2
2528,BLR,DEL,2026-09-18,7,Air India,AI 428,Economy,9360.0,INR,,,,,AVAILABLE,,serpapi_google_flights,,2026-09-11 14:59:36.409213,1,nonstop; dep 2026-09-18 15:30; key=friend2
2529,BLR,DEL,2026-09-18,7,Air India,AI 2406,Economy,9439.0,INR,,,,,AVAILABLE,,serpapi_google_flights,,2026-09-11 14:59:36.409213,1,nonstop; dep 2026-09-18 11:00; key=friend2
2530,BLR,DEL,2026-09-18,7,Akasa Air,QP 1811,Economy,9462.0,INR,,,,,AVAILABLE,,serpapi_google_flights,,2026-09-11 14:59:36.409213,1,nonstop; dep 2026-09-18 04:10; key=friend2
2531,BLR,DEL,2026-09-18,7,Air India Express,IX 1040,Economy,9561.0,INR,,,,,AVAILABLE,,serpapi_google_flights,,2026-09-11 14:59:36.409213,1,nonstop; dep 2026-09-18 14:40; key=friend2
2532,BLR,DEL,2026-09-18,7,Air India,AI 2868,Economy,9670.0,INR,,,,,AVAILABLE,,serpapi_google_flights,,2026-09-11 14:59:36.409213,1,nonstop; dep 2026-09-18 09:00; key=friend2
2533,BLR,DEL,2026-09-18,7,IndiGo,6E 844,Economy,9720.0,INR,,,,,AVAILABLE,,serpapi_google_flights,,2026-09-11 14:59:36.409213,1,nonstop; dep 2026-09-18 07:00; key=friend2
2534,BLR,DEL,2026-09-18,7,IndiGo,6E 849,Economy,9720.0,INR,,,,,AVAILABLE,,serpapi_google_flights,,2026-09-11 14:59:36.409213,1,nonstop; dep 2026-09-18 08:15; key=friend2
2535,BLR,DEL,2026-09-18,7,IndiGo,6E 809,Economy,9720.0,INR,,,,,AVAILABLE,,serpapi_google_flights,,2026-09-11 14:59:36.409213,1,nonstop; dep 2026-09-18 12:00; key=friend2
2536,BLR,DEL,2026-09-18,7,Air India,AI 2511,Economy,9743.0,INR,,,,,AVAILABLE,,serpapi_google_flights,,2026-09-11 14:59:36.409213,1,nonstop; dep 2026-09-18 15:00; key=friend2
2537,BLR,DEL,2026-09-18,7,Akasa Air,QP 1359,Economy,9798.0,INR,,,,,AVAILABLE,,serpapi_google_flights,,2026-09-11 14:59:36.409213,1,nonstop; dep 2026-09-18 05:00; key=friend2
2538,BLR,DEL,2026-09-18,7,Air India,AI 2654,Economy,10289.0,INR,,,,,AVAILABLE,,serpapi_google_flights,,2026-09-11 14:59:36.409213,1,nonstop; dep 2026-09-18 07:00; key=friend2
2539,BLR,DEL,2026-09-18,7,Akasa Air,QP 1823,Economy,11286.0,INR,,,,,AVAILABLE,,serpapi_google_flights,,2026-09-11 14:59:36.409213,1,nonstop; dep 2026-09-18 06:05; key=friend2
2540,BLR,DEL,2026-09-18,7,Air India,AI 2418,Economy,12153.0,INR,,,,,AVAILABLE,,serpapi_google_flights,,2026-09-11 14:59:36.409213,1,nonstop; dep 2026-09-18 16:30; key=friend2
2541,BLR,DEL,2026-09-18,7,IndiGo,6E 6039,Economy,12168.0,INR,,,,,AVAILABLE,,serpapi_google_flights,,2026-09-11 14:59:36.409213,1,nonstop; dep 2026-09-18 17:00; key=friend2
2542,BLR,DEL,2026-09-18,7,Akasa Air,QP 1307,Economy,12566.0,INR,,,,,AVAILABLE,,serpapi_google_flights,,2026-09-11 14:59:36.409213,1,nonstop; dep 2026-09-18 17:20; key=friend2
2543,BLR,DEL,2026-09-18,7,IndiGo,6E 6034,Economy,12886.0,INR,,,,,AVAILABLE,,serpapi_google_flights,,2026-09-11 14:59:36.409213,1,nonstop; dep 2026-09-18 18:15; key=friend2
2544,BLR,DEL,2026-09-18,7,IndiGo,6E 2313,Economy,13653.0,INR,,,,,AVAILABLE,,serpapi_google_flights,,2026-09-11 14:59:36.409213,1,nonstop; dep 2026-09-18 23:30; key=friend2
2545,BLR,DEL,2026-09-18,7,Air India,AI 2820,Economy,15907.0,INR,,,,,AVAILABLE,,serpapi_google_flights,,2026-09-11 14:59:36.409213,1,nonstop; dep 2026-09-18 17:25; key=friend2
2546,BLR,DEL,2026-09-18,7,Air India,AI 2488,Economy,15907.0,INR,,,,,AVAILABLE,,serpapi_google_flights,,2026-09-11 14:59:36.409213,1,nonstop; dep 2026-09-18 22:30; key=friend2
2547,BLR,DEL,2026-09-18,7,IndiGo,6E 870,Economy,16278.0,INR,,,,,AVAILABLE,,serpapi_google_flights,,2026-09-11 14:59:36.409213,1,nonstop; dep 2026-09-18 19:30; key=friend2
2548,BLR,DEL,2026-09-18,7,IndiGo,6E 817,Economy,16278.0,INR,,,,,AVAILABLE,,serpapi_google_flights,,2026-09-11 14:59:36.409213,1,nonstop; dep 2026-09-18 20:40; key=friend2
2549,BLR,DEL,2026-09-18,7,IndiGo,6E 6406,Economy,16278.0,INR,,,,,AVAILABLE,,serpapi_google_flights,,2026-09-11 14:59:36.409213,1,nonstop; dep 2026-09-18 22:00; key=friend2
2550,BLR,DEL,2026-09-18,7,Air India,AI 2802,Economy,17902.0,INR,,,,,AVAILABLE,,serpapi_google_flights,,2026-09-11 14:59:36.409213,1,nonstop; dep 2026-09-18 18:20; key=friend2
2551,BLR,DEL,2026-09-18,7,Air India,AI 2665,Economy,17902.0,INR,,,,,AVAILABLE,,serpapi_google_flights,,2026-09-11 14:59:36.409213,1,nonstop; dep 2026-09-18 19:40; key=friend2
2552,BLR,DEL,2026-09-18,7,Air India,AI 2818,Economy,17902.0,INR,,,,,AVAILABLE,,serpapi_google_flights,,2026-09-11 14:59:36.409213,1,nonstop; dep 2026-09-18 20:00; key=friend2
2553,BLR,DEL,2026-09-26,15,IndiGo,6E 2313,Economy,8715.0,INR,,,,,AVAILABLE,,serpapi_google_flights,,2026-09-11 14:59:40.794435,1,nonstop; dep 2026-09-26 23:30; key=friend3
2554,BLR,DEL,2026-09-26,15,Air India,AI 2820,Economy,9360.0,INR,,,,,AVAILABLE,,serpapi_google_flights,,2026-09-11 14:59:40.794435,1,nonstop; dep 2026-09-26 17:25; key=friend3
2555,BLR,DEL,2026-09-26,15,Akasa Air,QP 1811,Economy,9971.0,INR,,,,,AVAILABLE,,serpapi_google_flights,,2026-09-11 14:59:40.794435,1,nonstop; dep 2026-09-26 04:10; key=friend3
2556,BLR,DEL,2026-09-26,15,IndiGo,6E 804,Economy,9201.0,INR,,,,,AVAILABLE,,serpapi_google_flights,,2026-09-11 14:59:40.794435,1,nonstop; dep 2026-09-26 03:00; key=friend3
2557,BLR,DEL,2026-09-26,15,IndiGo,6E 6034,Economy,9201.0,INR,,,,,AVAILABLE,,serpapi_google_flights,,2026-09-11 14:59:40.794435,1,nonstop; dep 2026-09-26 18:15; key=friend3
2558,BLR,DEL,2026-09-26,15,IndiGo,6E 870,Economy,9201.0,INR,,,,,AVAILABLE,,serpapi_google_flights,,2026-09-11 14:59:40.794435,1,nonstop; dep 2026-09-26 19:30; key=friend3
2559,BLR,DEL,2026-09-26,15,IndiGo,6E 817,Economy,9201.0,INR,,,,,AVAILABLE,,serpapi_google_flights,,2026-09-11 14:59:40.794435,1,nonstop; dep 2026-09-26 20:40; key=friend3
2560,BLR,DEL,2026-09-26,15,Air India,AI 2665,Economy,9360.0,INR,,,,,AVAILABLE,,serpapi_google_flights,,2026-09-11 14:59:40.794435,1,nonstop; dep 2026-09-26 19:40; key=friend3
2561,BLR,DEL,2026-09-26,15,Air India Express,IX 1040,Economy,9561.0,INR,,,,,AVAILABLE,,serpapi_google_flights,,2026-09-11 14:59:40.794435,1,nonstop; dep 2026-09-26 14:40; key=friend3
2562,BLR,DEL,2026-09-26,15,Air India,AI 2802,Economy,9591.0,INR,,,,,AVAILABLE,,serpapi_google_flights,,2026-09-11 14:59:40.794435,1,nonstop; dep 2026-09-26 18:20; key=friend3
2563,BLR,DEL,2026-09-26,15,IndiGo,6E 836,Economy,9720.0,INR,,,,,AVAILABLE,,serpapi_google_flights,,2026-09-11 14:59:40.794435,1,nonstop; dep 2026-09-26 05:05; key=friend3
2564,BLR,DEL,2026-09-26,15,IndiGo,6E 844,Economy,9720.0,INR,,,,,AVAILABLE,,serpapi_google_flights,,2026-09-11 14:59:40.794435,1,nonstop; dep 2026-09-26 07:00; key=friend3
2565,BLR,DEL,2026-09-26,15,IndiGo,6E 849,Economy,9720.0,INR,,,,,AVAILABLE,,serpapi_google_flights,,2026-09-11 14:59:40.794435,1,nonstop; dep 2026-09-26 08:15; key=friend3
2566,BLR,DEL,2026-09-26,15,IndiGo,6E 830,Economy,9720.0,INR,,,,,AVAILABLE,,serpapi_google_flights,,2026-09-11 14:59:40.794435,1,nonstop; dep 2026-09-26 09:30; key=friend3
2567,BLR,DEL,2026-09-26,15,IndiGo,6E 809,Economy,9720.0,INR,,,,,AVAILABLE,,serpapi_google_flights,,2026-09-11 14:59:40.794435,1,nonstop; dep 2026-09-26 12:00; key=friend3
2568,BLR,DEL,2026-09-26,15,IndiGo,6E 6039,Economy,9720.0,INR,,,,,AVAILABLE,,serpapi_google_flights,,2026-09-11 14:59:40.794435,1,nonstop; dep 2026-09-26 17:00; key=friend3
2569,BLR,DEL,2026-09-26,15,Air India,AI 2488,Economy,9880.0,INR,,,,,AVAILABLE,,serpapi_google_flights,,2026-09-11 14:59:40.794435,1,nonstop; dep 2026-09-26 22:30; key=friend3
2570,BLR,DEL,2026-09-26,15,Air India,AI 2810,Economy,9958.0,INR,,,,,AVAILABLE,,serpapi_google_flights,,2026-09-11 14:59:40.794435,1,nonstop; dep 2026-09-26 06:00; key=friend3
2571,BLR,DEL,2026-09-26,15,Air India,AI 2818,Economy,10042.0,INR,,,,,AVAILABLE,,serpapi_google_flights,,2026-09-11 14:59:40.794435,1,nonstop; dep 2026-09-26 20:00; key=friend3
2572,BLR,DEL,2026-09-26,15,Air India,AI 428,Economy,10126.0,INR,,,,,AVAILABLE,,serpapi_google_flights,,2026-09-11 14:59:40.794435,1,nonstop; dep 2026-09-26 15:30; key=friend3
2573,BLR,DEL,2026-09-26,15,Air India,AI 2418,Economy,10126.0,INR,,,,,AVAILABLE,,serpapi_google_flights,,2026-09-11 14:59:40.794435,1,nonstop; dep 2026-09-26 16:30; key=friend3
2574,BLR,DEL,2026-09-26,15,IndiGo,6E 175,Economy,10273.0,INR,,,,,AVAILABLE,,serpapi_google_flights,,2026-09-11 14:59:40.794435,1,nonstop; dep 2026-09-26 10:45; key=friend3
2575,BLR,DEL,2026-09-26,15,IndiGo,6E 869,Economy,10273.0,INR,,,,,AVAILABLE,,serpapi_google_flights,,2026-09-11 14:59:40.794435,1,nonstop; dep 2026-09-26 13:10; key=friend3
2576,BLR,DEL,2026-09-26,15,IndiGo,6E 840,Economy,10273.0,INR,,,,,AVAILABLE,,serpapi_google_flights,,2026-09-11 14:59:40.794435,1,nonstop; dep 2026-09-26 13:55; key=friend3
2577,BLR,DEL,2026-09-26,15,IndiGo,6E 860,Economy,10273.0,INR,,,,,AVAILABLE,,serpapi_google_flights,,2026-09-11 14:59:40.794435,1,nonstop; dep 2026-09-26 15:45; key=friend3
2578,BLR,DEL,2026-09-26,15,Air India,AI 2804,Economy,10289.0,INR,,,,,AVAILABLE,,serpapi_google_flights,,2026-09-11 14:59:40.794435,1,nonstop; dep 2026-09-26 10:00; key=friend3
2579,BLR,DEL,2026-09-26,15,Air India,AI 2511,Economy,10289.0,INR,,,,,AVAILABLE,,serpapi_google_flights,,2026-09-11 14:59:40.794435,1,nonstop; dep 2026-09-26 15:00; key=friend3
2580,BLR,DEL,2026-09-26,15,Air India,AI 2868,Economy,10457.0,INR,,,,,AVAILABLE,,serpapi_google_flights,,2026-09-11 14:59:40.794435,1,nonstop; dep 2026-09-26 09:00; key=friend3
2581,BLR,DEL,2026-09-26,15,Akasa Air,QP 1359,Economy,10512.0,INR,,,,,AVAILABLE,,serpapi_google_flights,,2026-09-11 14:59:40.794435,1,nonstop; dep 2026-09-26 05:00; key=friend3
2582,BLR,DEL,2026-09-26,15,Air India,AI 2486,Economy,10693.0,INR,,,,,AVAILABLE,,serpapi_google_flights,,2026-09-11 14:59:40.794435,1,nonstop; dep 2026-09-26 14:00; key=friend3
2583,BLR,DEL,2026-09-26,15,Air India Express,IX 5976,Economy,10753.0,INR,,,,,AVAILABLE,,serpapi_google_flights,,2026-09-11 14:59:40.794435,1,nonstop; dep 2026-09-26 01:15; key=friend3
2584,BLR,DEL,2026-09-26,15,Air India,AI 2406,Economy,10872.0,INR,,,,,AVAILABLE,,serpapi_google_flights,,2026-09-11 14:59:40.794435,1,nonstop; dep 2026-09-26 11:00; key=friend3
2585,BLR,DEL,2026-09-26,15,Air India,AI 2654,Economy,11024.0,INR,,,,,AVAILABLE,,serpapi_google_flights,,2026-09-11 14:59:40.794435,1,nonstop; dep 2026-09-26 07:00; key=friend3
2586,BLR,DEL,2026-09-26,15,Akasa Air,QP 1821,Economy,11087.0,INR,,,,,AVAILABLE,,serpapi_google_flights,,2026-09-11 14:59:40.794435,1,nonstop; dep 2026-09-26 13:10; key=friend3
2587,BLR,DEL,2026-09-26,15,Akasa Air,QP 1307,Economy,11087.0,INR,,,,,AVAILABLE,,serpapi_google_flights,,2026-09-11 14:59:40.794435,1,nonstop; dep 2026-09-26 17:20; key=friend3
2588,BLR,DEL,2026-09-26,15,Akasa Air,QP 1823,Economy,11286.0,INR,,,,,AVAILABLE,,serpapi_google_flights,,2026-09-11 14:59:40.794435,1,nonstop; dep 2026-09-26 06:05; key=friend3
2589,BLR,DEL,2026-09-26,15,Air India,AI 2414,Economy,11334.0,INR,,,,,AVAILABLE,,serpapi_google_flights,,2026-09-11 14:59:40.794435,1,nonstop; dep 2026-09-26 05:30; key=friend3
2590,BLR,DEL,2026-09-26,15,Air India,AI 2758,Economy,12153.0,INR,,,,,AVAILABLE,,serpapi_google_flights,,2026-09-11 14:59:40.794435,1,nonstop; dep 2026-09-26 00:15; key=friend3
2591,BLR,DEL,2026-10-11,30,IndiGo,6E 817,Economy,9500.0,INR,,,,,AVAILABLE,,serpapi_google_flights,,2026-09-11 14:59:44.238154,1,nonstop; dep 2026-10-11 20:40; key=friend2
2592,BLR,DEL,2026-10-11,30,Akasa Air,QP 1811,Economy,9971.0,INR,,,,,AVAILABLE,,serpapi_google_flights,,2026-09-11 14:59:44.238154,1,nonstop; dep 2026-10-11 03:55; key=friend2
2593,BLR,DEL,2026-10-11,30,Air India,AI 2802,Economy,10210.0,INR,,,,,AVAILABLE,,serpapi_google_flights,,2026-09-11 14:59:44.238154,1,nonstop; dep 2026-10-11 18:20; key=friend2
2594,BLR,DEL,2026-10-11,30,Air India,AI 2814,Economy,9659.0,INR,,,,,AVAILABLE,,serpapi_google_flights,,2026-09-11 14:59:44.238154,1,nonstop; dep 2026-10-11 22:00; key=friend2
2595,BLR,DEL,2026-10-11,30,Air India,AI 2488,Economy,9659.0,INR,,,,,AVAILABLE,,serpapi_google_flights,,2026-09-11 14:59:44.238154,1,nonstop; dep 2026-10-11 22:30; key=friend2
2596,BLR,DEL,2026-10-11,30,IndiGo,6E 870,Economy,9802.0,INR,,,,,AVAILABLE,,serpapi_google_flights,,2026-09-11 14:59:44.238154,1,nonstop; dep 2026-10-11 19:30; key=friend2
2597,BLR,DEL,2026-10-11,30,IndiGo,6E 839,Economy,10139.0,INR,,,,,AVAILABLE,,serpapi_google_flights,,2026-09-11 14:59:44.238154,1,nonstop; dep 2026-10-11 01:00; key=friend2
2598,BLR,DEL,2026-10-11,30,IndiGo,6E 860,Economy,10139.0,INR,,,,,AVAILABLE,,serpapi_google_flights,,2026-09-11 14:59:44.238154,1,nonstop; dep 2026-10-11 15:45; key=friend2
2599,BLR,DEL,2026-10-11,30,IndiGo,6E 6034,Economy,10139.0,INR,,,,,AVAILABLE,,serpapi_google_flights,,2026-09-11 14:59:44.238154,1,nonstop; dep 2026-10-11 18:15; key=friend2
2600,BLR,DEL,2026-10-11,30,IndiGo,6E 2313,Economy,10139.0,INR,,,,,AVAILABLE,,serpapi_google_flights,,2026-09-11 14:59:44.238154,1,nonstop; dep 2026-10-11 23:30; key=friend2
2601,BLR,DEL,2026-10-11,30,Air India,AI 2758,Economy,10305.0,INR,,,,,AVAILABLE,,serpapi_google_flights,,2026-09-11 14:59:44.238154,1,nonstop; dep 2026-10-11 00:15; key=friend2
2602,BLR,DEL,2026-10-11,30,Air India,AI 2418,Economy,10378.0,INR,,,,,AVAILABLE,,serpapi_google_flights,,2026-09-11 14:59:44.238154,1,nonstop; dep 2026-10-11 16:30; key=friend2
2603,BLR,DEL,2026-10-11,30,Air India,AI 2820,Economy,10378.0,INR,,,,,AVAILABLE,,serpapi_google_flights,,2026-09-11 14:59:44.238154,1,nonstop; dep 2026-10-11 17:25; key=friend2
2604,BLR,DEL,2026-10-11,30,IndiGo,6E 6039,Economy,10650.0,INR,,,,,AVAILABLE,,serpapi_google_flights,,2026-09-11 14:59:44.238154,1,nonstop; dep 2026-10-11 17:00; key=friend2
2605,BLR,DEL,2026-10-11,30,IndiGo,6E 6406,Economy,10650.0,INR,,,,,AVAILABLE,,serpapi_google_flights,,2026-09-11 14:59:44.238154,1,nonstop; dep 2026-10-11 22:00; key=friend2
2606,BLR,DEL,2026-10-11,30,Air India,AI 2804,Economy,10788.0,INR,,,,,AVAILABLE,,serpapi_google_flights,,2026-09-11 14:59:44.238154,1,nonstop; dep 2026-10-11 10:00; key=friend2
2607,BLR,DEL,2026-10-11,30,Air India,AI 2868,Economy,10966.0,INR,,,,,AVAILABLE,,serpapi_google_flights,,2026-09-11 14:59:44.238154,1,nonstop; dep 2026-10-11 09:00; key=friend2
2608,BLR,DEL,2026-10-11,30,Air India,AI 428,Economy,10966.0,INR,,,,,AVAILABLE,,serpapi_google_flights,,2026-09-11 14:59:44.238154,1,nonstop; dep 2026-10-11 15:30; key=friend2
2609,BLR,DEL,2026-10-11,30,Air India,AI 2818,Economy,10966.0,INR,,,,,AVAILABLE,,serpapi_google_flights,,2026-09-11 14:59:44.238154,1,nonstop; dep 2026-10-11 20:00; key=friend2
2610,BLR,DEL,2026-10-11,30,IndiGo,6E 804,Economy,11192.0,INR,,,,,AVAILABLE,,serpapi_google_flights,,2026-09-11 14:59:44.238154,1,nonstop; dep 2026-10-11 03:00; key=friend2
2611,BLR,DEL,2026-10-11,30,IndiGo,6E 830,Economy,11192.0,INR,,,,,AVAILABLE,,serpapi_google_flights,,2026-09-11 14:59:44.238154,1,nonstop; dep 2026-10-11 09:30; key=friend2
2612,BLR,DEL,2026-10-11,30,IndiGo,6E 175,Economy,11192.0,INR,,,,,AVAILABLE,,serpapi_google_flights,,2026-09-11 14:59:44.238154,1,nonstop; dep 2026-10-11 10:45; key=friend2
2613,BLR,DEL,2026-10-11,30,IndiGo,6E 869,Economy,11192.0,INR,,,,,AVAILABLE,,serpapi_google_flights,,2026-09-11 14:59:44.238154,1,nonstop; dep 2026-10-11 13:10; key=friend2
2614,BLR,DEL,2026-10-11,30,IndiGo,6E 840,Economy,11192.0,INR,,,,,AVAILABLE,,serpapi_google_flights,,2026-09-11 14:59:44.238154,1,nonstop; dep 2026-10-11 13:55; key=friend2
2615,BLR,DEL,2026-10-11,30,Air India,AI 2511,Economy,11234.0,INR,,,,,AVAILABLE,,serpapi_google_flights,,2026-09-11 14:59:44.238154,1,nonstop; dep 2026-10-11 15:00; key=friend2
2616,BLR,DEL,2026-10-11,30,Air India,AI 2665,Economy,11281.0,INR,,,,,AVAILABLE,,serpapi_google_flights,,2026-09-11 14:59:44.238154,1,nonstop; dep 2026-10-11 19:40; key=friend2
2617,BLR,DEL,2026-10-11,30,Akasa Air,QP 1359,Economy,11488.0,INR,,,,,AVAILABLE,,serpapi_google_flights,,2026-09-11 14:59:44.238154,1,nonstop; dep 2026-10-11 05:00; key=friend2
2618,BLR,DEL,2026-10-11,30,Air India Express,IX 2542,Economy,11690.0,INR,,,,,AVAILABLE,,serpapi_google_flights,,2026-09-11 14:59:44.238154,1,nonstop; dep 2026-10-11 06:40; key=friend2
2619,BLR,DEL,2026-10-11,30,Air India Express,IX 1040,Economy,11690.0,INR,,,,,AVAILABLE,,serpapi_google_flights,,2026-09-11 14:59:44.238154,1,nonstop; dep 2026-10-11 17:35; key=friend2
2620,BLR,DEL,2026-10-11,30,Akasa Air,QP 1821,Economy,12124.0,INR,,,,,AVAILABLE,,serpapi_google_flights,,2026-09-11 14:59:44.238154,1,nonstop; dep 2026-10-11 13:05; key=friend2
2621,BLR,DEL,2026-10-11,30,IndiGo,6E 809,Economy,12374.0,INR,,,,,AVAILABLE,,serpapi_google_flights,,2026-09-11 14:59:44.238154,1,nonstop; dep 2026-10-11 12:00; key=friend2
2622,BLR,DEL,2026-10-11,30,Air India,AI 2406,Economy,12652.0,INR,,,,,AVAILABLE,,serpapi_google_flights,,2026-09-11 14:59:44.238154,1,nonstop; dep 2026-10-11 11:00; key=friend2
2623,BLR,DEL,2026-10-11,30,IndiGo,6E 836,Economy,13018.0,INR,,,,,AVAILABLE,,serpapi_google_flights,,2026-09-11 14:59:44.238154,1,nonstop; dep 2026-10-11 05:05; key=friend2
2624,BLR,DEL,2026-10-11,30,IndiGo,6E 844,Economy,13018.0,INR,,,,,AVAILABLE,,serpapi_google_flights,,2026-09-11 14:59:44.238154,1,nonstop; dep 2026-10-11 07:00; key=friend2
2625,BLR,DEL,2026-10-11,30,Air India,AI 2486,Economy,13245.0,INR,,,,,AVAILABLE,,serpapi_google_flights,,2026-09-11 14:59:44.238154,1,nonstop; dep 2026-10-11 14:00; key=friend2
2626,BLR,DEL,2026-10-11,30,IndiGo,6E 849,Economy,14422.0,INR,,,,,AVAILABLE,,serpapi_google_flights,,2026-09-11 14:59:44.238154,1,nonstop; dep 2026-10-11 08:15; key=friend2
2627,BLR,DEL,2026-10-11,30,Akasa Air,QP 1823,Economy,16828.0,INR,,,,,AVAILABLE,,serpapi_google_flights,,2026-09-11 14:59:44.238154,1,nonstop; dep 2026-10-11 06:05; key=friend2
2628,BLR,DEL,2026-10-11,30,Air India,AI 2414,Economy,17902.0,INR,,,,,AVAILABLE,,serpapi_google_flights,,2026-09-11 14:59:44.238154,1,nonstop; dep 2026-10-11 05:30; key=friend2
2629,BLR,DEL,2026-10-11,30,Air India,AI 2810,Economy,17902.0,INR,,,,,AVAILABLE,,serpapi_google_flights,,2026-09-11 14:59:44.238154,1,nonstop; dep 2026-10-11 06:00; key=friend2
2630,BLR,DEL,2026-10-11,30,Air India,AI 2654,Economy,17902.0,INR,,,,,AVAILABLE,,serpapi_google_flights,,2026-09-11 14:59:44.238154,1,nonstop; dep 2026-10-11 07:00; key=friend2
2631,BLR,DEL,2026-10-26,45,IndiGo,6E 830,Economy,9500.0,INR,,,,,AVAILABLE,,serpapi_google_flights,,2026-09-11 14:59:52.790123,1,nonstop; dep 2026-10-26 09:30; key=friend3
2632,BLR,DEL,2026-10-26,45,Akasa Air,QP 1823,Economy,9798.0,INR,,,,,AVAILABLE,,serpapi_google_flights,,2026-09-11 14:59:52.790123,1,nonstop; dep 2026-10-26 06:10; key=friend3
2633,BLR,DEL,2026-10-26,45,Air India,AI 2516,Economy,10305.0,INR,,,,,AVAILABLE,,serpapi_google_flights,,2026-09-11 14:59:52.790123,1,nonstop; dep 2026-10-26 05:00; key=friend3
2634,BLR,DEL,2026-10-26,45,IndiGo,6E 2313,Economy,9500.0,INR,,,,,AVAILABLE,,serpapi_google_flights,,2026-09-11 14:59:52.790123,1,nonstop; dep 2026-10-26 00:30; key=friend3
2635,BLR,DEL,2026-10-26,45,IndiGo,6E 804,Economy,9500.0,INR,,,,,AVAILABLE,,serpapi_google_flights,,2026-09-11 14:59:52.790123,1,nonstop; dep 2026-10-26 03:15; key=friend3
2636,BLR,DEL,2026-10-26,45,IndiGo,6E 836,Economy,9500.0,INR,,,,,AVAILABLE,,serpapi_google_flights,,2026-09-11 14:59:52.790123,1,nonstop; dep 2026-10-26 05:45; key=friend3
2637,BLR,DEL,2026-10-26,45,IndiGo,6E 844,Economy,9500.0,INR,,,,,AVAILABLE,,serpapi_google_flights,,2026-09-11 14:59:52.790123,1,nonstop; dep 2026-10-26 06:45; key=friend3
2638,BLR,DEL,2026-10-26,45,IndiGo,6E 2328,Economy,9500.0,INR,,,,,AVAILABLE,,serpapi_google_flights,,2026-09-11 14:59:52.790123,1,nonstop; dep 2026-10-26 10:45; key=friend3
2639,BLR,DEL,2026-10-26,45,IndiGo,6E 809,Economy,9500.0,INR,,,,,AVAILABLE,,serpapi_google_flights,,2026-09-11 14:59:52.790123,1,nonstop; dep 2026-10-26 12:00; key=friend3
2640,BLR,DEL,2026-10-26,45,IndiGo,6E 869,Economy,9500.0,INR,,,,,AVAILABLE,,serpapi_google_flights,,2026-09-11 14:59:52.790123,1,nonstop; dep 2026-10-26 13:15; key=friend3
2641,BLR,DEL,2026-10-26,45,IndiGo,6E 840,Economy,9500.0,INR,,,,,AVAILABLE,,serpapi_google_flights,,2026-09-11 14:59:52.790123,1,nonstop; dep 2026-10-26 14:30; key=friend3
2642,BLR,DEL,2026-10-26,45,IndiGo,6E 860,Economy,9500.0,INR,,,,,AVAILABLE,,serpapi_google_flights,,2026-09-11 14:59:52.790123,1,nonstop; dep 2026-10-26 15:45; key=friend3
2643,BLR,DEL,2026-10-26,45,IndiGo,6E 870,Economy,9500.0,INR,,,,,AVAILABLE,,serpapi_google_flights,,2026-09-11 14:59:52.790123,1,nonstop; dep 2026-10-26 19:30; key=friend3
2644,BLR,DEL,2026-10-26,45,IndiGo,6E 817,Economy,9500.0,INR,,,,,AVAILABLE,,serpapi_google_flights,,2026-09-11 14:59:52.790123,1,nonstop; dep 2026-10-26 20:45; key=friend3
2645,BLR,DEL,2026-10-26,45,IndiGo,6E 6406,Economy,9500.0,INR,,,,,AVAILABLE,,serpapi_google_flights,,2026-09-11 14:59:52.790123,1,nonstop; dep 2026-10-26 22:30; key=friend3
2646,BLR,DEL,2026-10-26,45,SpiceJet,SG 141,Economy,9768.0,INR,,,,,AVAILABLE,,serpapi_google_flights,,2026-09-11 14:59:52.790123,1,nonstop; dep 2026-10-26 06:05; key=friend3
2647,BLR,DEL,2026-10-26,45,SpiceJet,SG 619,Economy,9768.0,INR,,,,,AVAILABLE,,serpapi_google_flights,,2026-09-11 14:59:52.790123,1,nonstop; dep 2026-10-26 21:15; key=friend3
2648,BLR,DEL,2026-10-26,45,Akasa Air,QP 1301,Economy,9798.0,INR,,,,,AVAILABLE,,serpapi_google_flights,,2026-09-11 14:59:52.790123,1,nonstop; dep 2026-10-26 05:00; key=friend3
2649,BLR,DEL,2026-10-26,45,IndiGo,6E 849,Economy,9802.0,INR,,,,,AVAILABLE,,serpapi_google_flights,,2026-09-11 14:59:52.790123,1,nonstop; dep 2026-10-26 08:00; key=friend3
2650,BLR,DEL,2026-10-26,45,IndiGo,6E 6039,Economy,9802.0,INR,,,,,AVAILABLE,,serpapi_google_flights,,2026-09-11 14:59:52.790123,1,nonstop; dep 2026-10-26 17:00; key=friend3
2651,BLR,DEL,2026-10-26,45,IndiGo,6E 6034,Economy,9802.0,INR,,,,,AVAILABLE,,serpapi_google_flights,,2026-09-11 14:59:52.790123,1,nonstop; dep 2026-10-26 18:15; key=friend3
2652,BLR,DEL,2026-10-26,45,Akasa Air,QP 1828,Economy,9971.0,INR,,,,,AVAILABLE,,serpapi_google_flights,,2026-09-11 14:59:52.790123,1,nonstop; dep 2026-10-26 19:05; key=friend3
2653,BLR,DEL,2026-10-26,45,Akasa Air,QP 1811,Economy,10150.0,INR,,,,,AVAILABLE,,serpapi_google_flights,,2026-09-11 14:59:52.790123,1,nonstop; dep 2026-10-26 04:00; key=friend3
2654,BLR,DEL,2026-10-26,45,Air India,AI 2758,Economy,10305.0,INR,,,,,AVAILABLE,,serpapi_google_flights,,2026-09-11 14:59:52.790123,1,nonstop; dep 2026-10-26 00:15; key=friend3
2655,BLR,DEL,2026-10-26,45,Air India,AI 2804,Economy,10305.0,INR,,,,,AVAILABLE,,serpapi_google_flights,,2026-09-11 14:59:52.790123,1,nonstop; dep 2026-10-26 10:00; key=friend3
2656,BLR,DEL,2026-10-26,45,Air India,AI 2486,Economy,10305.0,INR,,,,,AVAILABLE,,serpapi_google_flights,,2026-09-11 14:59:52.790123,1,nonstop; dep 2026-10-26 13:00; key=friend3
2657,BLR,DEL,2026-10-26,45,Air India,AI 428,Economy,10305.0,INR,,,,,AVAILABLE,,serpapi_google_flights,,2026-09-11 14:59:52.790123,1,nonstop; dep 2026-10-26 14:35; key=friend3
2658,BLR,DEL,2026-10-26,45,Air India,AI 2511,Economy,10305.0,INR,,,,,AVAILABLE,,serpapi_google_flights,,2026-09-11 14:59:52.790123,1,nonstop; dep 2026-10-26 16:00; key=friend3
2659,BLR,DEL,2026-10-26,45,Air India,AI 2418,Economy,10305.0,INR,,,,,AVAILABLE,,serpapi_google_flights,,2026-09-11 14:59:52.790123,1,nonstop; dep 2026-10-26 17:00; key=friend3
2660,BLR,DEL,2026-10-26,45,Air India,AI 2514,Economy,10305.0,INR,,,,,AVAILABLE,,serpapi_google_flights,,2026-09-11 14:59:52.790123,1,nonstop; dep 2026-10-26 18:00; key=friend3
2661,BLR,DEL,2026-10-26,45,Air India,AI 2802,Economy,10305.0,INR,,,,,AVAILABLE,,serpapi_google_flights,,2026-09-11 14:59:52.790123,1,nonstop; dep 2026-10-26 21:00; key=friend3
2662,BLR,DEL,2026-10-26,45,Air India,AI 2488,Economy,10305.0,INR,,,,,AVAILABLE,,serpapi_google_flights,,2026-09-11 14:59:52.790123,1,nonstop; dep 2026-10-26 22:00; key=friend3
2663,BLR,DEL,2026-10-26,45,Air India Express,IX 1040,Economy,10470.0,INR,,,,,AVAILABLE,,serpapi_google_flights,,2026-09-11 14:59:52.790123,1,nonstop; dep 2026-10-26 05:30; key=friend3
2664,BLR,DEL,2026-10-26,45,Air India,AI 2818,Economy,10478.0,INR,,,,,AVAILABLE,,serpapi_google_flights,,2026-09-11 14:59:52.790123,1,nonstop; dep 2026-10-26 20:00; key=friend3
2665,BLR,DEL,2026-10-26,45,Air India,AI 2810,Economy,10567.0,INR,,,,,AVAILABLE,,serpapi_google_flights,,2026-09-11 14:59:52.790123,1,nonstop; dep 2026-10-26 06:00; key=friend3
2666,BLR,DEL,2026-10-26,45,Air India,AI 2406,Economy,10788.0,INR,,,,,AVAILABLE,,serpapi_google_flights,,2026-09-11 14:59:52.790123,1,nonstop; dep 2026-10-26 11:00; key=friend3
2667,BLR,DEL,2026-10-26,45,Air India,AI 2868,Economy,10966.0,INR,,,,,AVAILABLE,,serpapi_google_flights,,2026-09-11 14:59:52.790123,1,nonstop; dep 2026-10-26 08:05; key=friend3
2668,BLR,DEL,2026-10-26,45,Air India Express,IX 1524,Economy,11060.0,INR,,,,,AVAILABLE,,serpapi_google_flights,,2026-09-11 14:59:52.790123,1,nonstop; dep 2026-10-26 12:20; key=friend3
2669,BLR,DEL,2026-10-26,45,Air India Express,IX 1260,Economy,11060.0,INR,,,,,AVAILABLE,,serpapi_google_flights,,2026-09-11 14:59:52.790123,1,nonstop; dep 2026-10-26 21:25; key=friend3
2670,BLR,DEL,2026-10-26,45,Air India,AI 2654,Economy,11234.0,INR,,,,,AVAILABLE,,serpapi_google_flights,,2026-09-11 14:59:52.790123,1,nonstop; dep 2026-10-26 07:00; key=friend3
2671,BLR,DEL,2026-10-26,45,SpiceJet,SG 722,Economy,16611.0,INR,,,,,AVAILABLE,,serpapi_google_flights,,2026-09-11 14:59:52.790123,1,nonstop; dep 2026-10-26 12:50; key=friend3
2672,BLR,BOM,2026-09-12,1,Air India,AI 2850,Economy,8648.0,INR,,,,,AVAILABLE,,serpapi_google_flights,,2026-09-11 14:59:57.551329,1,nonstop; dep 2026-09-12 20:30; key=friend2
2673,BLR,BOM,2026-09-12,1,IndiGo,6E 6283,Economy,8872.0,INR,,,,,AVAILABLE,,serpapi_google_flights,,2026-09-11 14:59:57.551329,1,nonstop; dep 2026-09-12 19:05; key=friend2
2674,BLR,BOM,2026-09-12,1,Akasa Air,QP 1134,Economy,9263.0,INR,,,,,AVAILABLE,,serpapi_google_flights,,2026-09-11 14:59:57.551329,1,nonstop; dep 2026-09-12 22:55; key=friend2
2675,BLR,BOM,2026-09-12,1,IndiGo,6E 5376,Economy,8872.0,INR,,,,,AVAILABLE,,serpapi_google_flights,,2026-09-11 14:59:57.551329,1,nonstop; dep 2026-09-12 20:15; key=friend2
2676,BLR,BOM,2026-09-12,1,Air India,AI 2840,Economy,9032.0,INR,,,,,AVAILABLE,,serpapi_google_flights,,2026-09-11 14:59:57.551329,1,nonstop; dep 2026-09-12 22:30; key=friend2
2677,BLR,BOM,2026-09-12,1,Air India,AI 2610,Economy,9341.0,INR,,,,,AVAILABLE,,serpapi_google_flights,,2026-09-11 14:59:57.551329,1,nonstop; dep 2026-09-12 19:00; key=friend2
2678,BLR,BOM,2026-09-12,1,Air India,AI 2811,Economy,9341.0,INR,,,,,AVAILABLE,,serpapi_google_flights,,2026-09-11 14:59:57.551329,1,nonstop; dep 2026-09-12 23:40; key=friend2
2679,BLR,BOM,2026-09-12,1,IndiGo,6E 5051,Economy,9922.0,INR,,,,,AVAILABLE,,serpapi_google_flights,,2026-09-11 14:59:57.551329,1,nonstop; dep 2026-09-12 08:30; key=friend2
2680,BLR,BOM,2026-09-12,1,IndiGo,6E 5255,Economy,9922.0,INR,,,,,AVAILABLE,,serpapi_google_flights,,2026-09-11 14:59:57.551329,1,nonstop; dep 2026-09-12 17:25; key=friend2
2681,BLR,BOM,2026-09-12,1,Akasa Air,QP 1383,Economy,10022.0,INR,,,,,AVAILABLE,,serpapi_google_flights,,2026-09-11 14:59:57.551329,1,nonstop; dep 2026-09-12 05:25; key=friend2
2682,BLR,BOM,2026-09-12,1,Akasa Air,QP 1381,Economy,10429.0,INR,,,,,AVAILABLE,,serpapi_google_flights,,2026-09-11 14:59:57.551329,1,nonstop; dep 2026-09-12 04:50; key=friend2
2683,BLR,BOM,2026-09-12,1,Akasa Air,QP 1515,Economy,10429.0,INR,,,,,AVAILABLE,,serpapi_google_flights,,2026-09-11 14:59:57.551329,1,nonstop; dep 2026-09-12 06:20; key=friend2
2684,BLR,BOM,2026-09-12,1,Air India,AI 2402,Economy,10517.0,INR,,,,,AVAILABLE,,serpapi_google_flights,,2026-09-11 14:59:57.551329,1,nonstop; dep 2026-09-12 06:35; key=friend2
2685,BLR,BOM,2026-09-12,1,Air India,AI 2411,Economy,10517.0,INR,,,,,AVAILABLE,,serpapi_google_flights,,2026-09-11 14:59:57.551329,1,nonstop; dep 2026-09-12 08:20; key=friend2
2686,BLR,BOM,2026-09-12,1,Air India,AI 2642,Economy,10517.0,INR,,,,,AVAILABLE,,serpapi_google_flights,,2026-09-11 14:59:57.551329,1,nonstop; dep 2026-09-12 21:30; key=friend2
2687,BLR,BOM,2026-09-12,1,IndiGo,6E 5218,Economy,10552.0,INR,,,,,AVAILABLE,,serpapi_google_flights,,2026-09-11 14:59:57.551329,1,nonstop; dep 2026-09-12 13:00; key=friend2
2688,BLR,BOM,2026-09-12,1,IndiGo,6E 5351,Economy,10552.0,INR,,,,,AVAILABLE,,serpapi_google_flights,,2026-09-11 14:59:57.551329,1,nonstop; dep 2026-09-12 14:20; key=friend2
2689,BLR,BOM,2026-09-12,1,IndiGo,6E 5031,Economy,10552.0,INR,,,,,AVAILABLE,,serpapi_google_flights,,2026-09-11 14:59:57.551329,1,nonstop; dep 2026-09-12 16:00; key=friend2
2690,BLR,BOM,2026-09-12,1,Air India,AI 2604,Economy,10706.0,INR,,,,,AVAILABLE,,serpapi_google_flights,,2026-09-11 14:59:57.551329,1,nonstop; dep 2026-09-12 09:15; key=friend2
2691,BLR,BOM,2026-09-12,1,Air India,AI 2630,Economy,10706.0,INR,,,,,AVAILABLE,,serpapi_google_flights,,2026-09-11 14:59:57.551329,1,nonstop; dep 2026-09-12 12:05; key=friend2
2692,BLR,BOM,2026-09-12,1,Air India,AI 2852,Economy,10796.0,INR,,,,,AVAILABLE,,serpapi_google_flights,,2026-09-11 14:59:57.551329,1,nonstop; dep 2026-09-12 10:30; key=friend2
2693,BLR,BOM,2026-09-12,1,Akasa Air,QP 1528,Economy,10853.0,INR,,,,,AVAILABLE,,serpapi_google_flights,,2026-09-11 14:59:57.551329,1,nonstop; dep 2026-09-12 10:20; key=friend2
2694,BLR,BOM,2026-09-12,1,IndiGo,6E 5237,Economy,11182.0,INR,,,,,AVAILABLE,,serpapi_google_flights,,2026-09-11 14:59:57.551329,1,nonstop; dep 2026-09-12 10:15; key=friend2
2695,BLR,BOM,2026-09-12,1,Akasa Air,QP 1517,Economy,11296.0,INR,,,,,AVAILABLE,,serpapi_google_flights,,2026-09-11 14:59:57.551329,1,nonstop; dep 2026-09-12 07:40; key=friend2
2696,BLR,BOM,2026-09-12,1,IndiGo,6E 5089,Economy,11409.0,INR,,,,,AVAILABLE,,serpapi_google_flights,,2026-09-11 14:59:57.551329,1,nonstop; dep 2026-09-12 05:30; key=friend2
2697,BLR,BOM,2026-09-12,1,IndiGo,6E 5216,Economy,11917.0,INR,,,,,AVAILABLE,,serpapi_google_flights,,2026-09-11 14:59:57.551329,1,nonstop; dep 2026-09-12 07:25; key=friend2
2698,BLR,BOM,2026-09-12,1,IndiGo,6E 5069,Economy,11917.0,INR,,,,,AVAILABLE,,serpapi_google_flights,,2026-09-11 14:59:57.551329,1,nonstop; dep 2026-09-12 11:30; key=friend2
2699,BLR,BOM,2026-09-12,1,IndiGo,6E 5205,Economy,12354.0,INR,,,,,AVAILABLE,,serpapi_google_flights,,2026-09-11 14:59:57.551329,1,nonstop; dep 2026-09-12 03:45; key=friend2
2700,BLR,BOM,2026-09-12,1,IndiGo,6E 5293,Economy,13404.0,INR,,,,,AVAILABLE,,serpapi_google_flights,,2026-09-11 14:59:57.551329,1,nonstop; dep 2026-09-12 01:00; key=friend2
2701,BLR,BOM,2026-09-12,1,Air India,AI 3306,Economy,14297.0,INR,,,,,AVAILABLE,,serpapi_google_flights,,2026-09-11 14:59:57.551329,1,nonstop; dep 2026-09-12 02:25; key=friend2
2702,BLR,BOM,2026-09-12,1,Air India,AI 2854,Economy,14822.0,INR,,,,,AVAILABLE,,serpapi_google_flights,,2026-09-11 14:59:57.551329,1,nonstop; dep 2026-09-12 18:05; key=friend2
2703,BLR,BOM,2026-09-12,1,Air India,AI 2858,Economy,19164.0,INR,,,,,AVAILABLE,,serpapi_google_flights,,2026-09-11 14:59:57.551329,1,nonstop; dep 2026-09-12 02:20; key=friend2
2704,BLR,BOM,2026-09-18,7,IndiGo,6E 5293,Economy,5529.0,INR,,,,,AVAILABLE,,serpapi_google_flights,,2026-09-11 15:00:00.821635,1,nonstop; dep 2026-09-18 01:00; key=friend3
2705,BLR,BOM,2026-09-18,7,IndiGo,6E 5205,Economy,5529.0,INR,,,,,AVAILABLE,,serpapi_google_flights,,2026-09-11 15:00:00.821635,1,nonstop; dep 2026-09-18 03:45; key=friend3
2706,BLR,BOM,2026-09-18,7,Akasa Air,QP 1381,Economy,6575.0,INR,,,,,AVAILABLE,,serpapi_google_flights,,2026-09-11 15:00:00.821635,1,nonstop; dep 2026-09-18 04:50; key=friend3
2707,BLR,BOM,2026-09-18,7,Air India,AI 2858,Economy,6727.0,INR,,,,,AVAILABLE,,serpapi_google_flights,,2026-09-11 15:00:00.821635,1,nonstop; dep 2026-09-18 02:20; key=friend3
2708,BLR,BOM,2026-09-18,7,IndiGo,6E 5089,Economy,6684.0,INR,,,,,AVAILABLE,,serpapi_google_flights,,2026-09-11 15:00:00.821635,1,nonstop; dep 2026-09-18 05:30; key=friend3
2709,BLR,BOM,2026-09-18,7,IndiGo,6E 5216,Economy,6877.0,INR,,,,,AVAILABLE,,serpapi_google_flights,,2026-09-11 15:00:00.821635,1,nonstop; dep 2026-09-18 07:25; key=friend3
2710,BLR,BOM,2026-09-18,7,IndiGo,6E 5051,Economy,6877.0,INR,,,,,AVAILABLE,,serpapi_google_flights,,2026-09-11 15:00:00.821635,1,nonstop; dep 2026-09-18 08:30; key=friend3
2711,BLR,BOM,2026-09-18,7,IndiGo,6E 5237,Economy,6877.0,INR,,,,,AVAILABLE,,serpapi_google_flights,,2026-09-11 15:00:00.821635,1,nonstop; dep 2026-09-18 10:15; key=friend3
2712,BLR,BOM,2026-09-18,7,IndiGo,6E 5069,Economy,6877.0,INR,,,,,AVAILABLE,,serpapi_google_flights,,2026-09-11 15:00:00.821635,1,nonstop; dep 2026-09-18 11:30; key=friend3
2713,BLR,BOM,2026-09-18,7,Air India,AI 2402,Economy,7037.0,INR,,,,,AVAILABLE,,serpapi_google_flights,,2026-09-11 15:00:00.821635,1,nonstop; dep 2026-09-18 06:35; key=friend3
2714,BLR,BOM,2026-09-18,7,Akasa Air,QP 1515,Economy,7082.0,INR,,,,,AVAILABLE,,serpapi_google_flights,,2026-09-11 15:00:00.821635,1,nonstop; dep 2026-09-18 06:20; key=friend3
2715,BLR,BOM,2026-09-18,7,Akasa Air,QP 1528,Economy,7082.0,INR,,,,,AVAILABLE,,serpapi_google_flights,,2026-09-11 15:00:00.821635,1,nonstop; dep 2026-09-18 10:20; key=friend3
2716,BLR,BOM,2026-09-18,7,IndiGo,6E 5351,Economy,7192.0,INR,,,,,AVAILABLE,,serpapi_google_flights,,2026-09-11 15:00:00.821635,1,nonstop; dep 2026-09-18 14:20; key=friend3
2717,BLR,BOM,2026-09-18,7,IndiGo,6E 5031,Economy,7192.0,INR,,,,,AVAILABLE,,serpapi_google_flights,,2026-09-11 15:00:00.821635,1,nonstop; dep 2026-09-18 16:00; key=friend3
2718,BLR,BOM,2026-09-18,7,Air India,AI 2604,Economy,7793.0,INR,,,,,AVAILABLE,,serpapi_google_flights,,2026-09-11 15:00:00.821635,1,nonstop; dep 2026-09-18 09:15; key=friend3
2719,BLR,BOM,2026-09-18,7,Air India,AI 2811,Economy,7924.0,INR,,,,,AVAILABLE,,serpapi_google_flights,,2026-09-11 15:00:00.821635,1,nonstop; dep 2026-09-18 23:40; key=friend3
2720,BLR,BOM,2026-09-18,7,Air India,AI 2852,Economy,8223.0,INR,,,,,AVAILABLE,,serpapi_google_flights,,2026-09-11 15:00:00.821635,1,nonstop; dep 2026-09-18 10:30; key=friend3
2721,BLR,BOM,2026-09-18,7,IndiGo,6E 5218,Economy,8347.0,INR,,,,,AVAILABLE,,serpapi_google_flights,,2026-09-11 15:00:00.821635,1,nonstop; dep 2026-09-18 13:00; key=friend3
2722,BLR,BOM,2026-09-18,7,IndiGo,6E 5255,Economy,8347.0,INR,,,,,AVAILABLE,,serpapi_google_flights,,2026-09-11 15:00:00.821635,1,nonstop; dep 2026-09-18 17:25; key=friend3
2723,BLR,BOM,2026-09-18,7,Akasa Air,QP 1517,Economy,8568.0,INR,,,,,AVAILABLE,,serpapi_google_flights,,2026-09-11 15:00:00.821635,1,nonstop; dep 2026-09-18 07:40; key=friend3
2724,BLR,BOM,2026-09-18,7,Air India,AI 2630,Economy,8648.0,INR,,,,,AVAILABLE,,serpapi_google_flights,,2026-09-11 15:00:00.821635,1,nonstop; dep 2026-09-18 12:05; key=friend3
2725,BLR,BOM,2026-09-18,7,IndiGo,6E 6283,Economy,9397.0,INR,,,,,AVAILABLE,,serpapi_google_flights,,2026-09-11 15:00:00.821635,1,nonstop; dep 2026-09-18 19:05; key=friend3
2726,BLR,BOM,2026-09-18,7,Air India,AI 2610,Economy,9494.0,INR,,,,,AVAILABLE,,serpapi_google_flights,,2026-09-11 15:00:00.821635,1,nonstop; dep 2026-09-18 19:00; key=friend3
2727,BLR,BOM,2026-09-18,7,IndiGo,6E 5094,Economy,9922.0,INR,,,,,AVAILABLE,,serpapi_google_flights,,2026-09-11 15:00:00.821635,1,nonstop; dep 2026-09-18 22:20; key=friend3
2728,BLR,BOM,2026-09-18,7,Akasa Air,QP 1134,Economy,10022.0,INR,,,,,AVAILABLE,,serpapi_google_flights,,2026-09-11 15:00:00.821635,1,nonstop; dep 2026-09-18 22:55; key=friend3
2729,BLR,BOM,2026-09-18,7,Air India,AI 2840,Economy,10517.0,INR,,,,,AVAILABLE,,serpapi_google_flights,,2026-09-11 15:00:00.821635,1,nonstop; dep 2026-09-18 22:30; key=friend3
2730,BLR,BOM,2026-09-18,7,Air India,AI 2642,Economy,10890.0,INR,,,,,AVAILABLE,,serpapi_google_flights,,2026-09-11 15:00:00.821635,1,nonstop; dep 2026-09-18 21:30; key=friend3
2731,BLR,BOM,2026-09-18,7,IndiGo,6E 5376,Economy,11182.0,INR,,,,,AVAILABLE,,serpapi_google_flights,,2026-09-11 15:00:00.821635,1,nonstop; dep 2026-09-18 20:15; key=friend3
2732,BLR,BOM,2026-09-18,7,Air India,AI 2854,Economy,13190.0,INR,,,,,AVAILABLE,,serpapi_google_flights,,2026-09-11 15:00:00.821635,1,nonstop; dep 2026-09-18 18:05; key=friend3
2733,BLR,BOM,2026-09-18,7,Air India,AI 2850,Economy,15080.0,INR,,,,,AVAILABLE,,serpapi_google_flights,,2026-09-11 15:00:00.821635,1,nonstop; dep 2026-09-18 20:30; key=friend3
2734,BLR,BOM,2026-09-26,15,Air India,AI 3306,Economy,4165.0,INR,,,,,AVAILABLE,,serpapi_google_flights,,2026-09-11 15:00:04.167747,1,nonstop; dep 2026-09-26 02:25; key=friend2
2735,BLR,BOM,2026-09-26,15,Air India,AI 2811,Economy,4322.0,INR,,,,,AVAILABLE,,serpapi_google_flights,,2026-09-11 15:00:04.167747,1,nonstop; dep 2026-09-26 23:40; key=friend2
2736,BLR,BOM,2026-09-26,15,Akasa Air,QP 1134,Economy,4944.0,INR,,,,,AVAILABLE,,serpapi_google_flights,,2026-09-11 15:00:04.167747,1,nonstop; dep 2026-09-26 22:55; key=friend2
2737,BLR,BOM,2026-09-26,15,Akasa Air,QP 1381,Economy,4944.0,INR,,,,,AVAILABLE,,serpapi_google_flights,,2026-09-11 15:00:04.167747,1,nonstop; dep 2026-09-26 04:50; key=friend2
2738,BLR,BOM,2026-09-26,15,Air India,AI 2858,Economy,5005.0,INR,,,,,AVAILABLE,,serpapi_google_flights,,2026-09-11 15:00:04.167747,1,nonstop; dep 2026-09-26 02:20; key=friend2
2739,BLR,BOM,2026-09-26,15,Air India,AI 2840,Economy,5005.0,INR,,,,,AVAILABLE,,serpapi_google_flights,,2026-09-11 15:00:04.167747,1,nonstop; dep 2026-09-26 22:30; key=friend2
2740,BLR,BOM,2026-09-26,15,IndiGo,6E 5293,Economy,5529.0,INR,,,,,AVAILABLE,,serpapi_google_flights,,2026-09-11 15:00:04.167747,1,nonstop; dep 2026-09-26 01:00; key=friend2
2741,BLR,BOM,2026-09-26,15,IndiGo,6E 5205,Economy,5529.0,INR,,,,,AVAILABLE,,serpapi_google_flights,,2026-09-11 15:00:04.167747,1,nonstop; dep 2026-09-26 03:45; key=friend2
2742,BLR,BOM,2026-09-26,15,IndiGo,6E 5089,Economy,5529.0,INR,,,,,AVAILABLE,,serpapi_google_flights,,2026-09-11 15:00:04.167747,1,nonstop; dep 2026-09-26 05:30; key=friend2
2743,BLR,BOM,2026-09-26,15,Akasa Air,QP 1515,Economy,6575.0,INR,,,,,AVAILABLE,,serpapi_google_flights,,2026-09-11 15:00:04.167747,1,nonstop; dep 2026-09-26 06:20; key=friend2
2744,BLR,BOM,2026-09-26,15,Air India,AI 2850,Economy,6664.0,INR,,,,,AVAILABLE,,serpapi_google_flights,,2026-09-11 15:00:04.167747,1,nonstop; dep 2026-09-26 20:30; key=friend2
2745,BLR,BOM,2026-09-26,15,Air India,AI 2642,Economy,6664.0,INR,,,,,AVAILABLE,,serpapi_google_flights,,2026-09-11 15:00:04.167747,1,nonstop; dep 2026-09-26 21:30; key=friend2
2746,BLR,BOM,2026-09-26,15,IndiGo,6E 5216,Economy,6877.0,INR,,,,,AVAILABLE,,serpapi_google_flights,,2026-09-11 15:00:04.167747,1,nonstop; dep 2026-09-26 07:25; key=friend2
2747,BLR,BOM,2026-09-26,15,IndiGo,6E 5051,Economy,6877.0,INR,,,,,AVAILABLE,,serpapi_google_flights,,2026-09-11 15:00:04.167747,1,nonstop; dep 2026-09-26 08:30; key=friend2
2748,BLR,BOM,2026-09-26,15,IndiGo,6E 5237,Economy,6877.0,INR,,,,,AVAILABLE,,serpapi_google_flights,,2026-09-11 15:00:04.167747,1,nonstop; dep 2026-09-26 10:15; key=friend2
2749,BLR,BOM,2026-09-26,15,IndiGo,6E 6283,Economy,6877.0,INR,,,,,AVAILABLE,,serpapi_google_flights,,2026-09-11 15:00:04.167747,1,nonstop; dep 2026-09-26 19:05; key=friend2
2750,BLR,BOM,2026-09-26,15,IndiGo,6E 5376,Economy,6877.0,INR,,,,,AVAILABLE,,serpapi_google_flights,,2026-09-11 15:00:04.167747,1,nonstop; dep 2026-09-26 20:15; key=friend2
2751,BLR,BOM,2026-09-26,15,Air India,AI 2411,Economy,7037.0,INR,,,,,AVAILABLE,,serpapi_google_flights,,2026-09-11 15:00:04.167747,1,nonstop; dep 2026-09-26 08:20; key=friend2
2752,BLR,BOM,2026-09-26,15,Air India,AI 2604,Economy,7152.0,INR,,,,,AVAILABLE,,serpapi_google_flights,,2026-09-11 15:00:04.167747,1,nonstop; dep 2026-09-26 09:15; key=friend2
2753,BLR,BOM,2026-09-26,15,IndiGo,6E 5069,Economy,7192.0,INR,,,,,AVAILABLE,,serpapi_google_flights,,2026-09-11 15:00:04.167747,1,nonstop; dep 2026-09-26 11:30; key=friend2
2754,BLR,BOM,2026-09-26,15,IndiGo,6E 5218,Economy,7192.0,INR,,,,,AVAILABLE,,serpapi_google_flights,,2026-09-11 15:00:04.167747,1,nonstop; dep 2026-09-26 13:00; key=friend2
2755,BLR,BOM,2026-09-26,15,IndiGo,6E 5031,Economy,7192.0,INR,,,,,AVAILABLE,,serpapi_google_flights,,2026-09-11 15:00:04.167747,1,nonstop; dep 2026-09-26 16:00; key=friend2
2756,BLR,BOM,2026-09-26,15,IndiGo,6E 5255,Economy,7192.0,INR,,,,,AVAILABLE,,serpapi_google_flights,,2026-09-11 15:00:04.167747,1,nonstop; dep 2026-09-26 17:25; key=friend2
2757,BLR,BOM,2026-09-26,15,Air India,AI 2852,Economy,7205.0,INR,,,,,AVAILABLE,,serpapi_google_flights,,2026-09-11 15:00:04.167747,1,nonstop; dep 2026-09-26 10:30; key=friend2
2758,BLR,BOM,2026-09-26,15,Air India,AI 2854,Economy,7262.0,INR,,,,,AVAILABLE,,serpapi_google_flights,,2026-09-11 15:00:04.167747,1,nonstop; dep 2026-09-26 18:05; key=friend2
2759,BLR,BOM,2026-09-26,15,Air India,AI 2610,Economy,7262.0,INR,,,,,AVAILABLE,,serpapi_google_flights,,2026-09-11 15:00:04.167747,1,nonstop; dep 2026-09-26 19:00; key=friend2
2760,BLR,BOM,2026-09-26,15,Akasa Air,QP 1383,Economy,7352.0,INR,,,,,AVAILABLE,,serpapi_google_flights,,2026-09-11 15:00:04.167747,1,nonstop; dep 2026-09-26 05:25; key=friend2
2761,BLR,BOM,2026-09-26,15,Akasa Air,QP 1517,Economy,7352.0,INR,,,,,AVAILABLE,,serpapi_google_flights,,2026-09-11 15:00:04.167747,1,nonstop; dep 2026-09-26 07:40; key=friend2
2762,BLR,BOM,2026-09-26,15,Akasa Air,QP 1528,Economy,7637.0,INR,,,,,AVAILABLE,,serpapi_google_flights,,2026-09-11 15:00:04.167747,1,nonstop; dep 2026-09-26 10:20; key=friend2
2763,BLR,BOM,2026-09-26,15,Air India,AI 2402,Economy,7667.0,INR,,,,,AVAILABLE,,serpapi_google_flights,,2026-09-11 15:00:04.167747,1,nonstop; dep 2026-09-26 06:35; key=friend2
2764,BLR,BOM,2026-09-26,15,IndiGo,6E 5351,Economy,8347.0,INR,,,,,AVAILABLE,,serpapi_google_flights,,2026-09-11 15:00:04.167747,1,nonstop; dep 2026-09-26 14:20; key=friend2
2765,BLR,BOM,2026-09-26,15,Air India,AI 2630,Economy,9184.0,INR,,,,,AVAILABLE,,serpapi_google_flights,,2026-09-11 15:00:04.167747,1,nonstop; dep 2026-09-26 12:05; key=friend2
2766,BLR,BOM,2026-10-11,30,IndiGo,6E 5293,Economy,4164.0,INR,,,,,AVAILABLE,,serpapi_google_flights,,2026-09-11 15:00:12.580576,1,nonstop; dep 2026-10-11 01:00; key=friend3
2767,BLR,BOM,2026-10-11,30,Air India,AI 2811,Economy,4322.0,INR,,,,,AVAILABLE,,serpapi_google_flights,,2026-09-11 15:00:12.580576,1,nonstop; dep 2026-10-11 23:40; key=friend3
2768,BLR,BOM,2026-10-11,30,Akasa Air,QP 1515,Economy,5687.0,INR,,,,,AVAILABLE,,serpapi_google_flights,,2026-09-11 15:00:12.580576,1,nonstop; dep 2026-10-11 06:00; key=friend3
2769,BLR,BOM,2026-10-11,30,Air India,AI 2858,Economy,4742.0,INR,,,,,AVAILABLE,,serpapi_google_flights,,2026-09-11 15:00:12.580576,1,nonstop; dep 2026-10-11 02:20; key=friend3
2770,BLR,BOM,2026-10-11,30,IndiGo,6E 5205,Economy,5004.0,INR,,,,,AVAILABLE,,serpapi_google_flights,,2026-09-11 15:00:12.580576,1,nonstop; dep 2026-10-11 03:45; key=friend3
2771,BLR,BOM,2026-10-11,30,IndiGo,6E 5089,Economy,5004.0,INR,,,,,AVAILABLE,,serpapi_google_flights,,2026-09-11 15:00:12.580576,1,nonstop; dep 2026-10-11 05:30; key=friend3
2772,BLR,BOM,2026-10-11,30,Akasa Air,QP 1517,Economy,5687.0,INR,,,,,AVAILABLE,,serpapi_google_flights,,2026-09-11 15:00:12.580576,1,nonstop; dep 2026-10-11 05:00; key=friend3
2773,BLR,BOM,2026-10-11,30,Air India,AI 2840,Economy,6890.0,INR,,,,,AVAILABLE,,serpapi_google_flights,,2026-09-11 15:00:12.580576,1,nonstop; dep 2026-10-11 22:30; key=friend3
2774,BLR,BOM,2026-10-11,30,Akasa Air,QP 1134,Economy,7082.0,INR,,,,,AVAILABLE,,serpapi_google_flights,,2026-09-11 15:00:12.580576,1,nonstop; dep 2026-10-11 22:55; key=friend3
2775,BLR,BOM,2026-10-11,30,IndiGo,6E 5069,Economy,7192.0,INR,,,,,AVAILABLE,,serpapi_google_flights,,2026-09-11 15:00:12.580576,1,nonstop; dep 2026-10-11 11:30; key=friend3
2776,BLR,BOM,2026-10-11,30,IndiGo,6E 5094,Economy,7192.0,INR,,,,,AVAILABLE,,serpapi_google_flights,,2026-09-11 15:00:12.580576,1,nonstop; dep 2026-10-11 22:20; key=friend3
2777,BLR,BOM,2026-10-11,30,Air India,AI 2642,Economy,7352.0,INR,,,,,AVAILABLE,,serpapi_google_flights,,2026-09-11 15:00:12.580576,1,nonstop; dep 2026-10-11 21:30; key=friend3
2778,BLR,BOM,2026-10-11,30,IndiGo,6E 5216,Economy,7507.0,INR,,,,,AVAILABLE,,serpapi_google_flights,,2026-09-11 15:00:12.580576,1,nonstop; dep 2026-10-11 07:25; key=friend3
2779,BLR,BOM,2026-10-11,30,IndiGo,6E 5218,Economy,7507.0,INR,,,,,AVAILABLE,,serpapi_google_flights,,2026-09-11 15:00:12.580576,1,nonstop; dep 2026-10-11 13:00; key=friend3
2780,BLR,BOM,2026-10-11,30,IndiGo,6E 5351,Economy,7507.0,INR,,,,,AVAILABLE,,serpapi_google_flights,,2026-09-11 15:00:12.580576,1,nonstop; dep 2026-10-11 14:20; key=friend3
2781,BLR,BOM,2026-10-11,30,IndiGo,6E 5255,Economy,7507.0,INR,,,,,AVAILABLE,,serpapi_google_flights,,2026-09-11 15:00:12.580576,1,nonstop; dep 2026-10-11 17:25; key=friend3
2782,BLR,BOM,2026-10-11,30,IndiGo,6E 6283,Economy,7507.0,INR,,,,,AVAILABLE,,serpapi_google_flights,,2026-09-11 15:00:12.580576,1,nonstop; dep 2026-10-11 19:05; key=friend3
2783,BLR,BOM,2026-10-11,30,IndiGo,6E 5376,Economy,7507.0,INR,,,,,AVAILABLE,,serpapi_google_flights,,2026-09-11 15:00:12.580576,1,nonstop; dep 2026-10-11 20:15; key=friend3
2784,BLR,BOM,2026-10-11,30,IndiGo,6E 5051,Economy,7927.0,INR,,,,,AVAILABLE,,serpapi_google_flights,,2026-09-11 15:00:12.580576,1,nonstop; dep 2026-10-11 08:30; key=friend3
2785,BLR,BOM,2026-10-11,30,IndiGo,6E 5237,Economy,7927.0,INR,,,,,AVAILABLE,,serpapi_google_flights,,2026-09-11 15:00:12.580576,1,nonstop; dep 2026-10-11 10:15; key=friend3
2786,BLR,BOM,2026-10-11,30,Air India,AI 2610,Economy,8034.0,INR,,,,,AVAILABLE,,serpapi_google_flights,,2026-09-11 15:00:12.580576,1,nonstop; dep 2026-10-11 19:00; key=friend3
2787,BLR,BOM,2026-10-11,30,Air India,AI 2630,Economy,8097.0,INR,,,,,AVAILABLE,,serpapi_google_flights,,2026-09-11 15:00:12.580576,1,nonstop; dep 2026-10-11 12:05; key=friend3
2788,BLR,BOM,2026-10-11,30,Air India,AI 2402,Economy,8160.0,INR,,,,,AVAILABLE,,serpapi_google_flights,,2026-09-11 15:00:12.580576,1,nonstop; dep 2026-10-11 06:35; key=friend3
2789,BLR,BOM,2026-10-11,30,Air India,AI 2854,Economy,8165.0,INR,,,,,AVAILABLE,,serpapi_google_flights,,2026-09-11 15:00:12.580576,1,nonstop; dep 2026-10-11 18:05; key=friend3
2790,BLR,BOM,2026-10-11,30,Air India,AI 2852,Economy,8302.0,INR,,,,,AVAILABLE,,serpapi_google_flights,,2026-09-11 15:00:12.580576,1,nonstop; dep 2026-10-11 10:30; key=friend3
2791,BLR,BOM,2026-10-11,30,Air India,AI 2850,Economy,8302.0,INR,,,,,AVAILABLE,,serpapi_google_flights,,2026-09-11 15:00:12.580576,1,nonstop; dep 2026-10-11 20:30; key=friend3
2792,BLR,BOM,2026-10-11,30,IndiGo,6E 5031,Economy,9397.0,INR,,,,,AVAILABLE,,serpapi_google_flights,,2026-09-11 15:00:12.580576,1,nonstop; dep 2026-10-11 16:00; key=friend3
2793,BLR,BOM,2026-10-11,30,Air India,AI 2604,Economy,10706.0,INR,,,,,AVAILABLE,,serpapi_google_flights,,2026-09-11 15:00:12.580576,1,nonstop; dep 2026-10-11 09:15; key=friend3
2794,BLR,BOM,2026-10-26,45,Air India Express,IX 1548,Economy,5634.0,INR,,,,,AVAILABLE,,serpapi_google_flights,,2026-09-11 15:00:16.644288,1,nonstop; dep 2026-10-26 17:00; key=friend2
2795,BLR,BOM,2026-10-26,45,IndiGo,6E 5205,Economy,6877.0,INR,,,,,AVAILABLE,,serpapi_google_flights,,2026-09-11 15:00:16.644288,1,nonstop; dep 2026-10-26 03:20; key=friend2
2796,BLR,BOM,2026-10-26,45,Akasa Air,QP 1331,Economy,7082.0,INR,,,,,AVAILABLE,,serpapi_google_flights,,2026-09-11 15:00:16.644288,1,nonstop; dep 2026-10-26 06:00; key=friend2
2797,BLR,BOM,2026-10-26,45,IndiGo,6E 5082,Economy,6877.0,INR,,,,,AVAILABLE,,serpapi_google_flights,,2026-09-11 15:00:16.644288,1,nonstop; dep 2026-10-26 19:00; key=friend2
2798,BLR,BOM,2026-10-26,45,IndiGo,6E 5376,Economy,6877.0,INR,,,,,AVAILABLE,,serpapi_google_flights,,2026-09-11 15:00:16.644288,1,nonstop; dep 2026-10-26 20:15; key=friend2
2799,BLR,BOM,2026-10-26,45,IndiGo,6E 5094,Economy,6877.0,INR,,,,,AVAILABLE,,serpapi_google_flights,,2026-09-11 15:00:16.644288,1,nonstop; dep 2026-10-26 22:00; key=friend2
2800,BLR,BOM,2026-10-26,45,IndiGo,6E 6189,Economy,6877.0,INR,,,,,AVAILABLE,,serpapi_google_flights,,2026-09-11 15:00:16.644288,1,nonstop; dep 2026-10-26 23:30; key=friend2
2801,BLR,BOM,2026-10-26,45,SpiceJet,SG 115,Economy,6998.0,INR,,,,,AVAILABLE,,serpapi_google_flights,,2026-09-11 15:00:16.644288,1,nonstop; dep 2026-10-26 07:30; key=friend2
2802,BLR,BOM,2026-10-26,45,SpiceJet,SG 640,Economy,6998.0,INR,,,,,AVAILABLE,,serpapi_google_flights,,2026-09-11 15:00:16.644288,1,nonstop; dep 2026-10-26 08:30; key=friend2
2803,BLR,BOM,2026-10-26,45,SpiceJet,SG 269,Economy,6998.0,INR,,,,,AVAILABLE,,serpapi_google_flights,,2026-09-11 15:00:16.644288,1,nonstop; dep 2026-10-26 21:05; key=friend2
2804,BLR,BOM,2026-10-26,45,Air India,AI 2642,Economy,7037.0,INR,,,,,AVAILABLE,,serpapi_google_flights,,2026-09-11 15:00:16.644288,1,nonstop; dep 2026-10-26 21:45; key=friend2
2805,BLR,BOM,2026-10-26,45,Air India,AI 2850,Economy,7152.0,INR,,,,,AVAILABLE,,serpapi_google_flights,,2026-09-11 15:00:16.644288,1,nonstop; dep 2026-10-26 20:15; key=friend2
2806,BLR,BOM,2026-10-26,45,IndiGo,6E 5216,Economy,7192.0,INR,,,,,AVAILABLE,,serpapi_google_flights,,2026-09-11 15:00:16.644288,1,nonstop; dep 2026-10-26 07:00; key=friend2
2807,BLR,BOM,2026-10-26,45,IndiGo,6E 5218,Economy,7192.0,INR,,,,,AVAILABLE,,serpapi_google_flights,,2026-09-11 15:00:16.644288,1,nonstop; dep 2026-10-26 13:40; key=friend2
2808,BLR,BOM,2026-10-26,45,IndiGo,6E 5351,Economy,7192.0,INR,,,,,AVAILABLE,,serpapi_google_flights,,2026-09-11 15:00:16.644288,1,nonstop; dep 2026-10-26 15:00; key=friend2
2809,BLR,BOM,2026-10-26,45,Air India,AI 2610,Economy,7262.0,INR,,,,,AVAILABLE,,serpapi_google_flights,,2026-09-11 15:00:16.644288,1,nonstop; dep 2026-10-26 19:00; key=friend2
2810,BLR,BOM,2026-10-26,45,Akasa Air,QP 1335,Economy,7352.0,INR,,,,,AVAILABLE,,serpapi_google_flights,,2026-09-11 15:00:16.644288,1,nonstop; dep 2026-10-26 05:10; key=friend2
2811,BLR,BOM,2026-10-26,45,Air India,AI 2622,Economy,7352.0,INR,,,,,AVAILABLE,,serpapi_google_flights,,2026-09-11 15:00:16.644288,1,nonstop; dep 2026-10-26 16:30; key=friend2
2812,BLR,BOM,2026-10-26,45,IndiGo,6E 6334,Economy,7507.0,INR,,,,,AVAILABLE,,serpapi_google_flights,,2026-09-11 15:00:16.644288,1,nonstop; dep 2026-10-26 01:00; key=friend2
2813,BLR,BOM,2026-10-26,45,IndiGo,6E 5051,Economy,7507.0,INR,,,,,AVAILABLE,,serpapi_google_flights,,2026-09-11 15:00:16.644288,1,nonstop; dep 2026-10-26 08:30; key=friend2
2814,BLR,BOM,2026-10-26,45,IndiGo,6E 5069,Economy,7507.0,INR,,,,,AVAILABLE,,serpapi_google_flights,,2026-09-11 15:00:16.644288,1,nonstop; dep 2026-10-26 12:15; key=friend2
2815,BLR,BOM,2026-10-26,45,IndiGo,6E 5031,Economy,7507.0,INR,,,,,AVAILABLE,,serpapi_google_flights,,2026-09-11 15:00:16.644288,1,nonstop; dep 2026-10-26 16:15; key=friend2
2816,BLR,BOM,2026-10-26,45,IndiGo,6E 5255,Economy,7507.0,INR,,,,,AVAILABLE,,serpapi_google_flights,,2026-09-11 15:00:16.644288,1,nonstop; dep 2026-10-26 17:35; key=friend2
2817,BLR,BOM,2026-10-26,45,Air India,AI 2854,Economy,7593.0,INR,,,,,AVAILABLE,,serpapi_google_flights,,2026-09-11 15:00:16.644288,1,nonstop; dep 2026-10-26 15:30; key=friend2
2818,BLR,BOM,2026-10-26,45,Akasa Air,QP 1134,Economy,7637.0,INR,,,,,AVAILABLE,,serpapi_google_flights,,2026-09-11 15:00:16.644288,1,nonstop; dep 2026-10-26 21:45; key=friend2
2819,BLR,BOM,2026-10-26,45,Air India,AI 2846,Economy,7714.0,INR,,,,,AVAILABLE,,serpapi_google_flights,,2026-09-11 15:00:16.644288,1,nonstop; dep 2026-10-26 08:30; key=friend2
2820,BLR,BOM,2026-10-26,45,Air India,AI 2624,Economy,7714.0,INR,,,,,AVAILABLE,,serpapi_google_flights,,2026-09-11 15:00:16.644288,1,nonstop; dep 2026-10-26 13:30; key=friend2
2821,BLR,BOM,2026-10-26,45,IndiGo,6E 5256,Economy,7927.0,INR,,,,,AVAILABLE,,serpapi_google_flights,,2026-09-11 15:00:16.644288,1,nonstop; dep 2026-10-26 09:55; key=friend2
2822,BLR,BOM,2026-10-26,45,Air India,AI 2604,Economy,7971.0,INR,,,,,AVAILABLE,,serpapi_google_flights,,2026-09-11 15:00:16.644288,1,nonstop; dep 2026-10-26 09:00; key=friend2
2823,BLR,BOM,2026-10-26,45,Air India,AI 2483,Economy,8160.0,INR,,,,,AVAILABLE,,serpapi_google_flights,,2026-09-11 15:00:16.644288,1,nonstop; dep 2026-10-26 14:45; key=friend2
2824,BLR,BOM,2026-10-26,45,IndiGo,6E 5089,Economy,8347.0,INR,,,,,AVAILABLE,,serpapi_google_flights,,2026-09-11 15:00:16.644288,1,nonstop; dep 2026-10-26 04:45; key=friend2
2825,BLR,BOM,2026-10-26,45,Air India,AI 2811,Economy,8937.0,INR,,,,,AVAILABLE,,serpapi_google_flights,,2026-09-11 15:00:16.644288,1,nonstop; dep 2026-10-26 05:05; key=friend2
2826,BLR,BOM,2026-10-26,45,Air India,AI 2402,Economy,9389.0,INR,,,,,AVAILABLE,,serpapi_google_flights,,2026-09-11 15:00:16.644288,1,nonstop; dep 2026-10-26 07:15; key=friend2
2827,BLR,BOM,2026-10-26,45,Air India,AI 2852,Economy,10796.0,INR,,,,,AVAILABLE,,serpapi_google_flights,,2026-09-11 15:00:16.644288,1,nonstop; dep 2026-10-26 10:20; key=friend2
2828,DEL,HYD,2026-09-12,1,Air India,AI 1706,Economy,8711.0,INR,,,,,AVAILABLE,,serpapi_google_flights,,2026-09-11 15:00:19.945572,1,nonstop; dep 2026-09-12 23:00; key=friend3
2829,DEL,HYD,2026-09-12,1,Akasa Air,QP 1406,Economy,8735.0,INR,,,,,AVAILABLE,,serpapi_google_flights,,2026-09-11 15:00:19.945572,1,nonstop; dep 2026-09-12 14:10; key=friend3
2830,DEL,HYD,2026-09-12,1,IndiGo,6E 203,Economy,8825.0,INR,,,,,AVAILABLE,,serpapi_google_flights,,2026-09-11 15:00:19.945572,1,nonstop; dep 2026-09-12 07:10; key=friend3
2831,DEL,HYD,2026-09-12,1,Air India,AI 2577,Economy,8711.0,INR,,,,,AVAILABLE,,serpapi_google_flights,,2026-09-11 15:00:19.945572,1,nonstop; dep 2026-09-12 02:00; key=friend3
2832,DEL,HYD,2026-09-12,1,Air India,AI 1793,Economy,8711.0,INR,,,,,AVAILABLE,,serpapi_google_flights,,2026-09-11 15:00:19.945572,1,nonstop; dep 2026-09-12 06:00; key=friend3
2833,DEL,HYD,2026-09-12,1,Air India,AI 2449,Economy,8711.0,INR,,,,,AVAILABLE,,serpapi_google_flights,,2026-09-11 15:00:19.945572,1,nonstop; dep 2026-09-12 22:00; key=friend3
2834,DEL,HYD,2026-09-12,1,Akasa Air,QP 1409,Economy,8735.0,INR,,,,,AVAILABLE,,serpapi_google_flights,,2026-09-11 15:00:19.945572,1,nonstop; dep 2026-09-12 20:40; key=friend3
2835,DEL,HYD,2026-09-12,1,IndiGo,6E 704,Economy,8825.0,INR,,,,,AVAILABLE,,serpapi_google_flights,,2026-09-11 15:00:19.945572,1,nonstop; dep 2026-09-12 02:25; key=friend3
2836,DEL,HYD,2026-09-12,1,IndiGo,6E 705,Economy,8825.0,INR,,,,,AVAILABLE,,serpapi_google_flights,,2026-09-11 15:00:19.945572,1,nonstop; dep 2026-09-12 08:30; key=friend3
2837,DEL,HYD,2026-09-12,1,IndiGo,6E 6293,Economy,8825.0,INR,,,,,AVAILABLE,,serpapi_google_flights,,2026-09-11 15:00:19.945572,1,nonstop; dep 2026-09-12 09:55; key=friend3
2838,DEL,HYD,2026-09-12,1,IndiGo,6E 884,Economy,8825.0,INR,,,,,AVAILABLE,,serpapi_google_flights,,2026-09-11 15:00:19.945572,1,nonstop; dep 2026-09-12 11:45; key=friend3
2839,DEL,HYD,2026-09-12,1,IndiGo,6E 6282,Economy,8825.0,INR,,,,,AVAILABLE,,serpapi_google_flights,,2026-09-11 15:00:19.945572,1,nonstop; dep 2026-09-12 13:30; key=friend3
2840,DEL,HYD,2026-09-12,1,IndiGo,6E 6217,Economy,8825.0,INR,,,,,AVAILABLE,,serpapi_google_flights,,2026-09-11 15:00:19.945572,1,nonstop; dep 2026-09-12 16:15; key=friend3
2841,DEL,HYD,2026-09-12,1,IndiGo,6E 717,Economy,8825.0,INR,,,,,AVAILABLE,,serpapi_google_flights,,2026-09-11 15:00:19.945572,1,nonstop; dep 2026-09-12 17:55; key=friend3
2842,DEL,HYD,2026-09-12,1,IndiGo,6E 6601,Economy,8825.0,INR,,,,,AVAILABLE,,serpapi_google_flights,,2026-09-11 15:00:19.945572,1,nonstop; dep 2026-09-12 19:45; key=friend3
2843,DEL,HYD,2026-09-12,1,IndiGo,6E 382,Economy,8825.0,INR,,,,,AVAILABLE,,serpapi_google_flights,,2026-09-11 15:00:19.945572,1,nonstop; dep 2026-09-12 21:00; key=friend3
2844,DEL,HYD,2026-09-12,1,IndiGo,6E 882,Economy,8825.0,INR,,,,,AVAILABLE,,serpapi_google_flights,,2026-09-11 15:00:19.945572,1,nonstop; dep 2026-09-12 23:15; key=friend3
2845,DEL,HYD,2026-09-12,1,Air India,AI 2542,Economy,8984.0,INR,,,,,AVAILABLE,,serpapi_google_flights,,2026-09-11 15:00:19.945572,1,nonstop; dep 2026-09-12 09:40; key=friend3
2846,DEL,HYD,2026-09-12,1,Air India,AI 2859,Economy,8984.0,INR,,,,,AVAILABLE,,serpapi_google_flights,,2026-09-11 15:00:19.945572,1,nonstop; dep 2026-09-12 10:30; key=friend3
2847,DEL,HYD,2026-09-12,1,Air India,AI 2899,Economy,8984.0,INR,,,,,AVAILABLE,,serpapi_google_flights,,2026-09-11 15:00:19.945572,1,nonstop; dep 2026-09-12 12:30; key=friend3
2848,DEL,HYD,2026-09-12,1,Air India,AI 2465,Economy,8984.0,INR,,,,,AVAILABLE,,serpapi_google_flights,,2026-09-11 15:00:19.945572,1,nonstop; dep 2026-09-12 14:30; key=friend3
2849,DEL,HYD,2026-09-12,1,Air India,AI 2519,Economy,8984.0,INR,,,,,AVAILABLE,,serpapi_google_flights,,2026-09-11 15:00:19.945572,1,nonstop; dep 2026-09-12 15:30; key=friend3
2850,DEL,HYD,2026-09-12,1,Air India,AI 2879,Economy,8984.0,INR,,,,,AVAILABLE,,serpapi_google_flights,,2026-09-11 15:00:19.945572,1,nonstop; dep 2026-09-12 18:00; key=friend3
2851,DEL,HYD,2026-09-12,1,Air India,AI 1708,Economy,8984.0,INR,,,,,AVAILABLE,,serpapi_google_flights,,2026-09-11 15:00:19.945572,1,nonstop; dep 2026-09-12 19:30; key=friend3
2852,DEL,HYD,2026-09-12,1,Air India,AI 2871,Economy,8984.0,INR,,,,,AVAILABLE,,serpapi_google_flights,,2026-09-11 15:00:19.945572,1,nonstop; dep 2026-09-12 20:30; key=friend3
2853,DEL,HYD,2026-09-18,7,Air India,AI 2577,Economy,8711.0,INR,,,,,AVAILABLE,,serpapi_google_flights,,2026-09-11 15:00:28.861890,1,nonstop; dep 2026-09-18 02:00; key=friend2
2854,DEL,HYD,2026-09-18,7,Akasa Air,QP 1406,Economy,8735.0,INR,,,,,AVAILABLE,,serpapi_google_flights,,2026-09-11 15:00:28.861890,1,nonstop; dep 2026-09-18 14:10; key=friend2
2855,DEL,HYD,2026-09-18,7,IndiGo,6E 884,Economy,8825.0,INR,,,,,AVAILABLE,,serpapi_google_flights,,2026-09-11 15:00:28.861890,1,nonstop; dep 2026-09-18 11:45; key=friend2
2856,DEL,HYD,2026-09-18,7,IndiGo,6E 6282,Economy,8825.0,INR,,,,,AVAILABLE,,serpapi_google_flights,,2026-09-11 15:00:28.861890,1,nonstop; dep 2026-09-18 13:30; key=friend2
2857,DEL,HYD,2026-09-18,7,IndiGo,6E 6212,Economy,8825.0,INR,,,,,AVAILABLE,,serpapi_google_flights,,2026-09-11 15:00:28.861890,1,nonstop; dep 2026-09-18 14:45; key=friend2
2858,DEL,HYD,2026-09-18,7,IndiGo,6E 6217,Economy,8825.0,INR,,,,,AVAILABLE,,serpapi_google_flights,,2026-09-11 15:00:28.861890,1,nonstop; dep 2026-09-18 16:15; key=friend2
2859,DEL,HYD,2026-09-18,7,IndiGo,6E 717,Economy,8825.0,INR,,,,,AVAILABLE,,serpapi_google_flights,,2026-09-11 15:00:28.861890,1,nonstop; dep 2026-09-18 17:55; key=friend2
2860,DEL,HYD,2026-09-18,7,Air India,AI 2899,Economy,8984.0,INR,,,,,AVAILABLE,,serpapi_google_flights,,2026-09-11 15:00:28.861890,1,nonstop; dep 2026-09-18 12:30; key=friend2
2861,DEL,HYD,2026-09-18,7,Air India,AI 2465,Economy,8984.0,INR,,,,,AVAILABLE,,serpapi_google_flights,,2026-09-11 15:00:28.861890,1,nonstop; dep 2026-09-18 14:30; key=friend2
2862,DEL,HYD,2026-09-18,7,Air India,AI 2519,Economy,8984.0,INR,,,,,AVAILABLE,,serpapi_google_flights,,2026-09-11 15:00:28.861890,1,nonstop; dep 2026-09-18 15:30; key=friend2
2863,DEL,HYD,2026-09-18,7,Air India,AI 2879,Economy,8984.0,INR,,,,,AVAILABLE,,serpapi_google_flights,,2026-09-11 15:00:28.861890,1,nonstop; dep 2026-09-18 18:00; key=friend2
2864,DEL,HYD,2026-09-18,7,IndiGo,6E 882,Economy,9301.0,INR,,,,,AVAILABLE,,serpapi_google_flights,,2026-09-11 15:00:28.861890,1,nonstop; dep 2026-09-18 23:15; key=friend2
2865,DEL,HYD,2026-09-18,7,Air India,AI 2449,Economy,9803.0,INR,,,,,AVAILABLE,,serpapi_google_flights,,2026-09-11 15:00:28.861890,1,nonstop; dep 2026-09-18 22:00; key=friend2
2866,DEL,HYD,2026-09-18,7,IndiGo,6E 6293,Economy,9807.0,INR,,,,,AVAILABLE,,serpapi_google_flights,,2026-09-11 15:00:28.861890,1,nonstop; dep 2026-09-18 09:55; key=friend2
2867,DEL,HYD,2026-09-18,7,IndiGo,6E 382,Economy,9807.0,INR,,,,,AVAILABLE,,serpapi_google_flights,,2026-09-11 15:00:28.861890,1,nonstop; dep 2026-09-18 21:00; key=friend2
2868,DEL,HYD,2026-09-18,7,Air India,AI 2871,Economy,9966.0,INR,,,,,AVAILABLE,,serpapi_google_flights,,2026-09-11 15:00:28.861890,1,nonstop; dep 2026-09-18 20:30; key=friend2
2869,DEL,HYD,2026-09-18,7,IndiGo,6E 6601,Economy,10346.0,INR,,,,,AVAILABLE,,serpapi_google_flights,,2026-09-11 15:00:28.861890,1,nonstop; dep 2026-09-18 19:45; key=friend2
2870,DEL,HYD,2026-09-18,7,Air India,AI 2542,Economy,10502.0,INR,,,,,AVAILABLE,,serpapi_google_flights,,2026-09-11 15:00:28.861890,1,nonstop; dep 2026-09-18 09:40; key=friend2
2871,DEL,HYD,2026-09-18,7,Air India,AI 2859,Economy,10502.0,INR,,,,,AVAILABLE,,serpapi_google_flights,,2026-09-11 15:00:28.861890,1,nonstop; dep 2026-09-18 10:30; key=friend2
2872,DEL,HYD,2026-09-18,7,Akasa Air,QP 1409,Economy,10586.0,INR,,,,,AVAILABLE,,serpapi_google_flights,,2026-09-11 15:00:28.861890,1,nonstop; dep 2026-09-18 20:40; key=friend2
2873,DEL,HYD,2026-09-18,7,Air India,AI 1708,Economy,10685.0,INR,,,,,AVAILABLE,,serpapi_google_flights,,2026-09-11 15:00:28.861890,1,nonstop; dep 2026-09-18 19:30; key=friend2
2874,DEL,HYD,2026-09-18,7,IndiGo,6E 203,Economy,10917.0,INR,,,,,AVAILABLE,,serpapi_google_flights,,2026-09-11 15:00:28.861890,1,nonstop; dep 2026-09-18 07:10; key=friend2
2875,DEL,HYD,2026-09-18,7,IndiGo,6E 705,Economy,10917.0,INR,,,,,AVAILABLE,,serpapi_google_flights,,2026-09-11 15:00:28.861890,1,nonstop; dep 2026-09-18 08:30; key=friend2
2876,DEL,HYD,2026-09-18,7,Air India,AI 1793,Economy,11268.0,INR,,,,,AVAILABLE,,serpapi_google_flights,,2026-09-11 15:00:28.861890,1,nonstop; dep 2026-09-18 06:00; key=friend2
2877,DEL,HYD,2026-09-18,7,Air India,AI 1706,Economy,13016.0,INR,,,,,AVAILABLE,,serpapi_google_flights,,2026-09-11 15:00:28.861890,1,nonstop; dep 2026-09-18 23:00; key=friend2
2878,DEL,HYD,2026-09-26,15,Air India,AI 1706,Economy,8711.0,INR,,,,,AVAILABLE,,serpapi_google_flights,,2026-09-11 15:00:31.878628,1,nonstop; dep 2026-09-26 23:00; key=friend3
2879,DEL,HYD,2026-09-26,15,IndiGo,6E 882,Economy,8825.0,INR,,,,,AVAILABLE,,serpapi_google_flights,,2026-09-11 15:00:31.878628,1,nonstop; dep 2026-09-26 23:15; key=friend3
2880,DEL,HYD,2026-09-26,15,Akasa Air,QP 1409,Economy,9042.0,INR,,,,,AVAILABLE,,serpapi_google_flights,,2026-09-11 15:00:31.878628,1,nonstop; dep 2026-09-26 20:40; key=friend3
2881,DEL,HYD,2026-09-26,15,Air India,AI 2577,Economy,8711.0,INR,,,,,AVAILABLE,,serpapi_google_flights,,2026-09-11 15:00:31.878628,1,nonstop; dep 2026-09-26 02:00; key=friend3
2882,DEL,HYD,2026-09-26,15,Air India,AI 2449,Economy,8711.0,INR,,,,,AVAILABLE,,serpapi_google_flights,,2026-09-11 15:00:31.878628,1,nonstop; dep 2026-09-26 22:00; key=friend3
2883,DEL,HYD,2026-09-26,15,IndiGo,6E 704,Economy,8825.0,INR,,,,,AVAILABLE,,serpapi_google_flights,,2026-09-11 15:00:31.878628,1,nonstop; dep 2026-09-26 02:25; key=friend3
2884,DEL,HYD,2026-09-26,15,IndiGo,6E 705,Economy,8825.0,INR,,,,,AVAILABLE,,serpapi_google_flights,,2026-09-11 15:00:31.878628,1,nonstop; dep 2026-09-26 08:30; key=friend3
2885,DEL,HYD,2026-09-26,15,IndiGo,6E 717,Economy,8825.0,INR,,,,,AVAILABLE,,serpapi_google_flights,,2026-09-11 15:00:31.878628,1,nonstop; dep 2026-09-26 17:55; key=friend3
2886,DEL,HYD,2026-09-26,15,IndiGo,6E 6601,Economy,8825.0,INR,,,,,AVAILABLE,,serpapi_google_flights,,2026-09-11 15:00:31.878628,1,nonstop; dep 2026-09-26 19:45; key=friend3
2887,DEL,HYD,2026-09-26,15,IndiGo,6E 382,Economy,8825.0,INR,,,,,AVAILABLE,,serpapi_google_flights,,2026-09-11 15:00:31.878628,1,nonstop; dep 2026-09-26 21:00; key=friend3
2888,DEL,HYD,2026-09-26,15,Air India,AI 2465,Economy,8984.0,INR,,,,,AVAILABLE,,serpapi_google_flights,,2026-09-11 15:00:31.878628,1,nonstop; dep 2026-09-26 14:30; key=friend3
2889,DEL,HYD,2026-09-26,15,Air India,AI 2879,Economy,8984.0,INR,,,,,AVAILABLE,,serpapi_google_flights,,2026-09-11 15:00:31.878628,1,nonstop; dep 2026-09-26 18:00; key=friend3
2890,DEL,HYD,2026-09-26,15,Air India,AI 1708,Economy,8984.0,INR,,,,,AVAILABLE,,serpapi_google_flights,,2026-09-11 15:00:31.878628,1,nonstop; dep 2026-09-26 19:30; key=friend3
2891,DEL,HYD,2026-09-26,15,Air India,AI 2871,Economy,8984.0,INR,,,,,AVAILABLE,,serpapi_google_flights,,2026-09-11 15:00:31.878628,1,nonstop; dep 2026-09-26 20:30; key=friend3
2892,DEL,HYD,2026-09-26,15,Akasa Air,QP 1406,Economy,9200.0,INR,,,,,AVAILABLE,,serpapi_google_flights,,2026-09-11 15:00:31.878628,1,nonstop; dep 2026-09-26 14:10; key=friend3
2893,DEL,HYD,2026-09-26,15,IndiGo,6E 6293,Economy,9301.0,INR,,,,,AVAILABLE,,serpapi_google_flights,,2026-09-11 15:00:31.878628,1,nonstop; dep 2026-09-26 09:55; key=friend3
2894,DEL,HYD,2026-09-26,15,IndiGo,6E 6217,Economy,9301.0,INR,,,,,AVAILABLE,,serpapi_google_flights,,2026-09-11 15:00:31.878628,1,nonstop; dep 2026-09-26 16:15; key=friend3
2895,DEL,HYD,2026-09-26,15,Air India,AI 2542,Economy,9457.0,INR,,,,,AVAILABLE,,serpapi_google_flights,,2026-09-11 15:00:31.878628,1,nonstop; dep 2026-09-26 09:40; key=friend3
2896,DEL,HYD,2026-09-26,15,Air India,AI 2859,Economy,9457.0,INR,,,,,AVAILABLE,,serpapi_google_flights,,2026-09-11 15:00:31.878628,1,nonstop; dep 2026-09-26 10:30; key=friend3
2897,DEL,HYD,2026-09-26,15,Air India,AI 2519,Economy,9698.0,INR,,,,,AVAILABLE,,serpapi_google_flights,,2026-09-11 15:00:31.878628,1,nonstop; dep 2026-09-26 15:30; key=friend3
2898,DEL,HYD,2026-09-26,15,IndiGo,6E 884,Economy,9807.0,INR,,,,,AVAILABLE,,serpapi_google_flights,,2026-09-11 15:00:31.878628,1,nonstop; dep 2026-09-26 11:45; key=friend3
2899,DEL,HYD,2026-09-26,15,IndiGo,6E 6282,Economy,9807.0,INR,,,,,AVAILABLE,,serpapi_google_flights,,2026-09-11 15:00:31.878628,1,nonstop; dep 2026-09-26 13:30; key=friend3
2900,DEL,HYD,2026-09-26,15,Air India,AI 2899,Economy,9966.0,INR,,,,,AVAILABLE,,serpapi_google_flights,,2026-09-11 15:00:31.878628,1,nonstop; dep 2026-09-26 12:30; key=friend3
2901,DEL,HYD,2026-09-26,15,IndiGo,6E 203,Economy,10346.0,INR,,,,,AVAILABLE,,serpapi_google_flights,,2026-09-11 15:00:31.878628,1,nonstop; dep 2026-09-26 07:10; key=friend3
2902,DEL,HYD,2026-09-26,15,Air India,AI 1793,Economy,10922.0,INR,,,,,AVAILABLE,,serpapi_google_flights,,2026-09-11 15:00:31.878628,1,nonstop; dep 2026-09-26 06:00; key=friend3
2903,DEL,HYD,2026-10-11,30,IndiGo,6E 6601,Economy,8828.0,INR,,,,,AVAILABLE,,serpapi_google_flights,,2026-09-11 15:00:35.647537,1,nonstop; dep 2026-10-11 19:45; key=friend2
2904,DEL,HYD,2026-10-11,30,IndiGo,6E 382,Economy,8828.0,INR,,,,,AVAILABLE,,serpapi_google_flights,,2026-09-11 15:00:35.647537,1,nonstop; dep 2026-10-11 21:00; key=friend2
2905,DEL,HYD,2026-10-11,30,IndiGo,6E 882,Economy,8828.0,INR,,,,,AVAILABLE,,serpapi_google_flights,,2026-09-11 15:00:35.647537,1,nonstop; dep 2026-10-11 23:15; key=friend2
2906,DEL,HYD,2026-10-11,30,Air India,AI 1708,Economy,9131.0,INR,,,,,AVAILABLE,,serpapi_google_flights,,2026-09-11 15:00:35.647537,1,nonstop; dep 2026-10-11 19:30; key=friend2
2907,DEL,HYD,2026-10-11,30,Akasa Air,QP 1409,Economy,9200.0,INR,,,,,AVAILABLE,,serpapi_google_flights,,2026-09-11 15:00:35.647537,1,nonstop; dep 2026-10-11 20:40; key=friend2
2908,DEL,HYD,2026-10-11,30,IndiGo,6E 704,Economy,8828.0,INR,,,,,AVAILABLE,,serpapi_google_flights,,2026-09-11 15:00:35.647537,1,nonstop; dep 2026-10-11 02:25; key=friend2
2909,DEL,HYD,2026-10-11,30,IndiGo,6E 6026,Economy,8828.0,INR,,,,,AVAILABLE,,serpapi_google_flights,,2026-09-11 15:00:35.647537,1,nonstop; dep 2026-10-11 05:30; key=friend2
2910,DEL,HYD,2026-10-11,30,IndiGo,6E 203,Economy,8828.0,INR,,,,,AVAILABLE,,serpapi_google_flights,,2026-09-11 15:00:35.647537,1,nonstop; dep 2026-10-11 07:10; key=friend2
2911,DEL,HYD,2026-10-11,30,IndiGo,6E 705,Economy,8828.0,INR,,,,,AVAILABLE,,serpapi_google_flights,,2026-09-11 15:00:35.647537,1,nonstop; dep 2026-10-11 08:30; key=friend2
2912,DEL,HYD,2026-10-11,30,IndiGo,6E 6293,Economy,8828.0,INR,,,,,AVAILABLE,,serpapi_google_flights,,2026-09-11 15:00:35.647537,1,nonstop; dep 2026-10-11 09:55; key=friend2
2913,DEL,HYD,2026-10-11,30,Air India,AI 2577,Economy,8984.0,INR,,,,,AVAILABLE,,serpapi_google_flights,,2026-09-11 15:00:35.647537,1,nonstop; dep 2026-10-11 02:00; key=friend2
2914,DEL,HYD,2026-10-11,30,Air India,AI 2560,Economy,8984.0,INR,,,,,AVAILABLE,,serpapi_google_flights,,2026-09-11 15:00:35.647537,1,nonstop; dep 2026-10-11 07:00; key=friend2
2915,DEL,HYD,2026-10-11,30,Air India,AI 2449,Economy,8984.0,INR,,,,,AVAILABLE,,serpapi_google_flights,,2026-09-11 15:00:35.647537,1,nonstop; dep 2026-10-11 22:00; key=friend2
2916,DEL,HYD,2026-10-11,30,Air India,AI 1793,Economy,9131.0,INR,,,,,AVAILABLE,,serpapi_google_flights,,2026-09-11 15:00:35.647537,1,nonstop; dep 2026-10-11 06:00; key=friend2
2917,DEL,HYD,2026-10-11,30,Air India,AI 2859,Economy,9210.0,INR,,,,,AVAILABLE,,serpapi_google_flights,,2026-09-11 15:00:35.647537,1,nonstop; dep 2026-10-11 10:30; key=friend2
2918,DEL,HYD,2026-10-11,30,Air India,AI 2871,Economy,9210.0,INR,,,,,AVAILABLE,,serpapi_google_flights,,2026-09-11 15:00:35.647537,1,nonstop; dep 2026-10-11 20:30; key=friend2
2919,DEL,HYD,2026-10-11,30,IndiGo,6E 6212,Economy,9303.0,INR,,,,,AVAILABLE,,serpapi_google_flights,,2026-09-11 15:00:35.647537,1,nonstop; dep 2026-10-11 14:45; key=friend2
2920,DEL,HYD,2026-10-11,30,IndiGo,6E 717,Economy,9303.0,INR,,,,,AVAILABLE,,serpapi_google_flights,,2026-09-11 15:00:35.647537,1,nonstop; dep 2026-10-11 17:55; key=friend2
2921,DEL,HYD,2026-10-11,30,Air India,AI 2542,Economy,9362.0,INR,,,,,AVAILABLE,,serpapi_google_flights,,2026-09-11 15:00:35.647537,1,nonstop; dep 2026-10-11 09:40; key=friend2
2922,DEL,HYD,2026-10-11,30,Akasa Air,QP 1406,Economy,9695.0,INR,,,,,AVAILABLE,,serpapi_google_flights,,2026-09-11 15:00:35.647537,1,nonstop; dep 2026-10-11 14:10; key=friend2
2923,DEL,HYD,2026-10-11,30,Air India,AI 2879,Economy,9698.0,INR,,,,,AVAILABLE,,serpapi_google_flights,,2026-09-11 15:00:35.647537,1,nonstop; dep 2026-10-11 18:00; key=friend2
2924,DEL,HYD,2026-10-11,30,IndiGo,6E 884,Economy,9809.0,INR,,,,,AVAILABLE,,serpapi_google_flights,,2026-09-11 15:00:35.647537,1,nonstop; dep 2026-10-11 11:45; key=friend2
2925,DEL,HYD,2026-10-11,30,IndiGo,6E 6282,Economy,9809.0,INR,,,,,AVAILABLE,,serpapi_google_flights,,2026-09-11 15:00:35.647537,1,nonstop; dep 2026-10-11 13:30; key=friend2
2926,DEL,HYD,2026-10-11,30,IndiGo,6E 6217,Economy,9809.0,INR,,,,,AVAILABLE,,serpapi_google_flights,,2026-09-11 15:00:35.647537,1,nonstop; dep 2026-10-11 16:15; key=friend2
2927,DEL,HYD,2026-10-11,30,Air India,AI 2899,Economy,10223.0,INR,,,,,AVAILABLE,,serpapi_google_flights,,2026-09-11 15:00:35.647537,1,nonstop; dep 2026-10-11 12:30; key=friend2
2928,DEL,HYD,2026-10-11,30,Air India,AI 2519,Economy,10223.0,INR,,,,,AVAILABLE,,serpapi_google_flights,,2026-09-11 15:00:35.647537,1,nonstop; dep 2026-10-11 15:30; key=friend2
2929,DEL,HYD,2026-10-11,30,Air India,AI 2465,Economy,10565.0,INR,,,,,AVAILABLE,,serpapi_google_flights,,2026-09-11 15:00:35.647537,1,nonstop; dep 2026-10-11 14:30; key=friend2
2930,DEL,HYD,2026-10-26,45,IndiGo,6E 2303,Economy,9303.0,INR,,,,,AVAILABLE,,serpapi_google_flights,,2026-09-11 15:00:47.355506,1,nonstop; dep 2026-10-26 05:15; key=friend3
2931,DEL,HYD,2026-10-26,45,Air India,AI 1706,Economy,9966.0,INR,,,,,AVAILABLE,,serpapi_google_flights,,2026-09-11 15:00:47.355506,1,nonstop; dep 2026-10-26 23:00; key=friend3
2932,DEL,HYD,2026-10-26,45,Akasa Air,QP 1206,Economy,10040.0,INR,,,,,AVAILABLE,,serpapi_google_flights,,2026-09-11 15:00:47.355506,1,nonstop; dep 2026-10-26 20:35; key=friend3
2933,DEL,HYD,2026-10-26,45,IndiGo,6E 704,Economy,9303.0,INR,,,,,AVAILABLE,,serpapi_google_flights,,2026-09-11 15:00:47.355506,1,nonstop; dep 2026-10-26 02:25; key=friend3
2934,DEL,HYD,2026-10-26,45,IndiGo,6E 717,Economy,9303.0,INR,,,,,AVAILABLE,,serpapi_google_flights,,2026-09-11 15:00:47.355506,1,nonstop; dep 2026-10-26 18:15; key=friend3
2935,DEL,HYD,2026-10-26,45,IndiGo,6E 203,Economy,9809.0,INR,,,,,AVAILABLE,,serpapi_google_flights,,2026-09-11 15:00:47.355506,1,nonstop; dep 2026-10-26 06:30; key=friend3
2936,DEL,HYD,2026-10-26,45,IndiGo,6E 5058,Economy,9809.0,INR,,,,,AVAILABLE,,serpapi_google_flights,,2026-09-11 15:00:47.355506,1,nonstop; dep 2026-10-26 13:30; key=friend3
2937,DEL,HYD,2026-10-26,45,IndiGo,6E 6601,Economy,9809.0,INR,,,,,AVAILABLE,,serpapi_google_flights,,2026-09-11 15:00:47.355506,1,nonstop; dep 2026-10-26 19:45; key=friend3
2938,DEL,HYD,2026-10-26,45,IndiGo,6E 719,Economy,9809.0,INR,,,,,AVAILABLE,,serpapi_google_flights,,2026-09-11 15:00:47.355506,1,nonstop; dep 2026-10-26 22:30; key=friend3
2939,DEL,HYD,2026-10-26,45,Air India,AI 2879,Economy,9966.0,INR,,,,,AVAILABLE,,serpapi_google_flights,,2026-09-11 15:00:47.355506,1,nonstop; dep 2026-10-26 18:00; key=friend3
2940,DEL,HYD,2026-10-26,45,Air India,AI 2549,Economy,9966.0,INR,,,,,AVAILABLE,,serpapi_google_flights,,2026-09-11 15:00:47.355506,1,nonstop; dep 2026-10-26 19:30; key=friend3
2941,DEL,HYD,2026-10-26,45,Air India,AI 2449,Economy,9966.0,INR,,,,,AVAILABLE,,serpapi_google_flights,,2026-09-11 15:00:47.355506,1,nonstop; dep 2026-10-26 22:00; key=friend3
2942,DEL,HYD,2026-10-26,45,IndiGo,6E 705,Economy,10348.0,INR,,,,,AVAILABLE,,serpapi_google_flights,,2026-09-11 15:00:47.355506,1,nonstop; dep 2026-10-26 08:30; key=friend3
2943,DEL,HYD,2026-10-26,45,IndiGo,6E 884,Economy,10348.0,INR,,,,,AVAILABLE,,serpapi_google_flights,,2026-09-11 15:00:47.355506,1,nonstop; dep 2026-10-26 11:45; key=friend3
2944,DEL,HYD,2026-10-26,45,IndiGo,6E 6212,Economy,10348.0,INR,,,,,AVAILABLE,,serpapi_google_flights,,2026-09-11 15:00:47.355506,1,nonstop; dep 2026-10-26 14:50; key=friend3
2945,DEL,HYD,2026-10-26,45,IndiGo,6E 6217,Economy,10348.0,INR,,,,,AVAILABLE,,serpapi_google_flights,,2026-09-11 15:00:47.355506,1,nonstop; dep 2026-10-26 16:15; key=friend3
2946,DEL,HYD,2026-10-26,45,IndiGo,6E 382,Economy,10348.0,INR,,,,,AVAILABLE,,serpapi_google_flights,,2026-09-11 15:00:47.355506,1,nonstop; dep 2026-10-26 21:00; key=friend3
2947,DEL,HYD,2026-10-26,45,Air India,AI 2560,Economy,10397.0,INR,,,,,AVAILABLE,,serpapi_google_flights,,2026-09-11 15:00:47.355506,1,nonstop; dep 2026-10-26 07:00; key=friend3
2948,DEL,HYD,2026-10-26,45,Air India,AI 2899,Economy,10502.0,INR,,,,,AVAILABLE,,serpapi_google_flights,,2026-09-11 15:00:47.355506,1,nonstop; dep 2026-10-26 12:30; key=friend3
2949,DEL,HYD,2026-10-26,45,Air India,AI 2519,Economy,10502.0,INR,,,,,AVAILABLE,,serpapi_google_flights,,2026-09-11 15:00:47.355506,1,nonstop; dep 2026-10-26 15:30; key=friend3
2950,DEL,HYD,2026-10-26,45,Air India,AI 2859,Economy,10775.0,INR,,,,,AVAILABLE,,serpapi_google_flights,,2026-09-11 15:00:47.355506,1,nonstop; dep 2026-10-26 11:00; key=friend3
2951,DEL,HYD,2026-10-26,45,Akasa Air,QP 1202,Economy,10776.0,INR,,,,,AVAILABLE,,serpapi_google_flights,,2026-09-11 15:00:47.355506,1,nonstop; dep 2026-10-26 14:10; key=friend3
2952,DEL,HYD,2026-10-26,45,Air India,AI 2465,Economy,10864.0,INR,,,,,AVAILABLE,,serpapi_google_flights,,2026-09-11 15:00:47.355506,1,nonstop; dep 2026-10-26 14:30; key=friend3
2953,DEL,HYD,2026-10-26,45,IndiGo,6E 6293,Economy,17995.0,INR,,,,,AVAILABLE,,serpapi_google_flights,,2026-09-11 15:00:47.355506,1,nonstop; dep 2026-10-26 10:00; key=friend3
2954,DEL,HYD,2026-10-26,45,Air India,AI 2542,Economy,18644.0,INR,,,,,AVAILABLE,,serpapi_google_flights,,2026-09-11 15:00:47.355506,1,nonstop; dep 2026-10-26 09:40; key=friend3
2955,DEL,PNQ,2026-09-12,1,Air India,AI 2609,Economy,6929.0,INR,,,,,AVAILABLE,,serpapi_google_flights,,2026-09-11 15:00:51.632879,1,nonstop; dep 2026-09-12 23:50; key=friend2
2956,DEL,PNQ,2026-09-12,1,SpiceJet,SG 939,Economy,6968.0,INR,,,,,AVAILABLE,,serpapi_google_flights,,2026-09-11 15:00:51.632879,1,nonstop; dep 2026-09-12 16:55; key=friend2
2957,DEL,PNQ,2026-09-12,1,Akasa Air,QP 1809,Economy,8402.0,INR,,,,,AVAILABLE,,serpapi_google_flights,,2026-09-11 15:00:51.632879,1,nonstop; dep 2026-09-12 18:10; key=friend2
2958,DEL,PNQ,2026-09-12,1,IndiGo,6E 2623,Economy,8841.0,INR,,,,,AVAILABLE,,serpapi_google_flights,,2026-09-11 15:00:51.632879,1,nonstop; dep 2026-09-12 18:15; key=friend2
2959,DEL,PNQ,2026-09-12,1,Air India,AI 2547,Economy,8163.0,INR,,,,,AVAILABLE,,serpapi_google_flights,,2026-09-11 15:00:51.632879,1,nonstop; dep 2026-09-12 17:40; key=friend2
2960,DEL,PNQ,2026-09-12,1,Air India,AI 1730,Economy,8163.0,INR,,,,,AVAILABLE,,serpapi_google_flights,,2026-09-11 15:00:51.632879,1,nonstop; dep 2026-09-12 19:10; key=friend2
2961,DEL,PNQ,2026-09-12,1,Air India,AI 2973,Economy,8163.0,INR,,,,,AVAILABLE,,serpapi_google_flights,,2026-09-11 15:00:51.632879,1,nonstop; dep 2026-09-12 20:50; key=friend2
2962,DEL,PNQ,2026-09-12,1,IndiGo,6E 2618,Economy,8211.0,INR,,,,,AVAILABLE,,serpapi_google_flights,,2026-09-11 15:00:51.632879,1,nonstop; dep 2026-09-12 23:00; key=friend2
2963,DEL,PNQ,2026-09-12,1,IndiGo,6E 6673,Economy,8841.0,INR,,,,,AVAILABLE,,serpapi_google_flights,,2026-09-11 15:00:51.632879,1,nonstop; dep 2026-09-12 21:15; key=friend2
2964,DEL,PNQ,2026-09-12,1,Air India Express,IX 1257,Economy,8942.0,INR,,,,,AVAILABLE,,serpapi_google_flights,,2026-09-11 15:00:51.632879,1,nonstop; dep 2026-09-12 22:25; key=friend2
2965,DEL,PNQ,2026-09-12,1,IndiGo,6E 6437,Economy,9576.0,INR,,,,,AVAILABLE,,serpapi_google_flights,,2026-09-11 15:00:51.632879,1,nonstop; dep 2026-09-12 16:25; key=friend2
2966,DEL,PNQ,2026-09-12,1,Akasa Air,QP 1608,Economy,9696.0,INR,,,,,AVAILABLE,,serpapi_google_flights,,2026-09-11 15:00:51.632879,1,nonstop; dep 2026-09-12 15:00; key=friend2
2967,DEL,PNQ,2026-09-12,1,Air India Express,IX 1230,Economy,9975.0,INR,,,,,AVAILABLE,,serpapi_google_flights,,2026-09-11 15:00:51.632879,1,nonstop; dep 2026-09-12 03:55; key=friend2
2968,DEL,PNQ,2026-09-12,1,IndiGo,6E 5322,Economy,10405.0,INR,,,,,AVAILABLE,,serpapi_google_flights,,2026-09-11 15:00:51.632879,1,nonstop; dep 2026-09-12 04:40; key=friend2
2969,DEL,PNQ,2026-09-12,1,Air India,AI 1797,Economy,10714.0,INR,,,,,AVAILABLE,,serpapi_google_flights,,2026-09-11 15:00:51.632879,1,nonstop; dep 2026-09-12 05:45; key=friend2
2970,DEL,PNQ,2026-09-12,1,Air India,AI 2971,Economy,10908.0,INR,,,,,AVAILABLE,,serpapi_google_flights,,2026-09-11 15:00:51.632879,1,nonstop; dep 2026-09-12 16:00; key=friend2
2971,DEL,PNQ,2026-09-12,1,IndiGo,6E 2262,Economy,11308.0,INR,,,,,AVAILABLE,,serpapi_google_flights,,2026-09-11 15:00:51.632879,1,nonstop; dep 2026-09-12 06:10; key=friend2
2972,DEL,PNQ,2026-09-12,1,IndiGo,6E 2343,Economy,13198.0,INR,,,,,AVAILABLE,,serpapi_google_flights,,2026-09-11 15:00:51.632879,1,nonstop; dep 2026-09-12 02:20; key=friend2
2973,DEL,PNQ,2026-09-12,1,Air India,AI 2711,Economy,19881.0,INR,,,,,AVAILABLE,,serpapi_google_flights,,2026-09-11 15:00:51.632879,1,nonstop; dep 2026-09-12 02:00; key=friend2
2974,DEL,PNQ,2026-09-12,1,Air India,AI 2469,Economy,19881.0,INR,,,,,AVAILABLE,,serpapi_google_flights,,2026-09-11 15:00:51.632879,1,nonstop; dep 2026-09-12 04:45; key=friend2
2975,DEL,PNQ,2026-09-18,7,Air India,AI 2469,Economy,6929.0,INR,,,,,AVAILABLE,,serpapi_google_flights,,2026-09-11 15:00:55.132792,1,nonstop; dep 2026-09-18 04:45; key=friend3
2976,DEL,PNQ,2026-09-18,7,IndiGo,6E 6437,Economy,6930.0,INR,,,,,AVAILABLE,,serpapi_google_flights,,2026-09-11 15:00:55.132792,1,nonstop; dep 2026-09-18 16:25; key=friend3
2977,DEL,PNQ,2026-09-18,7,Akasa Air,QP 1871,Economy,7384.0,INR,,,,,AVAILABLE,,serpapi_google_flights,,2026-09-11 15:00:55.132792,1,nonstop; dep 2026-09-18 10:50; key=friend3
2978,DEL,PNQ,2026-09-18,7,Air India,AI 2711,Economy,6929.0,INR,,,,,AVAILABLE,,serpapi_google_flights,,2026-09-11 15:00:55.132792,1,nonstop; dep 2026-09-18 02:00; key=friend3
2979,DEL,PNQ,2026-09-18,7,IndiGo,6E 2343,Economy,6930.0,INR,,,,,AVAILABLE,,serpapi_google_flights,,2026-09-11 15:00:55.132792,1,nonstop; dep 2026-09-18 02:20; key=friend3
2980,DEL,PNQ,2026-09-18,7,IndiGo,6E 5322,Economy,6930.0,INR,,,,,AVAILABLE,,serpapi_google_flights,,2026-09-11 15:00:55.132792,1,nonstop; dep 2026-09-18 04:40; key=friend3
2981,DEL,PNQ,2026-09-18,7,IndiGo,6E 2487,Economy,6930.0,INR,,,,,AVAILABLE,,serpapi_google_flights,,2026-09-11 15:00:55.132792,1,nonstop; dep 2026-09-18 11:50; key=friend3
2982,DEL,PNQ,2026-09-18,7,Air India Express,IX 1230,Economy,7127.0,INR,,,,,AVAILABLE,,serpapi_google_flights,,2026-09-11 15:00:55.132792,1,nonstop; dep 2026-09-18 04:40; key=friend3
2983,DEL,PNQ,2026-09-18,7,IndiGo,6E 2262,Economy,7336.0,INR,,,,,AVAILABLE,,serpapi_google_flights,,2026-09-11 15:00:55.132792,1,nonstop; dep 2026-09-18 06:10; key=friend3
2984,DEL,PNQ,2026-09-18,7,IndiGo,6E 2132,Economy,7336.0,INR,,,,,AVAILABLE,,serpapi_google_flights,,2026-09-11 15:00:55.132792,1,nonstop; dep 2026-09-18 09:40; key=friend3
2985,DEL,PNQ,2026-09-18,7,Akasa Air,QP 1608,Economy,7969.0,INR,,,,,AVAILABLE,,serpapi_google_flights,,2026-09-11 15:00:55.132792,1,nonstop; dep 2026-09-18 15:00; key=friend3
2986,DEL,PNQ,2026-09-18,7,Air India,AI 1797,Economy,8163.0,INR,,,,,AVAILABLE,,serpapi_google_flights,,2026-09-11 15:00:55.132792,1,nonstop; dep 2026-09-18 05:45; key=friend3
2987,DEL,PNQ,2026-09-18,7,Air India,AI 1735,Economy,8163.0,INR,,,,,AVAILABLE,,serpapi_google_flights,,2026-09-11 15:00:55.132792,1,nonstop; dep 2026-09-18 13:00; key=friend3
2988,DEL,PNQ,2026-09-18,7,Air India,AI 2609,Economy,9339.0,INR,,,,,AVAILABLE,,serpapi_google_flights,,2026-09-11 15:00:55.132792,1,nonstop; dep 2026-09-18 23:50; key=friend3
2989,DEL,PNQ,2026-09-18,7,Air India,AI 2971,Economy,9507.0,INR,,,,,AVAILABLE,,serpapi_google_flights,,2026-09-11 15:00:55.132792,1,nonstop; dep 2026-09-18 16:00; key=friend3
2990,DEL,PNQ,2026-09-18,7,IndiGo,6E 2623,Economy,9576.0,INR,,,,,AVAILABLE,,serpapi_google_flights,,2026-09-11 15:00:55.132792,1,nonstop; dep 2026-09-18 18:15; key=friend3
2991,DEL,PNQ,2026-09-18,7,IndiGo,6E 2618,Economy,9576.0,INR,,,,,AVAILABLE,,serpapi_google_flights,,2026-09-11 15:00:55.132792,1,nonstop; dep 2026-09-18 23:00; key=friend3
2992,DEL,PNQ,2026-09-18,7,Air India Express,IX 1257,Economy,9975.0,INR,,,,,AVAILABLE,,serpapi_google_flights,,2026-09-11 15:00:55.132792,1,nonstop; dep 2026-09-18 22:25; key=friend3
2993,DEL,PNQ,2026-09-18,7,Akasa Air,QP 1809,Economy,10615.0,INR,,,,,AVAILABLE,,serpapi_google_flights,,2026-09-11 15:00:55.132792,1,nonstop; dep 2026-09-18 18:10; key=friend3
2994,DEL,PNQ,2026-09-18,7,Air India,AI 2547,Economy,10714.0,INR,,,,,AVAILABLE,,serpapi_google_flights,,2026-09-11 15:00:55.132792,1,nonstop; dep 2026-09-18 17:40; key=friend3
2995,DEL,PNQ,2026-09-18,7,SpiceJet,SG 939,Economy,11317.0,INR,,,,,AVAILABLE,,serpapi_google_flights,,2026-09-11 15:00:55.132792,1,nonstop; dep 2026-09-18 16:55; key=friend3
2996,DEL,PNQ,2026-09-18,7,Air India,AI 1730,Economy,11801.0,INR,,,,,AVAILABLE,,serpapi_google_flights,,2026-09-11 15:00:55.132792,1,nonstop; dep 2026-09-18 19:10; key=friend3
2997,DEL,PNQ,2026-09-18,7,IndiGo,6E 6673,Economy,14340.0,INR,,,,,AVAILABLE,,serpapi_google_flights,,2026-09-11 15:00:55.132792,1,nonstop; dep 2026-09-18 21:15; key=friend3
2998,DEL,PNQ,2026-09-18,7,Air India,AI 2973,Economy,15040.0,INR,,,,,AVAILABLE,,serpapi_google_flights,,2026-09-11 15:00:55.132792,1,nonstop; dep 2026-09-18 20:50; key=friend3
2999,DEL,PNQ,2026-09-26,15,Air India,AI 2469,Economy,6929.0,INR,,,,,AVAILABLE,,serpapi_google_flights,,2026-09-11 15:00:59.181540,1,nonstop; dep 2026-09-26 04:45; key=friend2
3000,DEL,PNQ,2026-09-26,15,Air India Express,IX 1257,Economy,7127.0,INR,,,,,AVAILABLE,,serpapi_google_flights,,2026-09-11 15:00:59.181540,1,nonstop; dep 2026-09-26 22:25; key=friend2
3001,DEL,PNQ,2026-09-26,15,IndiGo,6E 2623,Economy,7336.0,INR,,,,,AVAILABLE,,serpapi_google_flights,,2026-09-11 15:00:59.181540,1,nonstop; dep 2026-09-26 18:15; key=friend2
3002,DEL,PNQ,2026-09-26,15,Akasa Air,QP 1809,Economy,7830.0,INR,,,,,AVAILABLE,,serpapi_google_flights,,2026-09-11 15:00:59.181540,1,nonstop; dep 2026-09-26 18:10; key=friend2
3003,DEL,PNQ,2026-09-26,15,IndiGo,6E 5322,Economy,6930.0,INR,,,,,AVAILABLE,,serpapi_google_flights,,2026-09-11 15:00:59.181540,1,nonstop; dep 2026-09-26 04:40; key=friend2
3004,DEL,PNQ,2026-09-26,15,Air India Express,IX 1230,Economy,7127.0,INR,,,,,AVAILABLE,,serpapi_google_flights,,2026-09-11 15:00:59.181540,1,nonstop; dep 2026-09-26 04:40; key=friend2
3005,DEL,PNQ,2026-09-26,15,IndiGo,6E 2618,Economy,7140.0,INR,,,,,AVAILABLE,,serpapi_google_flights,,2026-09-11 15:00:59.181540,1,nonstop; dep 2026-09-26 23:00; key=friend2
3006,DEL,PNQ,2026-09-26,15,IndiGo,6E 2262,Economy,7336.0,INR,,,,,AVAILABLE,,serpapi_google_flights,,2026-09-11 15:00:59.181540,1,nonstop; dep 2026-09-26 06:10; key=friend2
3007,DEL,PNQ,2026-09-26,15,IndiGo,6E 6673,Economy,7686.0,INR,,,,,AVAILABLE,,serpapi_google_flights,,2026-09-11 15:00:59.181540,1,nonstop; dep 2026-09-26 21:15; key=friend2
3008,DEL,PNQ,2026-09-26,15,Air India,AI 2547,Economy,8163.0,INR,,,,,AVAILABLE,,serpapi_google_flights,,2026-09-11 15:00:59.181540,1,nonstop; dep 2026-09-26 17:40; key=friend2
3009,DEL,PNQ,2026-09-26,15,IndiGo,6E 6437,Economy,8211.0,INR,,,,,AVAILABLE,,serpapi_google_flights,,2026-09-11 15:00:59.181540,1,nonstop; dep 2026-09-26 16:25; key=friend2
3010,DEL,PNQ,2026-09-26,15,Air India,AI 2609,Economy,8730.0,INR,,,,,AVAILABLE,,serpapi_google_flights,,2026-09-11 15:00:59.181540,1,nonstop; dep 2026-09-26 23:50; key=friend2
3011,DEL,PNQ,2026-09-26,15,IndiGo,6E 2343,Economy,8841.0,INR,,,,,AVAILABLE,,serpapi_google_flights,,2026-09-11 15:00:59.181540,1,nonstop; dep 2026-09-26 02:20; key=friend2
3012,DEL,PNQ,2026-09-26,15,SpiceJet,SG 939,Economy,9062.0,INR,,,,,AVAILABLE,,serpapi_google_flights,,2026-09-11 15:00:59.181540,1,nonstop; dep 2026-09-26 16:55; key=friend2
3013,DEL,PNQ,2026-09-26,15,Akasa Air,QP 1608,Economy,9354.0,INR,,,,,AVAILABLE,,serpapi_google_flights,,2026-09-11 15:00:59.181540,1,nonstop; dep 2026-09-26 15:00; key=friend2
3014,DEL,PNQ,2026-09-26,15,Air India,AI 2971,Economy,9507.0,INR,,,,,AVAILABLE,,serpapi_google_flights,,2026-09-11 15:00:59.181540,1,nonstop; dep 2026-09-26 16:00; key=friend2
3015,DEL,PNQ,2026-09-26,15,Air India,AI 2973,Economy,9585.0,INR,,,,,AVAILABLE,,serpapi_google_flights,,2026-09-11 15:00:59.181540,1,nonstop; dep 2026-09-26 20:50; key=friend2
3016,DEL,PNQ,2026-09-26,15,Air India,AI 2711,Economy,10000.0,INR,,,,,AVAILABLE,,serpapi_google_flights,,2026-09-11 15:00:59.181540,1,nonstop; dep 2026-09-26 02:00; key=friend2
3017,DEL,PNQ,2026-09-26,15,Air India,AI 1797,Economy,10000.0,INR,,,,,AVAILABLE,,serpapi_google_flights,,2026-09-11 15:00:59.181540,1,nonstop; dep 2026-09-26 05:45; key=friend2
3018,DEL,PNQ,2026-09-26,15,Air India,AI 1730,Economy,11003.0,INR,,,,,AVAILABLE,,serpapi_google_flights,,2026-09-11 15:00:59.181540,1,nonstop; dep 2026-09-26 19:10; key=friend2
3019,DEL,PNQ,2026-10-11,30,IndiGo,6E 5322,Economy,6930.0,INR,,,,,AVAILABLE,,serpapi_google_flights,,2026-09-11 15:01:03.025857,1,nonstop; dep 2026-10-11 04:40; key=friend3
3020,DEL,PNQ,2026-10-11,30,Akasa Air,QP 1809,Economy,7692.0,INR,,,,,AVAILABLE,,serpapi_google_flights,,2026-09-11 15:01:03.025857,1,nonstop; dep 2026-10-11 18:10; key=friend3
3021,DEL,PNQ,2026-10-11,30,SpiceJet,SG 939,Economy,8114.0,INR,,,,,AVAILABLE,,serpapi_google_flights,,2026-09-11 15:01:03.025857,1,nonstop; dep 2026-10-11 16:55; key=friend3
3022,DEL,PNQ,2026-10-11,30,IndiGo,6E 2343,Economy,7336.0,INR,,,,,AVAILABLE,,serpapi_google_flights,,2026-09-11 15:01:03.025857,1,nonstop; dep 2026-10-11 02:20; key=friend3
3023,DEL,PNQ,2026-10-11,30,IndiGo,6E 2262,Economy,7336.0,INR,,,,,AVAILABLE,,serpapi_google_flights,,2026-09-11 15:01:03.025857,1,nonstop; dep 2026-10-11 06:10; key=friend3
3024,DEL,PNQ,2026-10-11,30,Air India Express,IX 1230,Economy,7337.0,INR,,,,,AVAILABLE,,serpapi_google_flights,,2026-09-11 15:01:03.025857,1,nonstop; dep 2026-10-11 04:40; key=friend3
3025,DEL,PNQ,2026-10-11,30,Air India,AI 2711,Economy,8163.0,INR,,,,,AVAILABLE,,serpapi_google_flights,,2026-09-11 15:01:03.025857,1,nonstop; dep 2026-10-11 02:00; key=friend3
3026,DEL,PNQ,2026-10-11,30,Air India,AI 1797,Economy,8163.0,INR,,,,,AVAILABLE,,serpapi_google_flights,,2026-09-11 15:01:03.025857,1,nonstop; dep 2026-10-11 05:45; key=friend3
3027,DEL,PNQ,2026-10-11,30,IndiGo,6E 2132,Economy,8211.0,INR,,,,,AVAILABLE,,serpapi_google_flights,,2026-09-11 15:01:03.025857,1,nonstop; dep 2026-10-11 09:40; key=friend3
3028,DEL,PNQ,2026-10-11,30,Akasa Air,QP 1608,Economy,8256.0,INR,,,,,AVAILABLE,,serpapi_google_flights,,2026-09-11 15:01:03.025857,1,nonstop; dep 2026-10-11 15:00; key=friend3
3029,DEL,PNQ,2026-10-11,30,Air India,AI 2469,Economy,8730.0,INR,,,,,AVAILABLE,,serpapi_google_flights,,2026-09-11 15:01:03.025857,1,nonstop; dep 2026-10-11 04:45; key=friend3
3030,DEL,PNQ,2026-10-11,30,Air India Express,IX 1257,Economy,8769.0,INR,,,,,AVAILABLE,,serpapi_google_flights,,2026-09-11 15:01:03.025857,1,nonstop; dep 2026-10-11 22:25; key=friend3
3031,DEL,PNQ,2026-10-11,30,IndiGo,6E 2487,Economy,8841.0,INR,,,,,AVAILABLE,,serpapi_google_flights,,2026-09-11 15:01:03.025857,1,nonstop; dep 2026-10-11 11:50; key=friend3
3032,DEL,PNQ,2026-10-11,30,IndiGo,6E 6437,Economy,8841.0,INR,,,,,AVAILABLE,,serpapi_google_flights,,2026-09-11 15:01:03.025857,1,nonstop; dep 2026-10-11 16:25; key=friend3
3033,DEL,PNQ,2026-10-11,30,IndiGo,6E 6673,Economy,8841.0,INR,,,,,AVAILABLE,,serpapi_google_flights,,2026-09-11 15:01:03.025857,1,nonstop; dep 2026-10-11 21:15; key=friend3
3034,DEL,PNQ,2026-10-11,30,IndiGo,6E 2618,Economy,8841.0,INR,,,,,AVAILABLE,,serpapi_google_flights,,2026-09-11 15:01:03.025857,1,nonstop; dep 2026-10-11 23:00; key=friend3
3035,DEL,PNQ,2026-10-11,30,Air India,AI 2609,Economy,10000.0,INR,,,,,AVAILABLE,,serpapi_google_flights,,2026-09-11 15:01:03.025857,1,nonstop; dep 2026-10-11 23:50; key=friend3
3036,DEL,PNQ,2026-10-11,30,IndiGo,6E 2623,Economy,10405.0,INR,,,,,AVAILABLE,,serpapi_google_flights,,2026-09-11 15:01:03.025857,1,nonstop; dep 2026-10-11 18:15; key=friend3
3037,DEL,PNQ,2026-10-11,30,Air India,AI 2973,Economy,11192.0,INR,,,,,AVAILABLE,,serpapi_google_flights,,2026-09-11 15:01:03.025857,1,nonstop; dep 2026-10-11 20:50; key=friend3
3038,DEL,PNQ,2026-10-11,30,Air India,AI 2547,Economy,11491.0,INR,,,,,AVAILABLE,,serpapi_google_flights,,2026-09-11 15:01:03.025857,1,nonstop; dep 2026-10-11 17:40; key=friend3
3039,DEL,PNQ,2026-10-11,30,Air India,AI 1730,Economy,11801.0,INR,,,,,AVAILABLE,,serpapi_google_flights,,2026-09-11 15:01:03.025857,1,nonstop; dep 2026-10-11 19:10; key=friend3
3040,DEL,PNQ,2026-10-11,30,Air India,AI 2971,Economy,12006.0,INR,,,,,AVAILABLE,,serpapi_google_flights,,2026-09-11 15:01:03.025857,1,nonstop; dep 2026-10-11 16:00; key=friend3
3041,DEL,PNQ,2026-10-11,30,Air India,AI 1735,Economy,12111.0,INR,,,,,AVAILABLE,,serpapi_google_flights,,2026-09-11 15:01:03.025857,1,nonstop; dep 2026-10-11 13:00; key=friend3
3042,DEL,PNQ,2026-10-26,45,Air India Express,IX 1257,Economy,7127.0,INR,,,,,AVAILABLE,,serpapi_google_flights,,2026-09-11 15:01:06.972790,1,nonstop; dep 2026-10-26 22:10; key=friend2
3043,DEL,PNQ,2026-10-26,45,Akasa Air,QP 1809,Economy,7969.0,INR,,,,,AVAILABLE,,serpapi_google_flights,,2026-09-11 15:01:06.972790,1,nonstop; dep 2026-10-26 18:10; key=friend2
3044,DEL,PNQ,2026-10-26,45,IndiGo,6E 2623,Economy,8006.0,INR,,,,,AVAILABLE,,serpapi_google_flights,,2026-09-11 15:01:06.972790,1,nonstop; dep 2026-10-26 18:30; key=friend2
3045,DEL,PNQ,2026-10-26,45,SpiceJet,SG 939,Economy,8114.0,INR,,,,,AVAILABLE,,serpapi_google_flights,,2026-09-11 15:01:06.972790,1,nonstop; dep 2026-10-26 17:25; key=friend2
3046,DEL,PNQ,2026-10-26,45,Air India Express,IX 1230,Economy,7552.0,INR,,,,,AVAILABLE,,serpapi_google_flights,,2026-09-11 15:01:06.972790,1,nonstop; dep 2026-10-26 05:05; key=friend2
3047,DEL,PNQ,2026-10-26,45,Air India Express,IX 1083,Economy,7741.0,INR,,,,,AVAILABLE,,serpapi_google_flights,,2026-09-11 15:01:06.972790,1,nonstop; dep 2026-10-26 10:35; key=friend2
3048,DEL,PNQ,2026-10-26,45,IndiGo,6E 2343,Economy,8006.0,INR,,,,,AVAILABLE,,serpapi_google_flights,,2026-09-11 15:01:06.972790,1,nonstop; dep 2026-10-26 02:15; key=friend2
3049,DEL,PNQ,2026-10-26,45,IndiGo,6E 5276,Economy,8006.0,INR,,,,,AVAILABLE,,serpapi_google_flights,,2026-09-11 15:01:06.972790,1,nonstop; dep 2026-10-26 04:35; key=friend2
3050,DEL,PNQ,2026-10-26,45,IndiGo,6E 2262,Economy,8006.0,INR,,,,,AVAILABLE,,serpapi_google_flights,,2026-09-11 15:01:06.972790,1,nonstop; dep 2026-10-26 05:40; key=friend2
3051,DEL,PNQ,2026-10-26,45,IndiGo,6E 6437,Economy,8006.0,INR,,,,,AVAILABLE,,serpapi_google_flights,,2026-09-11 15:01:06.972790,1,nonstop; dep 2026-10-26 16:25; key=friend2
3052,DEL,PNQ,2026-10-26,45,IndiGo,6E 2618,Economy,8006.0,INR,,,,,AVAILABLE,,serpapi_google_flights,,2026-09-11 15:01:06.972790,1,nonstop; dep 2026-10-26 22:55; key=friend2
3053,DEL,PNQ,2026-10-26,45,Akasa Air,QP 1608,Economy,8110.0,INR,,,,,AVAILABLE,,serpapi_google_flights,,2026-09-11 15:01:06.972790,1,nonstop; dep 2026-10-26 15:00; key=friend2
3054,DEL,PNQ,2026-10-26,45,SpiceJet,SG 600,Economy,8114.0,INR,,,,,AVAILABLE,,serpapi_google_flights,,2026-09-11 15:01:06.972790,1,nonstop; dep 2026-10-26 20:00; key=friend2
3055,DEL,PNQ,2026-10-26,45,SpiceJet,SG 105,Economy,8114.0,INR,,,,,AVAILABLE,,serpapi_google_flights,,2026-09-11 15:01:06.972790,1,nonstop; dep 2026-10-26 21:00; key=friend2
3056,DEL,PNQ,2026-10-26,45,SpiceJet,SG 186,Economy,8619.0,INR,,,,,AVAILABLE,,serpapi_google_flights,,2026-09-11 15:01:06.972790,1,nonstop; dep 2026-10-26 09:40; key=friend2
3057,DEL,PNQ,2026-10-26,45,Air India,AI 2711,Economy,8730.0,INR,,,,,AVAILABLE,,serpapi_google_flights,,2026-09-11 15:01:06.972790,1,nonstop; dep 2026-10-26 01:55; key=friend2
3058,DEL,PNQ,2026-10-26,45,Air India,AI 2469,Economy,8730.0,INR,,,,,AVAILABLE,,serpapi_google_flights,,2026-09-11 15:01:06.972790,1,nonstop; dep 2026-10-26 04:45; key=friend2
3059,DEL,PNQ,2026-10-26,45,Air India,AI 1740,Economy,8730.0,INR,,,,,AVAILABLE,,serpapi_google_flights,,2026-09-11 15:01:06.972790,1,nonstop; dep 2026-10-26 17:40; key=friend2
3060,DEL,PNQ,2026-10-26,45,Air India,AI 2609,Economy,8730.0,INR,,,,,AVAILABLE,,serpapi_google_flights,,2026-09-11 15:01:06.972790,1,nonstop; dep 2026-10-26 23:50; key=friend2
3061,DEL,PNQ,2026-10-26,45,Air India,AI 1797,Economy,8803.0,INR,,,,,AVAILABLE,,serpapi_google_flights,,2026-09-11 15:01:06.972790,1,nonstop; dep 2026-10-26 05:45; key=friend2
3062,DEL,PNQ,2026-10-26,45,Air India,AI 2971,Economy,8882.0,INR,,,,,AVAILABLE,,serpapi_google_flights,,2026-09-11 15:01:06.972790,1,nonstop; dep 2026-10-26 16:00; key=friend2
3063,DEL,PNQ,2026-10-26,45,Air India,AI 1730,Economy,8955.0,INR,,,,,AVAILABLE,,serpapi_google_flights,,2026-09-11 15:01:06.972790,1,nonstop; dep 2026-10-26 19:10; key=friend2
3064,DEL,PNQ,2026-10-26,45,IndiGo,6E 6862,Economy,9183.0,INR,,,,,AVAILABLE,,serpapi_google_flights,,2026-09-11 15:01:06.972790,1,nonstop; dep 2026-10-26 11:35; key=friend2
3065,DEL,PNQ,2026-10-26,45,IndiGo,6E 6673,Economy,10558.0,INR,,,,,AVAILABLE,,serpapi_google_flights,,2026-09-11 15:01:06.972790,1,nonstop; dep 2026-10-26 21:15; key=friend2
3066,DEL,PNQ,2026-10-26,45,Air India,AI 1735,Economy,11003.0,INR,,,,,AVAILABLE,,serpapi_google_flights,,2026-09-11 15:01:06.972790,1,nonstop; dep 2026-10-26 13:00; key=friend2
3067,DEL,PNQ,2026-10-26,45,IndiGo,6E 2132,Economy,11331.0,INR,,,,,AVAILABLE,,serpapi_google_flights,,2026-09-11 15:01:06.972790,1,nonstop; dep 2026-10-26 09:25; key=friend2
3068,DEL,PNQ,2026-10-26,45,Air India,AI 2973,Economy,12882.0,INR,,,,,AVAILABLE,,serpapi_google_flights,,2026-09-11 15:01:06.972790,1,nonstop; dep 2026-10-26 20:50; key=friend2
3069,DEL,CCU,2026-09-12,1,Akasa Air,QP 1801,Economy,8406.0,INR,,,,,AVAILABLE,,serpapi_google_flights,,2026-09-11 15:01:10.497986,1,nonstop; dep 2026-09-12 05:55; key=friend3
3070,DEL,CCU,2026-09-12,1,IndiGo,6E 2487,Economy,8817.0,INR,,,,,AVAILABLE,,serpapi_google_flights,,2026-09-11 15:01:10.497986,1,nonstop; dep 2026-09-12 11:50; key=friend3
3071,DEL,CCU,2026-09-12,1,Air India,AI 2535,Economy,8976.0,INR,,,,,AVAILABLE,,serpapi_google_flights,,2026-09-11 15:01:10.497986,1,nonstop; dep 2026-09-12 06:40; key=friend3
3072,DEL,CCU,2026-09-12,1,IndiGo,6E 5191,Economy,8817.0,INR,,,,,AVAILABLE,,serpapi_google_flights,,2026-09-11 15:01:10.497986,1,nonstop; dep 2026-09-12 05:00; key=friend3
3073,DEL,CCU,2026-09-12,1,IndiGo,6E 340,Economy,8817.0,INR,,,,,AVAILABLE,,serpapi_google_flights,,2026-09-11 15:01:10.497986,1,nonstop; dep 2026-09-12 07:20; key=friend3
3074,DEL,CCU,2026-09-12,1,IndiGo,6E 897,Economy,8817.0,INR,,,,,AVAILABLE,,serpapi_google_flights,,2026-09-11 15:01:10.497986,1,nonstop; dep 2026-09-12 12:45; key=friend3
3075,DEL,CCU,2026-09-12,1,IndiGo,6E 2276,Economy,8817.0,INR,,,,,AVAILABLE,,serpapi_google_flights,,2026-09-11 15:01:10.497986,1,nonstop; dep 2026-09-12 17:55; key=friend3
3076,DEL,CCU,2026-09-12,1,Air India,AI 1733,Economy,8976.0,INR,,,,,AVAILABLE,,serpapi_google_flights,,2026-09-11 15:01:10.497986,1,nonstop; dep 2026-09-12 16:15; key=friend3
3077,DEL,CCU,2026-09-12,1,Air India,AI 2707,Economy,8976.0,INR,,,,,AVAILABLE,,serpapi_google_flights,,2026-09-11 15:01:10.497986,1,nonstop; dep 2026-09-12 18:00; key=friend3
3078,DEL,CCU,2026-09-12,1,Air India,AI 1714,Economy,8976.0,INR,,,,,AVAILABLE,,serpapi_google_flights,,2026-09-11 15:01:10.497986,1,nonstop; dep 2026-09-12 21:00; key=friend3
3079,DEL,CCU,2026-09-12,1,Air India,AI 2702,Economy,8987.0,INR,,,,,AVAILABLE,,serpapi_google_flights,,2026-09-11 15:01:10.497986,1,nonstop; dep 2026-09-12 02:30; key=friend3
3080,DEL,CCU,2026-09-12,1,IndiGo,6E 513,Economy,9080.0,INR,,,,,AVAILABLE,,serpapi_google_flights,,2026-09-11 15:01:10.497986,1,nonstop; dep 2026-09-12 08:30; key=friend3
3081,DEL,CCU,2026-09-12,1,IndiGo,6E 894,Economy,9080.0,INR,,,,,AVAILABLE,,serpapi_google_flights,,2026-09-11 15:01:10.497986,1,nonstop; dep 2026-09-12 10:15; key=friend3
3082,DEL,CCU,2026-09-12,1,IndiGo,6E 910,Economy,9080.0,INR,,,,,AVAILABLE,,serpapi_google_flights,,2026-09-11 15:01:10.497986,1,nonstop; dep 2026-09-12 14:25; key=friend3
3083,DEL,CCU,2026-09-12,1,IndiGo,6E 6415,Economy,9080.0,INR,,,,,AVAILABLE,,serpapi_google_flights,,2026-09-11 15:01:10.497986,1,nonstop; dep 2026-09-12 16:00; key=friend3
3084,DEL,CCU,2026-09-12,1,IndiGo,6E 6517,Economy,9080.0,INR,,,,,AVAILABLE,,serpapi_google_flights,,2026-09-11 15:01:10.497986,1,nonstop; dep 2026-09-12 19:30; key=friend3
3085,DEL,CCU,2026-09-12,1,IndiGo,6E 247,Economy,9080.0,INR,,,,,AVAILABLE,,serpapi_google_flights,,2026-09-11 15:01:10.497986,1,nonstop; dep 2026-09-12 23:30; key=friend3
3086,DEL,CCU,2026-09-12,1,Air India,AI 2705,Economy,9129.0,INR,,,,,AVAILABLE,,serpapi_google_flights,,2026-09-11 15:01:10.497986,1,nonstop; dep 2026-09-12 07:30; key=friend3
3087,DEL,CCU,2026-09-12,1,Air India,AI 1791,Economy,9129.0,INR,,,,,AVAILABLE,,serpapi_google_flights,,2026-09-11 15:01:10.497986,1,nonstop; dep 2026-09-12 09:55; key=friend3
3088,DEL,CCU,2026-09-12,1,Air India,AI 2767,Economy,9129.0,INR,,,,,AVAILABLE,,serpapi_google_flights,,2026-09-11 15:01:10.497986,1,nonstop; dep 2026-09-12 13:00; key=friend3
3089,DEL,CCU,2026-09-12,1,Air India,AI 2709,Economy,9129.0,INR,,,,,AVAILABLE,,serpapi_google_flights,,2026-09-11 15:01:10.497986,1,nonstop; dep 2026-09-12 19:40; key=friend3
3090,DEL,CCU,2026-09-12,1,Akasa Air,QP 1803,Economy,9191.0,INR,,,,,AVAILABLE,,serpapi_google_flights,,2026-09-11 15:01:10.497986,1,nonstop; dep 2026-09-12 17:10; key=friend3
3091,DEL,CCU,2026-09-12,1,SpiceJet,SG 905,Economy,10371.0,INR,,,,,AVAILABLE,,serpapi_google_flights,,2026-09-11 15:01:10.497986,1,nonstop; dep 2026-09-12 20:10; key=friend3
3092,DEL,CCU,2026-09-18,7,Akasa Air,QP 1801,Economy,8259.0,INR,,,,,AVAILABLE,,serpapi_google_flights,,2026-09-11 15:01:13.401762,1,nonstop; dep 2026-09-18 05:55; key=friend2
3093,DEL,CCU,2026-09-18,7,Akasa Air,QP 1803,Economy,8406.0,INR,,,,,AVAILABLE,,serpapi_google_flights,,2026-09-11 15:01:13.401762,1,nonstop; dep 2026-09-18 17:05; key=friend2
3094,DEL,CCU,2026-09-18,7,Air India,AI 2702,Economy,8724.0,INR,,,,,AVAILABLE,,serpapi_google_flights,,2026-09-11 15:01:13.401762,1,nonstop; dep 2026-09-18 02:30; key=friend2
3095,DEL,CCU,2026-09-18,7,IndiGo,6E 5191,Economy,8817.0,INR,,,,,AVAILABLE,,serpapi_google_flights,,2026-09-11 15:01:13.401762,1,nonstop; dep 2026-09-18 05:00; key=friend2
3096,DEL,CCU,2026-09-18,7,IndiGo,6E 340,Economy,8817.0,INR,,,,,AVAILABLE,,serpapi_google_flights,,2026-09-11 15:01:13.401762,1,nonstop; dep 2026-09-18 07:20; key=friend2
3097,DEL,CCU,2026-09-18,7,IndiGo,6E 513,Economy,8817.0,INR,,,,,AVAILABLE,,serpapi_google_flights,,2026-09-11 15:01:13.401762,1,nonstop; dep 2026-09-18 08:30; key=friend2
3098,DEL,CCU,2026-09-18,7,IndiGo,6E 894,Economy,8817.0,INR,,,,,AVAILABLE,,serpapi_google_flights,,2026-09-11 15:01:13.401762,1,nonstop; dep 2026-09-18 10:15; key=friend2
3099,DEL,CCU,2026-09-18,7,IndiGo,6E 897,Economy,8817.0,INR,,,,,AVAILABLE,,serpapi_google_flights,,2026-09-11 15:01:13.401762,1,nonstop; dep 2026-09-18 12:45; key=friend2
3100,DEL,CCU,2026-09-18,7,IndiGo,6E 910,Economy,8817.0,INR,,,,,AVAILABLE,,serpapi_google_flights,,2026-09-11 15:01:13.401762,1,nonstop; dep 2026-09-18 14:25; key=friend2
3101,DEL,CCU,2026-09-18,7,IndiGo,6E 6415,Economy,8817.0,INR,,,,,AVAILABLE,,serpapi_google_flights,,2026-09-11 15:01:13.401762,1,nonstop; dep 2026-09-18 16:00; key=friend2
3102,DEL,CCU,2026-09-18,7,IndiGo,6E 2276,Economy,8817.0,INR,,,,,AVAILABLE,,serpapi_google_flights,,2026-09-11 15:01:13.401762,1,nonstop; dep 2026-09-18 17:55; key=friend2
3103,DEL,CCU,2026-09-18,7,IndiGo,6E 6517,Economy,8817.0,INR,,,,,AVAILABLE,,serpapi_google_flights,,2026-09-11 15:01:13.401762,1,nonstop; dep 2026-09-18 19:30; key=friend2
3104,DEL,CCU,2026-09-18,7,IndiGo,6E 389,Economy,8817.0,INR,,,,,AVAILABLE,,serpapi_google_flights,,2026-09-11 15:01:13.401762,1,nonstop; dep 2026-09-18 21:50; key=friend2
3105,DEL,CCU,2026-09-18,7,IndiGo,6E 247,Economy,8817.0,INR,,,,,AVAILABLE,,serpapi_google_flights,,2026-09-11 15:01:13.401762,1,nonstop; dep 2026-09-18 23:30; key=friend2
3106,DEL,CCU,2026-09-18,7,Air India,AI 2535,Economy,8976.0,INR,,,,,AVAILABLE,,serpapi_google_flights,,2026-09-11 15:01:13.401762,1,nonstop; dep 2026-09-18 06:40; key=friend2
3107,DEL,CCU,2026-09-18,7,Air India,AI 2707,Economy,8976.0,INR,,,,,AVAILABLE,,serpapi_google_flights,,2026-09-11 15:01:13.401762,1,nonstop; dep 2026-09-18 18:00; key=friend2
3108,DEL,CCU,2026-09-18,7,Air India,AI 1714,Economy,8976.0,INR,,,,,AVAILABLE,,serpapi_google_flights,,2026-09-11 15:01:13.401762,1,nonstop; dep 2026-09-18 21:00; key=friend2
3109,DEL,CCU,2026-09-18,7,Air India,AI 2705,Economy,9129.0,INR,,,,,AVAILABLE,,serpapi_google_flights,,2026-09-11 15:01:13.401762,1,nonstop; dep 2026-09-18 07:30; key=friend2
3110,DEL,CCU,2026-09-18,7,Air India,AI 1733,Economy,9239.0,INR,,,,,AVAILABLE,,serpapi_google_flights,,2026-09-11 15:01:13.401762,1,nonstop; dep 2026-09-18 16:15; key=friend2
3111,DEL,CCU,2026-09-18,7,Air India,AI 2767,Economy,9402.0,INR,,,,,AVAILABLE,,serpapi_google_flights,,2026-09-11 15:01:13.401762,1,nonstop; dep 2026-09-18 13:00; key=friend2
3112,DEL,CCU,2026-09-18,7,Air India,AI 1791,Economy,9722.0,INR,,,,,AVAILABLE,,serpapi_google_flights,,2026-09-11 15:01:13.401762,1,nonstop; dep 2026-09-18 09:55; key=friend2
3113,DEL,CCU,2026-09-18,7,Air India,AI 2709,Economy,9722.0,INR,,,,,AVAILABLE,,serpapi_google_flights,,2026-09-11 15:01:13.401762,1,nonstop; dep 2026-09-18 19:40; key=friend2
3114,DEL,CCU,2026-09-26,15,Akasa Air,QP 1801,Economy,8406.0,INR,,,,,AVAILABLE,,serpapi_google_flights,,2026-09-11 15:01:17.393447,1,nonstop; dep 2026-09-26 05:55; key=friend3
3115,DEL,CCU,2026-09-26,15,Air India,AI 2702,Economy,8724.0,INR,,,,,AVAILABLE,,serpapi_google_flights,,2026-09-11 15:01:17.393447,1,nonstop; dep 2026-09-26 02:30; key=friend3
3116,DEL,CCU,2026-09-26,15,IndiGo,6E 513,Economy,8817.0,INR,,,,,AVAILABLE,,serpapi_google_flights,,2026-09-11 15:01:17.393447,1,nonstop; dep 2026-09-26 08:30; key=friend3
3117,DEL,CCU,2026-09-26,15,Akasa Air,QP 1803,Economy,8406.0,INR,,,,,AVAILABLE,,serpapi_google_flights,,2026-09-11 15:01:17.393447,1,nonstop; dep 2026-09-26 17:10; key=friend3
3118,DEL,CCU,2026-09-26,15,IndiGo,6E 5191,Economy,8817.0,INR,,,,,AVAILABLE,,serpapi_google_flights,,2026-09-11 15:01:17.393447,1,nonstop; dep 2026-09-26 05:00; key=friend3
3119,DEL,CCU,2026-09-26,15,IndiGo,6E 340,Economy,8817.0,INR,,,,,AVAILABLE,,serpapi_google_flights,,2026-09-11 15:01:17.393447,1,nonstop; dep 2026-09-26 07:20; key=friend3
3120,DEL,CCU,2026-09-26,15,IndiGo,6E 894,Economy,8817.0,INR,,,,,AVAILABLE,,serpapi_google_flights,,2026-09-11 15:01:17.393447,1,nonstop; dep 2026-09-26 10:15; key=friend3
3121,DEL,CCU,2026-09-26,15,IndiGo,6E 2487,Economy,8817.0,INR,,,,,AVAILABLE,,serpapi_google_flights,,2026-09-11 15:01:17.393447,1,nonstop; dep 2026-09-26 11:50; key=friend3
3122,DEL,CCU,2026-09-26,15,IndiGo,6E 897,Economy,8817.0,INR,,,,,AVAILABLE,,serpapi_google_flights,,2026-09-11 15:01:17.393447,1,nonstop; dep 2026-09-26 12:45; key=friend3
3123,DEL,CCU,2026-09-26,15,IndiGo,6E 910,Economy,8817.0,INR,,,,,AVAILABLE,,serpapi_google_flights,,2026-09-11 15:01:17.393447,1,nonstop; dep 2026-09-26 14:25; key=friend3
3124,DEL,CCU,2026-09-26,15,IndiGo,6E 6415,Economy,8817.0,INR,,,,,AVAILABLE,,serpapi_google_flights,,2026-09-11 15:01:17.393447,1,nonstop; dep 2026-09-26 16:00; key=friend3
3125,DEL,CCU,2026-09-26,15,IndiGo,6E 2276,Economy,8817.0,INR,,,,,AVAILABLE,,serpapi_google_flights,,2026-09-11 15:01:17.393447,1,nonstop; dep 2026-09-26 17:55; key=friend3
3126,DEL,CCU,2026-09-26,15,IndiGo,6E 247,Economy,8817.0,INR,,,,,AVAILABLE,,serpapi_google_flights,,2026-09-11 15:01:17.393447,1,nonstop; dep 2026-09-26 23:30; key=friend3
3127,DEL,CCU,2026-09-26,15,Air India,AI 2535,Economy,8976.0,INR,,,,,AVAILABLE,,serpapi_google_flights,,2026-09-11 15:01:17.393447,1,nonstop; dep 2026-09-26 06:40; key=friend3
3128,DEL,CCU,2026-09-26,15,Air India,AI 1714,Economy,8976.0,INR,,,,,AVAILABLE,,serpapi_google_flights,,2026-09-11 15:01:17.393447,1,nonstop; dep 2026-09-26 21:00; key=friend3
3129,DEL,CCU,2026-09-26,15,Air India,AI 2705,Economy,9129.0,INR,,,,,AVAILABLE,,serpapi_google_flights,,2026-09-11 15:01:17.393447,1,nonstop; dep 2026-09-26 07:30; key=friend3
3130,DEL,CCU,2026-09-26,15,Air India,AI 2767,Economy,9129.0,INR,,,,,AVAILABLE,,serpapi_google_flights,,2026-09-11 15:01:17.393447,1,nonstop; dep 2026-09-26 13:00; key=friend3
3131,DEL,CCU,2026-09-26,15,Air India,AI 2709,Economy,9129.0,INR,,,,,AVAILABLE,,serpapi_google_flights,,2026-09-11 15:01:17.393447,1,nonstop; dep 2026-09-26 19:40; key=friend3
3132,DEL,CCU,2026-09-26,15,Air India,AI 1733,Economy,9239.0,INR,,,,,AVAILABLE,,serpapi_google_flights,,2026-09-11 15:01:17.393447,1,nonstop; dep 2026-09-26 16:15; key=friend3
3133,DEL,CCU,2026-09-26,15,Air India,AI 1791,Economy,9402.0,INR,,,,,AVAILABLE,,serpapi_google_flights,,2026-09-11 15:01:17.393447,1,nonstop; dep 2026-09-26 09:55; key=friend3
3134,DEL,CCU,2026-09-26,15,Air India,AI 2707,Economy,9554.0,INR,,,,,AVAILABLE,,serpapi_google_flights,,2026-09-11 15:01:17.393447,1,nonstop; dep 2026-09-26 18:00; key=friend3
3135,DEL,CCU,2026-09-26,15,IndiGo,6E 6517,Economy,10392.0,INR,,,,,AVAILABLE,,serpapi_google_flights,,2026-09-11 15:01:17.393447,1,nonstop; dep 2026-09-26 19:30; key=friend3
3136,DEL,CCU,2026-09-26,15,SpiceJet,SG 905,Economy,22514.0,INR,,,,,AVAILABLE,,serpapi_google_flights,,2026-09-11 15:01:17.393447,1,nonstop; dep 2026-09-26 20:10; key=friend3
3137,DEL,CCU,2026-10-11,30,Air India Express,IX 1524,Economy,5522.0,INR,,,,,AVAILABLE,,serpapi_google_flights,,2026-09-11 15:01:21.061412,1,nonstop; dep 2026-10-11 16:35; key=friend2
3138,DEL,CCU,2026-10-11,30,IndiGo,6E 247,Economy,9395.0,INR,,,,,AVAILABLE,,serpapi_google_flights,,2026-09-11 15:01:21.061412,1,nonstop; dep 2026-10-11 23:30; key=friend2
3139,DEL,CCU,2026-10-11,30,Akasa Air,QP 1803,Economy,10058.0,INR,,,,,AVAILABLE,,serpapi_google_flights,,2026-09-11 15:01:21.061412,1,nonstop; dep 2026-10-11 17:00; key=friend2
3140,DEL,CCU,2026-10-11,30,IndiGo,6E 340,Economy,9395.0,INR,,,,,AVAILABLE,,serpapi_google_flights,,2026-09-11 15:01:21.061412,1,nonstop; dep 2026-10-11 07:20; key=friend2
3141,DEL,CCU,2026-10-11,30,IndiGo,6E 930,Economy,9867.0,INR,,,,,AVAILABLE,,serpapi_google_flights,,2026-09-11 15:01:21.061412,1,nonstop; dep 2026-10-11 02:45; key=friend2
3142,DEL,CCU,2026-10-11,30,IndiGo,6E 5191,Economy,9867.0,INR,,,,,AVAILABLE,,serpapi_google_flights,,2026-09-11 15:01:21.061412,1,nonstop; dep 2026-10-11 05:00; key=friend2
3143,DEL,CCU,2026-10-11,30,Air India,AI 2702,Economy,10079.0,INR,,,,,AVAILABLE,,serpapi_google_flights,,2026-09-11 15:01:21.061412,1,nonstop; dep 2026-10-11 02:30; key=friend2
3144,DEL,CCU,2026-10-11,30,Akasa Air,QP 1801,Economy,11015.0,INR,,,,,AVAILABLE,,serpapi_google_flights,,2026-09-11 15:01:21.061412,1,nonstop; dep 2026-10-11 05:55; key=friend2
3145,DEL,CCU,2026-10-11,30,IndiGo,6E 2276,Economy,11757.0,INR,,,,,AVAILABLE,,serpapi_google_flights,,2026-09-11 15:01:21.061412,1,nonstop; dep 2026-10-11 17:55; key=friend2
3146,DEL,CCU,2026-10-11,30,IndiGo,6E 6517,Economy,11757.0,INR,,,,,AVAILABLE,,serpapi_google_flights,,2026-09-11 15:01:21.061412,1,nonstop; dep 2026-10-11 19:30; key=friend2
3147,DEL,CCU,2026-10-11,30,IndiGo,6E 389,Economy,11757.0,INR,,,,,AVAILABLE,,serpapi_google_flights,,2026-09-11 15:01:21.061412,1,nonstop; dep 2026-10-11 21:50; key=friend2
3148,DEL,CCU,2026-10-11,30,Air India,AI 2707,Economy,12210.0,INR,,,,,AVAILABLE,,serpapi_google_flights,,2026-09-11 15:01:21.061412,1,nonstop; dep 2026-10-11 18:00; key=friend2
3149,DEL,CCU,2026-10-11,30,SpiceJet,SG 905,Economy,12309.0,INR,,,,,AVAILABLE,,serpapi_google_flights,,2026-09-11 15:01:21.061412,1,nonstop; dep 2026-10-11 20:10; key=friend2
3150,DEL,CCU,2026-10-11,30,Air India,AI 2709,Economy,12541.0,INR,,,,,AVAILABLE,,serpapi_google_flights,,2026-09-11 15:01:21.061412,1,nonstop; dep 2026-10-11 19:40; key=friend2
3151,DEL,CCU,2026-10-11,30,Air India,AI 1714,Economy,12541.0,INR,,,,,AVAILABLE,,serpapi_google_flights,,2026-09-11 15:01:21.061412,1,nonstop; dep 2026-10-11 21:00; key=friend2
3152,DEL,CCU,2026-10-11,30,IndiGo,6E 513,Economy,12545.0,INR,,,,,AVAILABLE,,serpapi_google_flights,,2026-09-11 15:01:21.061412,1,nonstop; dep 2026-10-11 08:30; key=friend2
3153,DEL,CCU,2026-10-11,30,IndiGo,6E 894,Economy,12545.0,INR,,,,,AVAILABLE,,serpapi_google_flights,,2026-09-11 15:01:21.061412,1,nonstop; dep 2026-10-11 10:15; key=friend2
3154,DEL,CCU,2026-10-11,30,IndiGo,6E 897,Economy,12545.0,INR,,,,,AVAILABLE,,serpapi_google_flights,,2026-09-11 15:01:21.061412,1,nonstop; dep 2026-10-11 12:45; key=friend2
3155,DEL,CCU,2026-10-11,30,IndiGo,6E 910,Economy,12545.0,INR,,,,,AVAILABLE,,serpapi_google_flights,,2026-09-11 15:01:21.061412,1,nonstop; dep 2026-10-11 14:25; key=friend2
3156,DEL,CCU,2026-10-11,30,Air India,AI 2535,Economy,13155.0,INR,,,,,AVAILABLE,,serpapi_google_flights,,2026-09-11 15:01:21.061412,1,nonstop; dep 2026-10-11 06:40; key=friend2
3157,DEL,CCU,2026-10-11,30,Air India,AI 2705,Economy,13155.0,INR,,,,,AVAILABLE,,serpapi_google_flights,,2026-09-11 15:01:21.061412,1,nonstop; dep 2026-10-11 07:30; key=friend2
3158,DEL,CCU,2026-10-11,30,Air India,AI 1791,Economy,13518.0,INR,,,,,AVAILABLE,,serpapi_google_flights,,2026-09-11 15:01:21.061412,1,nonstop; dep 2026-10-11 09:55; key=friend2
3159,DEL,CCU,2026-10-11,30,SpiceJet,SG 130,Economy,14164.0,INR,,,,,AVAILABLE,,serpapi_google_flights,,2026-09-11 15:01:21.061412,1,nonstop; dep 2026-10-11 05:20; key=friend2
3160,DEL,CCU,2026-10-11,30,IndiGo,6E 6415,Economy,14172.0,INR,,,,,AVAILABLE,,serpapi_google_flights,,2026-09-11 15:01:21.061412,1,nonstop; dep 2026-10-11 16:00; key=friend2
3161,DEL,CCU,2026-10-11,30,Air India,AI 2767,Economy,15077.0,INR,,,,,AVAILABLE,,serpapi_google_flights,,2026-09-11 15:01:21.061412,1,nonstop; dep 2026-10-11 13:00; key=friend2
3162,DEL,CCU,2026-10-11,30,Air India,AI 1733,Economy,15077.0,INR,,,,,AVAILABLE,,serpapi_google_flights,,2026-09-11 15:01:21.061412,1,nonstop; dep 2026-10-11 16:15; key=friend2
3163,DEL,CCU,2026-10-11,30,SpiceJet,SG 156,Economy,16378.0,INR,,,,,AVAILABLE,,serpapi_google_flights,,2026-09-11 15:01:21.061412,1,nonstop; dep 2026-10-11 06:45; key=friend2
3164,DEL,CCU,2026-10-26,45,Air India Express,IX 1197,Economy,10651.0,INR,,,,,AVAILABLE,,serpapi_google_flights,,2026-09-11 15:01:23.985882,1,nonstop; dep 2026-10-26 20:50; key=friend3
3165,DEL,CCU,2026-10-26,45,Air India,AI 2709,Economy,12252.0,INR,,,,,AVAILABLE,,serpapi_google_flights,,2026-09-11 15:01:23.985882,1,nonstop; dep 2026-10-26 19:40; key=friend3
3166,DEL,CCU,2026-10-26,45,SpiceJet,SG 263,Economy,14164.0,INR,,,,,AVAILABLE,,serpapi_google_flights,,2026-09-11 15:01:23.985882,1,nonstop; dep 2026-10-26 07:00; key=friend3
3167,DEL,CCU,2026-10-26,45,IndiGo,6E 2192,Economy,15065.0,INR,,,,,AVAILABLE,,serpapi_google_flights,,2026-09-11 15:01:23.985882,1,nonstop; dep 2026-10-26 08:30; key=friend3
3168,DEL,CCU,2026-10-26,45,IndiGo,6E 340,Economy,15957.0,INR,,,,,AVAILABLE,,serpapi_google_flights,,2026-09-11 15:01:23.985882,1,nonstop; dep 2026-10-26 06:15; key=friend3
3169,DEL,CCU,2026-10-26,45,IndiGo,6E 247,Economy,15957.0,INR,,,,,AVAILABLE,,serpapi_google_flights,,2026-09-11 15:01:23.985882,1,nonstop; dep 2026-10-26 23:45; key=friend3
3170,DEL,CCU,2026-10-26,45,Akasa Air,QP 1258,Economy,16521.0,INR,,,,,AVAILABLE,,serpapi_google_flights,,2026-09-11 15:01:23.985882,1,nonstop; dep 2026-10-26 08:50; key=friend3
3171,DEL,CCU,2026-10-26,45,IndiGo,6E 5191,Economy,16902.0,INR,,,,,AVAILABLE,,serpapi_google_flights,,2026-09-11 15:01:23.985882,1,nonstop; dep 2026-10-26 04:45; key=friend3
3172,DEL,CCU,2026-10-26,45,IndiGo,6E 894,Economy,16902.0,INR,,,,,AVAILABLE,,serpapi_google_flights,,2026-09-11 15:01:23.985882,1,nonstop; dep 2026-10-26 10:30; key=friend3
3173,DEL,CCU,2026-10-26,45,IndiGo,6E 897,Economy,16902.0,INR,,,,,AVAILABLE,,serpapi_google_flights,,2026-09-11 15:01:23.985882,1,nonstop; dep 2026-10-26 12:15; key=friend3
3174,DEL,CCU,2026-10-26,45,IndiGo,6E 389,Economy,16902.0,INR,,,,,AVAILABLE,,serpapi_google_flights,,2026-09-11 15:01:23.985882,1,nonstop; dep 2026-10-26 22:15; key=friend3
3175,DEL,CCU,2026-10-26,45,Air India,AI 2705,Economy,17161.0,INR,,,,,AVAILABLE,,serpapi_google_flights,,2026-09-11 15:01:23.985882,1,nonstop; dep 2026-10-26 06:45; key=friend3
3176,DEL,CCU,2026-10-26,45,IndiGo,6E 930,Economy,17952.0,INR,,,,,AVAILABLE,,serpapi_google_flights,,2026-09-11 15:01:23.985882,1,nonstop; dep 2026-10-26 03:00; key=friend3
3177,DEL,CCU,2026-10-26,45,IndiGo,6E 2327,Economy,17952.0,INR,,,,,AVAILABLE,,serpapi_google_flights,,2026-09-11 15:01:23.985882,1,nonstop; dep 2026-10-26 13:35; key=friend3
3178,DEL,CCU,2026-10-26,45,IndiGo,6E 920,Economy,19107.0,INR,,,,,AVAILABLE,,serpapi_google_flights,,2026-09-11 15:01:23.985882,1,nonstop; dep 2026-10-26 17:15; key=friend3
3179,DEL,CCU,2026-10-26,45,IndiGo,6E 6415,Economy,20367.0,INR,,,,,AVAILABLE,,serpapi_google_flights,,2026-09-11 15:01:23.985882,1,nonstop; dep 2026-10-26 15:30; key=friend3
3180,DEL,CCU,2026-10-26,45,Akasa Air,QP 1260,Economy,20754.0,INR,,,,,AVAILABLE,,serpapi_google_flights,,2026-09-11 15:01:23.985882,1,nonstop; dep 2026-10-26 20:55; key=friend3
3181,DEL,CCU,2026-10-26,45,Air India,AI 2597,Economy,21996.0,INR,,,,,AVAILABLE,,serpapi_google_flights,,2026-09-11 15:01:23.985882,1,nonstop; dep 2026-10-26 09:30; key=friend3
3182,DEL,CCU,2026-10-26,45,Air India,AI 2553,Economy,21996.0,INR,,,,,AVAILABLE,,serpapi_google_flights,,2026-09-11 15:01:23.985882,1,nonstop; dep 2026-10-26 16:15; key=friend3
3183,DEL,CCU,2026-10-26,45,Air India,AI 2727,Economy,21996.0,INR,,,,,AVAILABLE,,serpapi_google_flights,,2026-09-11 15:01:23.985882,1,nonstop; dep 2026-10-26 21:40; key=friend3
3184,DEL,CCU,2026-10-26,45,IndiGo,6E 6517,Economy,22438.0,INR,,,,,AVAILABLE,,serpapi_google_flights,,2026-09-11 15:01:23.985882,1,nonstop; dep 2026-10-26 19:30; key=friend3
3185,DEL,CCU,2026-10-26,45,Air India,AI 2767,Economy,23456.0,INR,,,,,AVAILABLE,,serpapi_google_flights,,2026-09-11 15:01:23.985882,1,nonstop; dep 2026-10-26 13:00; key=friend3
3186,DEL,CCU,2026-10-26,45,Air India,AI 2707,Economy,23456.0,INR,,,,,AVAILABLE,,serpapi_google_flights,,2026-09-11 15:01:23.985882,1,nonstop; dep 2026-10-26 18:00; key=friend3
3187,AMD,DEL,2026-09-12,1,Air India,AI 2546,Economy,6522.0,INR,,,,,AVAILABLE,,serpapi_google_flights,,2026-09-11 15:01:28.816637,1,nonstop; dep 2026-09-12 23:00; key=friend2
3188,AMD,DEL,2026-09-12,1,Air India,AI 532,Economy,6732.0,INR,,,,,AVAILABLE,,serpapi_google_flights,,2026-09-11 15:01:28.816637,1,nonstop; dep 2026-09-12 21:30; key=friend2
3189,AMD,DEL,2026-09-12,1,IndiGo,6E 932,Economy,6995.0,INR,,,,,AVAILABLE,,serpapi_google_flights,,2026-09-11 15:01:28.816637,1,nonstop; dep 2026-09-12 21:50; key=friend2
3190,AMD,DEL,2026-09-12,1,IndiGo,6E 980,Economy,7205.0,INR,,,,,AVAILABLE,,serpapi_google_flights,,2026-09-11 15:01:28.816637,1,nonstop; dep 2026-09-12 17:05; key=friend2
3191,AMD,DEL,2026-09-12,1,Air India,AI 2716,Economy,7404.0,INR,,,,,AVAILABLE,,serpapi_google_flights,,2026-09-11 15:01:28.816637,1,nonstop; dep 2026-09-12 14:00; key=friend2
3192,AMD,DEL,2026-09-12,1,Air India,AI 882,Economy,7404.0,INR,,,,,AVAILABLE,,serpapi_google_flights,,2026-09-11 15:01:28.816637,1,nonstop; dep 2026-09-12 15:55; key=friend2
3193,AMD,DEL,2026-09-12,1,IndiGo,6E 5072,Economy,7415.0,INR,,,,,AVAILABLE,,serpapi_google_flights,,2026-09-11 15:01:28.816637,1,nonstop; dep 2026-09-12 14:35; key=friend2
3194,AMD,DEL,2026-09-12,1,IndiGo,6E 2263,Economy,7625.0,INR,,,,,AVAILABLE,,serpapi_google_flights,,2026-09-11 15:01:28.816637,1,nonstop; dep 2026-09-12 19:25; key=friend2
3195,AMD,DEL,2026-09-12,1,IndiGo,6E 2340,Economy,8045.0,INR,,,,,AVAILABLE,,serpapi_google_flights,,2026-09-11 15:01:28.816637,1,nonstop; dep 2026-09-12 12:15; key=friend2
3196,AMD,DEL,2026-09-12,1,Air India,AI 2938,Economy,8066.0,INR,,,,,AVAILABLE,,serpapi_google_flights,,2026-09-11 15:01:28.816637,1,nonstop; dep 2026-09-12 18:55; key=friend2
3197,AMD,DEL,2026-09-12,1,Air India,AI 2906,Economy,9567.0,INR,,,,,AVAILABLE,,serpapi_google_flights,,2026-09-11 15:01:28.816637,1,nonstop; dep 2026-09-12 06:25; key=friend2
3198,AMD,DEL,2026-09-12,1,Air India,AI 1117,Economy,9567.0,INR,,,,,AVAILABLE,,serpapi_google_flights,,2026-09-11 15:01:28.816637,1,nonstop; dep 2026-09-12 08:25; key=friend2
3199,AMD,DEL,2026-09-12,1,Air India,AI 2946,Economy,9966.0,INR,,,,,AVAILABLE,,serpapi_google_flights,,2026-09-11 15:01:28.816637,1,nonstop; dep 2026-09-12 09:30; key=friend2
3200,AMD,DEL,2026-09-12,1,IndiGo,6E 2209,Economy,10355.0,INR,,,,,AVAILABLE,,serpapi_google_flights,,2026-09-11 15:01:28.816637,1,nonstop; dep 2026-09-12 05:00; key=friend2
3201,AMD,DEL,2026-09-12,1,IndiGo,6E 983,Economy,10565.0,INR,,,,,AVAILABLE,,serpapi_google_flights,,2026-09-11 15:01:28.816637,1,nonstop; dep 2026-09-12 07:30; key=friend2
3202,AMD,DEL,2026-09-12,1,IndiGo,6E 2179,Economy,10565.0,INR,,,,,AVAILABLE,,serpapi_google_flights,,2026-09-11 15:01:28.816637,1,nonstop; dep 2026-09-12 09:50; key=friend2
3203,AMD,DEL,2026-09-12,1,Air India,AI 1121,Economy,11510.0,INR,,,,,AVAILABLE,,serpapi_google_flights,,2026-09-11 15:01:28.816637,1,nonstop; dep 2026-09-12 20:10; key=friend2
3204,AMD,DEL,2026-09-12,1,IndiGo,6E 5385,Economy,13295.0,INR,,,,,AVAILABLE,,serpapi_google_flights,,2026-09-11 15:01:28.816637,1,nonstop; dep 2026-09-12 00:05; key=friend2
3205,AMD,DEL,2026-09-18,7,IndiGo,6E 5072,Economy,5985.0,INR,,,,,AVAILABLE,,serpapi_google_flights,,2026-09-11 15:01:31.859740,1,nonstop; dep 2026-09-18 14:35; key=friend3
3206,AMD,DEL,2026-09-18,7,IndiGo,6E 932,Economy,5985.0,INR,,,,,AVAILABLE,,serpapi_google_flights,,2026-09-11 15:01:31.859740,1,nonstop; dep 2026-09-18 21:50; key=friend3
3207,AMD,DEL,2026-09-18,7,Air India,AI 424,Economy,6144.0,INR,,,,,AVAILABLE,,serpapi_google_flights,,2026-09-11 15:01:31.859740,1,nonstop; dep 2026-09-18 13:00; key=friend3
3208,AMD,DEL,2026-09-18,7,IndiGo,6E 5385,Economy,5985.0,INR,,,,,AVAILABLE,,serpapi_google_flights,,2026-09-11 15:01:31.859740,1,nonstop; dep 2026-09-18 00:05; key=friend3
3209,AMD,DEL,2026-09-18,7,IndiGo,6E 2340,Economy,5985.0,INR,,,,,AVAILABLE,,serpapi_google_flights,,2026-09-11 15:01:31.859740,1,nonstop; dep 2026-09-18 12:15; key=friend3
3210,AMD,DEL,2026-09-18,7,IndiGo,6E 2179,Economy,6185.0,INR,,,,,AVAILABLE,,serpapi_google_flights,,2026-09-11 15:01:31.859740,1,nonstop; dep 2026-09-18 09:50; key=friend3
3211,AMD,DEL,2026-09-18,7,Air India,AI 2716,Economy,6344.0,INR,,,,,AVAILABLE,,serpapi_google_flights,,2026-09-11 15:01:31.859740,1,nonstop; dep 2026-09-18 14:00; key=friend3
3212,AMD,DEL,2026-09-18,7,IndiGo,6E 2209,Economy,6365.0,INR,,,,,AVAILABLE,,serpapi_google_flights,,2026-09-11 15:01:31.859740,1,nonstop; dep 2026-09-18 05:00; key=friend3
3213,AMD,DEL,2026-09-18,7,IndiGo,6E 980,Economy,6365.0,INR,,,,,AVAILABLE,,serpapi_google_flights,,2026-09-11 15:01:31.859740,1,nonstop; dep 2026-09-18 17:05; key=friend3
3214,AMD,DEL,2026-09-18,7,Air India,AI 532,Economy,6522.0,INR,,,,,AVAILABLE,,serpapi_google_flights,,2026-09-11 15:01:31.859740,1,nonstop; dep 2026-09-18 21:30; key=friend3
3215,AMD,DEL,2026-09-18,7,Air India,AI 1121,Economy,6732.0,INR,,,,,AVAILABLE,,serpapi_google_flights,,2026-09-11 15:01:31.859740,1,nonstop; dep 2026-09-18 20:10; key=friend3
3216,AMD,DEL,2026-09-18,7,Air India,AI 2546,Economy,6732.0,INR,,,,,AVAILABLE,,serpapi_google_flights,,2026-09-11 15:01:31.859740,1,nonstop; dep 2026-09-18 23:00; key=friend3
3217,AMD,DEL,2026-09-18,7,IndiGo,6E 983,Economy,6785.0,INR,,,,,AVAILABLE,,serpapi_google_flights,,2026-09-11 15:01:31.859740,1,nonstop; dep 2026-09-18 07:30; key=friend3
3218,AMD,DEL,2026-09-18,7,IndiGo,6E 2263,Economy,6785.0,INR,,,,,AVAILABLE,,serpapi_google_flights,,2026-09-11 15:01:31.859740,1,nonstop; dep 2026-09-18 19:25; key=friend3
3219,AMD,DEL,2026-09-18,7,Air India,AI 1117,Economy,6942.0,INR,,,,,AVAILABLE,,serpapi_google_flights,,2026-09-11 15:01:31.859740,1,nonstop; dep 2026-09-18 08:25; key=friend3
3220,AMD,DEL,2026-09-18,7,Air India,AI 882,Economy,6990.0,INR,,,,,AVAILABLE,,serpapi_google_flights,,2026-09-11 15:01:31.859740,1,nonstop; dep 2026-09-18 15:55; key=friend3
3221,AMD,DEL,2026-09-18,7,Air India,AI 2946,Economy,7210.0,INR,,,,,AVAILABLE,,serpapi_google_flights,,2026-09-11 15:01:31.859740,1,nonstop; dep 2026-09-18 09:30; key=friend3
3222,AMD,DEL,2026-09-18,7,Air India,AI 2906,Economy,8727.0,INR,,,,,AVAILABLE,,serpapi_google_flights,,2026-09-11 15:01:31.859740,1,nonstop; dep 2026-09-18 06:30; key=friend3
3223,AMD,DEL,2026-09-18,7,Air India,AI 2938,Economy,11709.0,INR,,,,,AVAILABLE,,serpapi_google_flights,,2026-09-11 15:01:31.859740,1,nonstop; dep 2026-09-18 18:55; key=friend3
3224,AMD,DEL,2026-09-26,15,IndiGo,6E 5072,Economy,5985.0,INR,,,,,AVAILABLE,,serpapi_google_flights,,2026-09-11 15:01:35.891050,1,nonstop; dep 2026-09-26 14:35; key=friend2
3225,AMD,DEL,2026-09-26,15,IndiGo,6E 932,Economy,5985.0,INR,,,,,AVAILABLE,,serpapi_google_flights,,2026-09-11 15:01:35.891050,1,nonstop; dep 2026-09-26 21:50; key=friend2
3226,AMD,DEL,2026-09-26,15,Air India,AI 1121,Economy,6144.0,INR,,,,,AVAILABLE,,serpapi_google_flights,,2026-09-11 15:01:35.891050,1,nonstop; dep 2026-09-26 20:10; key=friend2
3227,AMD,DEL,2026-09-26,15,IndiGo,6E 2263,Economy,6185.0,INR,,,,,AVAILABLE,,serpapi_google_flights,,2026-09-11 15:01:35.891050,1,nonstop; dep 2026-09-26 19:25; key=friend2
3228,AMD,DEL,2026-09-26,15,IndiGo,6E 5385,Economy,5985.0,INR,,,,,AVAILABLE,,serpapi_google_flights,,2026-09-11 15:01:35.891050,1,nonstop; dep 2026-09-26 00:05; key=friend2
3229,AMD,DEL,2026-09-26,15,IndiGo,6E 2340,Economy,5985.0,INR,,,,,AVAILABLE,,serpapi_google_flights,,2026-09-11 15:01:35.891050,1,nonstop; dep 2026-09-26 12:15; key=friend2
3230,AMD,DEL,2026-09-26,15,IndiGo,6E 980,Economy,6185.0,INR,,,,,AVAILABLE,,serpapi_google_flights,,2026-09-11 15:01:35.891050,1,nonstop; dep 2026-09-26 17:05; key=friend2
3231,AMD,DEL,2026-09-26,15,Air India,AI 2716,Economy,6344.0,INR,,,,,AVAILABLE,,serpapi_google_flights,,2026-09-11 15:01:35.891050,1,nonstop; dep 2026-09-26 14:00; key=friend2
3232,AMD,DEL,2026-09-26,15,Air India,AI 882,Economy,6344.0,INR,,,,,AVAILABLE,,serpapi_google_flights,,2026-09-11 15:01:35.891050,1,nonstop; dep 2026-09-26 15:55; key=friend2
3233,AMD,DEL,2026-09-26,15,Air India,AI 2938,Economy,6344.0,INR,,,,,AVAILABLE,,serpapi_google_flights,,2026-09-11 15:01:35.891050,1,nonstop; dep 2026-09-26 18:55; key=friend2
3234,AMD,DEL,2026-09-26,15,Air India,AI 532,Economy,6344.0,INR,,,,,AVAILABLE,,serpapi_google_flights,,2026-09-11 15:01:35.891050,1,nonstop; dep 2026-09-26 21:30; key=friend2
3235,AMD,DEL,2026-09-26,15,Air India,AI 2546,Economy,6732.0,INR,,,,,AVAILABLE,,serpapi_google_flights,,2026-09-11 15:01:35.891050,1,nonstop; dep 2026-09-26 23:00; key=friend2
3236,AMD,DEL,2026-09-26,15,Air India,AI 1117,Economy,6942.0,INR,,,,,AVAILABLE,,serpapi_google_flights,,2026-09-11 15:01:35.891050,1,nonstop; dep 2026-09-26 08:25; key=friend2
3237,AMD,DEL,2026-09-26,15,IndiGo,6E 2209,Economy,6995.0,INR,,,,,AVAILABLE,,serpapi_google_flights,,2026-09-11 15:01:35.891050,1,nonstop; dep 2026-09-26 05:00; key=friend2
3238,AMD,DEL,2026-09-26,15,IndiGo,6E 983,Economy,7205.0,INR,,,,,AVAILABLE,,serpapi_google_flights,,2026-09-11 15:01:35.891050,1,nonstop; dep 2026-09-26 07:30; key=friend2
3239,AMD,DEL,2026-09-26,15,IndiGo,6E 2179,Economy,7205.0,INR,,,,,AVAILABLE,,serpapi_google_flights,,2026-09-11 15:01:35.891050,1,nonstop; dep 2026-09-26 09:50; key=friend2
3240,AMD,DEL,2026-09-26,15,Air India,AI 2946,Economy,7693.0,INR,,,,,AVAILABLE,,serpapi_google_flights,,2026-09-11 15:01:35.891050,1,nonstop; dep 2026-09-26 09:30; key=friend2
3241,AMD,DEL,2026-09-26,15,Air India,AI 2906,Economy,7940.0,INR,,,,,AVAILABLE,,serpapi_google_flights,,2026-09-11 15:01:35.891050,1,nonstop; dep 2026-09-26 06:25; key=friend2
3242,AMD,DEL,2026-10-11,30,IndiGo,6E 5072,Economy,5985.0,INR,,,,,AVAILABLE,,serpapi_google_flights,,2026-09-11 15:01:40.504620,1,nonstop; dep 2026-10-11 14:35; key=friend3
3243,AMD,DEL,2026-10-11,30,Air India,AI 424,Economy,6144.0,INR,,,,,AVAILABLE,,serpapi_google_flights,,2026-09-11 15:01:40.504620,1,nonstop; dep 2026-10-11 12:30; key=friend3
3244,AMD,DEL,2026-10-11,30,IndiGo,6E 2263,Economy,6185.0,INR,,,,,AVAILABLE,,serpapi_google_flights,,2026-09-11 15:01:40.504620,1,nonstop; dep 2026-10-11 19:25; key=friend3
3245,AMD,DEL,2026-10-11,30,IndiGo,6E 5385,Economy,5985.0,INR,,,,,AVAILABLE,,serpapi_google_flights,,2026-09-11 15:01:40.504620,1,nonstop; dep 2026-10-11 00:05; key=friend3
3246,AMD,DEL,2026-10-11,30,IndiGo,6E 2209,Economy,5985.0,INR,,,,,AVAILABLE,,serpapi_google_flights,,2026-09-11 15:01:40.504620,1,nonstop; dep 2026-10-11 05:00; key=friend3
3247,AMD,DEL,2026-10-11,30,IndiGo,6E 2340,Economy,5985.0,INR,,,,,AVAILABLE,,serpapi_google_flights,,2026-09-11 15:01:40.504620,1,nonstop; dep 2026-10-11 12:15; key=friend3
3248,AMD,DEL,2026-10-11,30,IndiGo,6E 932,Economy,5985.0,INR,,,,,AVAILABLE,,serpapi_google_flights,,2026-09-11 15:01:40.504620,1,nonstop; dep 2026-10-11 21:50; key=friend3
3249,AMD,DEL,2026-10-11,30,Air India,AI 2906,Economy,6144.0,INR,,,,,AVAILABLE,,serpapi_google_flights,,2026-09-11 15:01:40.504620,1,nonstop; dep 2026-10-11 06:25; key=friend3
3250,AMD,DEL,2026-10-11,30,Air India,AI 1117,Economy,6144.0,INR,,,,,AVAILABLE,,serpapi_google_flights,,2026-09-11 15:01:40.504620,1,nonstop; dep 2026-10-11 08:25; key=friend3
3251,AMD,DEL,2026-10-11,30,IndiGo,6E 2179,Economy,6185.0,INR,,,,,AVAILABLE,,serpapi_google_flights,,2026-09-11 15:01:40.504620,1,nonstop; dep 2026-10-11 09:50; key=friend3
3252,AMD,DEL,2026-10-11,30,IndiGo,6E 980,Economy,6185.0,INR,,,,,AVAILABLE,,serpapi_google_flights,,2026-09-11 15:01:40.504620,1,nonstop; dep 2026-10-11 17:05; key=friend3
3253,AMD,DEL,2026-10-11,30,Air India,AI 1121,Economy,6344.0,INR,,,,,AVAILABLE,,serpapi_google_flights,,2026-09-11 15:01:40.504620,1,nonstop; dep 2026-10-11 20:10; key=friend3
3254,AMD,DEL,2026-10-11,30,Air India,AI 2716,Economy,6370.0,INR,,,,,AVAILABLE,,serpapi_google_flights,,2026-09-11 15:01:40.504620,1,nonstop; dep 2026-10-11 14:00; key=friend3
3255,AMD,DEL,2026-10-11,30,Air India,AI 882,Economy,6370.0,INR,,,,,AVAILABLE,,serpapi_google_flights,,2026-09-11 15:01:40.504620,1,nonstop; dep 2026-10-11 15:55; key=friend3
3256,AMD,DEL,2026-10-11,30,Air India,AI 2938,Economy,6438.0,INR,,,,,AVAILABLE,,serpapi_google_flights,,2026-09-11 15:01:40.504620,1,nonstop; dep 2026-10-11 18:55; key=friend3
3257,AMD,DEL,2026-10-11,30,Air India,AI 532,Economy,6522.0,INR,,,,,AVAILABLE,,serpapi_google_flights,,2026-09-11 15:01:40.504620,1,nonstop; dep 2026-10-11 21:30; key=friend3
3258,AMD,DEL,2026-10-11,30,Air India,AI 2546,Economy,6522.0,INR,,,,,AVAILABLE,,serpapi_google_flights,,2026-09-11 15:01:40.504620,1,nonstop; dep 2026-10-11 23:00; key=friend3
3259,AMD,DEL,2026-10-26,45,Air India Express,IX 1215,Economy,5750.0,INR,,,,,AVAILABLE,,serpapi_google_flights,,2026-09-11 15:01:43.558547,1,nonstop; dep 2026-10-26 06:05; key=friend2
3260,AMD,DEL,2026-10-26,45,IndiGo,6E 6788,Economy,6575.0,INR,,,,,AVAILABLE,,serpapi_google_flights,,2026-09-11 15:01:43.558547,1,nonstop; dep 2026-10-26 12:20; key=friend2
3261,AMD,DEL,2026-10-26,45,SpiceJet,SG 130,Economy,6615.0,INR,,,,,AVAILABLE,,serpapi_google_flights,,2026-09-11 15:01:43.558547,1,nonstop; dep 2026-10-26 06:50; key=friend2
3262,AMD,DEL,2026-10-26,45,IndiGo,6E 2384,Economy,6575.0,INR,,,,,AVAILABLE,,serpapi_google_flights,,2026-09-11 15:01:43.558547,1,nonstop; dep 2026-10-26 00:20; key=friend2
3263,AMD,DEL,2026-10-26,45,IndiGo,6E 6874,Economy,6575.0,INR,,,,,AVAILABLE,,serpapi_google_flights,,2026-09-11 15:01:43.558547,1,nonstop; dep 2026-10-26 05:10; key=friend2
3264,AMD,DEL,2026-10-26,45,IndiGo,6E 980,Economy,6785.0,INR,,,,,AVAILABLE,,serpapi_google_flights,,2026-09-11 15:01:43.558547,1,nonstop; dep 2026-10-26 17:10; key=friend2
3265,AMD,DEL,2026-10-26,45,IndiGo,6E 2263,Economy,6785.0,INR,,,,,AVAILABLE,,serpapi_google_flights,,2026-09-11 15:01:43.558547,1,nonstop; dep 2026-10-26 19:35; key=friend2
3266,AMD,DEL,2026-10-26,45,Air India,AI 1121,Economy,6942.0,INR,,,,,AVAILABLE,,serpapi_google_flights,,2026-09-11 15:01:43.558547,1,nonstop; dep 2026-10-26 20:20; key=friend2
3267,AMD,DEL,2026-10-26,45,Air India,AI 882,Economy,7404.0,INR,,,,,AVAILABLE,,serpapi_google_flights,,2026-09-11 15:01:43.558547,1,nonstop; dep 2026-10-26 17:15; key=friend2
3268,AMD,DEL,2026-10-26,45,Air India,AI 2522,Economy,7520.0,INR,,,,,AVAILABLE,,serpapi_google_flights,,2026-09-11 15:01:43.558547,1,nonstop; dep 2026-10-26 12:45; key=friend2
3269,AMD,DEL,2026-10-26,45,Air India,AI 2938,Economy,7520.0,INR,,,,,AVAILABLE,,serpapi_google_flights,,2026-09-11 15:01:43.558547,1,nonstop; dep 2026-10-26 18:50; key=friend2
3270,AMD,DEL,2026-10-26,45,Air India,AI 2906,Economy,7940.0,INR,,,,,AVAILABLE,,serpapi_google_flights,,2026-09-11 15:01:43.558547,1,nonstop; dep 2026-10-26 06:25; key=friend2
3271,AMD,DEL,2026-10-26,45,IndiGo,6E 932,Economy,8045.0,INR,,,,,AVAILABLE,,serpapi_google_flights,,2026-09-11 15:01:43.558547,1,nonstop; dep 2026-10-26 22:00; key=friend2
3272,AMD,DEL,2026-10-26,45,IndiGo,6E 2288,Economy,9515.0,INR,,,,,AVAILABLE,,serpapi_google_flights,,2026-09-11 15:01:43.558547,1,nonstop; dep 2026-10-26 14:45; key=friend2
3273,AMD,DEL,2026-10-26,45,Air India,AI 2716,Economy,9567.0,INR,,,,,AVAILABLE,,serpapi_google_flights,,2026-09-11 15:01:43.558547,1,nonstop; dep 2026-10-26 14:00; key=friend2
3274,AMD,DEL,2026-10-26,45,Air India,AI 532,Economy,9567.0,INR,,,,,AVAILABLE,,serpapi_google_flights,,2026-09-11 15:01:43.558547,1,nonstop; dep 2026-10-26 21:35; key=friend2
3275,AMD,DEL,2026-10-26,45,Air India,AI 2620,Economy,9567.0,INR,,,,,AVAILABLE,,serpapi_google_flights,,2026-09-11 15:01:43.558547,1,nonstop; dep 2026-10-26 22:20; key=friend2
3276,AMD,DEL,2026-10-26,45,IndiGo,6E 6867,Economy,9725.0,INR,,,,,AVAILABLE,,serpapi_google_flights,,2026-09-11 15:01:43.558547,1,nonstop; dep 2026-10-26 10:00; key=friend2
3277,AMD,DEL,2026-10-26,45,IndiGo,6E 983,Economy,10565.0,INR,,,,,AVAILABLE,,serpapi_google_flights,,2026-09-11 15:01:43.558547,1,nonstop; dep 2026-10-26 07:40; key=friend2
3278,AMD,DEL,2026-10-26,45,Air India,AI 1117,Economy,11510.0,INR,,,,,AVAILABLE,,serpapi_google_flights,,2026-09-11 15:01:43.558547,1,nonstop; dep 2026-10-26 08:15; key=friend2
3279,AMD,DEL,2026-10-26,45,Air India,AI 2646,Economy,11510.0,INR,,,,,AVAILABLE,,serpapi_google_flights,,2026-09-11 15:01:43.558547,1,nonstop; dep 2026-10-26 15:25; key=friend2
3280,BLR,HYD,2026-09-12,1,Air India Express,IX 1723,Economy,7073.0,INR,,,,,AVAILABLE,,serpapi_google_flights,,2026-09-11 15:01:47.341694,1,nonstop; dep 2026-09-12 22:40; key=friend3
3281,BLR,HYD,2026-09-12,1,IndiGo,6E 855,Economy,8062.0,INR,,,,,AVAILABLE,,serpapi_google_flights,,2026-09-11 15:01:47.341694,1,nonstop; dep 2026-09-12 19:45; key=friend3
3282,BLR,HYD,2026-09-12,1,Air India Express,IX 2506,Economy,9029.0,INR,,,,,AVAILABLE,,serpapi_google_flights,,2026-09-11 15:01:47.341694,1,nonstop; dep 2026-09-12 17:15; key=friend3
3283,BLR,HYD,2026-09-12,1,IndiGo,6E 6067,Economy,9570.0,INR,,,,,AVAILABLE,,serpapi_google_flights,,2026-09-11 15:01:47.341694,1,nonstop; dep 2026-09-12 16:30; key=friend3
3284,BLR,HYD,2026-09-12,1,IndiGo,6E 6404,Economy,10443.0,INR,,,,,AVAILABLE,,serpapi_google_flights,,2026-09-11 15:01:47.341694,1,nonstop; dep 2026-09-12 11:35; key=friend3
3285,BLR,HYD,2026-09-12,1,IndiGo,6E 638,Economy,10443.0,INR,,,,,AVAILABLE,,serpapi_google_flights,,2026-09-11 15:01:47.341694,1,nonstop; dep 2026-09-12 18:35; key=friend3
3286,BLR,HYD,2026-09-12,1,IndiGo,6E 6784,Economy,10443.0,INR,,,,,AVAILABLE,,serpapi_google_flights,,2026-09-11 15:01:47.341694,1,nonstop; dep 2026-09-12 21:30; key=friend3
3287,BLR,HYD,2026-09-12,1,IndiGo,6E 6178,Economy,11406.0,INR,,,,,AVAILABLE,,serpapi_google_flights,,2026-09-11 15:01:47.341694,1,nonstop; dep 2026-09-12 06:25; key=friend3
3288,BLR,HYD,2026-09-12,1,IndiGo,6E 312,Economy,11406.0,INR,,,,,AVAILABLE,,serpapi_google_flights,,2026-09-11 15:01:47.341694,1,nonstop; dep 2026-09-12 09:15; key=friend3
3289,BLR,HYD,2026-09-12,1,IndiGo,6E 484,Economy,12468.0,INR,,,,,AVAILABLE,,serpapi_google_flights,,2026-09-11 15:01:47.341694,1,nonstop; dep 2026-09-12 08:15; key=friend3
3290,BLR,HYD,2026-09-12,1,IndiGo,6E 537,Economy,12468.0,INR,,,,,AVAILABLE,,serpapi_google_flights,,2026-09-11 15:01:47.341694,1,nonstop; dep 2026-09-12 10:15; key=friend3
3291,BLR,HYD,2026-09-12,1,IndiGo,6E 407,Economy,12468.0,INR,,,,,AVAILABLE,,serpapi_google_flights,,2026-09-11 15:01:47.341694,1,nonstop; dep 2026-09-12 14:50; key=friend3
3292,BLR,HYD,2026-09-12,1,Air India Express,IX 2018,Economy,12496.0,INR,,,,,AVAILABLE,,serpapi_google_flights,,2026-09-11 15:01:47.341694,1,nonstop; dep 2026-09-12 06:05; key=friend3
3293,BLR,HYD,2026-09-12,1,Air India Express,IX 2819,Economy,16611.0,INR,,,,,AVAILABLE,,serpapi_google_flights,,2026-09-11 15:01:47.341694,1,nonstop; dep 2026-09-12 12:30; key=friend3
3294,BLR,HYD,2026-09-18,7,IndiGo,6E 537,Economy,5808.0,INR,,,,,AVAILABLE,,serpapi_google_flights,,2026-09-11 15:01:50.185934,1,nonstop; dep 2026-09-18 10:15; key=friend2
3295,BLR,HYD,2026-09-18,7,IndiGo,6E 6178,Economy,6291.0,INR,,,,,AVAILABLE,,serpapi_google_flights,,2026-09-11 15:01:50.185934,1,nonstop; dep 2026-09-18 06:25; key=friend2
3296,BLR,HYD,2026-09-18,7,IndiGo,6E 6404,Economy,6291.0,INR,,,,,AVAILABLE,,serpapi_google_flights,,2026-09-11 15:01:50.185934,1,nonstop; dep 2026-09-18 11:35; key=friend2
3297,BLR,HYD,2026-09-18,7,IndiGo,6E 312,Economy,6825.0,INR,,,,,AVAILABLE,,serpapi_google_flights,,2026-09-11 15:01:50.185934,1,nonstop; dep 2026-09-18 09:15; key=friend2
3298,BLR,HYD,2026-09-18,7,Air India Express,IX 2819,Economy,7073.0,INR,,,,,AVAILABLE,,serpapi_google_flights,,2026-09-11 15:01:50.185934,1,nonstop; dep 2026-09-18 12:30; key=friend2
3299,BLR,HYD,2026-09-18,7,IndiGo,6E 484,Economy,7414.0,INR,,,,,AVAILABLE,,serpapi_google_flights,,2026-09-11 15:01:50.185934,1,nonstop; dep 2026-09-18 08:15; key=friend2
3300,BLR,HYD,2026-09-18,7,Air India Express,IX 2018,Economy,8311.0,INR,,,,,AVAILABLE,,serpapi_google_flights,,2026-09-11 15:01:50.185934,1,nonstop; dep 2026-09-18 06:05; key=friend2
3301,BLR,HYD,2026-09-18,7,Air India Express,IX 2506,Economy,8311.0,INR,,,,,AVAILABLE,,serpapi_google_flights,,2026-09-11 15:01:50.185934,1,nonstop; dep 2026-09-18 17:15; key=friend2
3302,BLR,HYD,2026-09-18,7,Star Air,S5 151,Economy,9600.0,INR,,,,,AVAILABLE,,serpapi_google_flights,,2026-09-11 15:01:50.185934,1,nonstop; dep 2026-09-18 19:50; key=friend2
3303,BLR,HYD,2026-09-18,7,IndiGo,6E 6067,Economy,11406.0,INR,,,,,AVAILABLE,,serpapi_google_flights,,2026-09-11 15:01:50.185934,1,nonstop; dep 2026-09-18 16:30; key=friend2
3304,BLR,HYD,2026-09-18,7,IndiGo,6E 6784,Economy,11406.0,INR,,,,,AVAILABLE,,serpapi_google_flights,,2026-09-11 15:01:50.185934,1,nonstop; dep 2026-09-18 21:30; key=friend2
3305,BLR,HYD,2026-09-18,7,Air India Express,IX 1250,Economy,12496.0,INR,,,,,AVAILABLE,,serpapi_google_flights,,2026-09-11 15:01:50.185934,1,nonstop; dep 2026-09-18 19:15; key=friend2
3306,BLR,HYD,2026-09-18,7,IndiGo,6E 638,Economy,13641.0,INR,,,,,AVAILABLE,,serpapi_google_flights,,2026-09-11 15:01:50.185934,1,nonstop; dep 2026-09-18 18:35; key=friend2
3307,BLR,HYD,2026-09-18,7,IndiGo,6E 855,Economy,13641.0,INR,,,,,AVAILABLE,,serpapi_google_flights,,2026-09-11 15:01:50.185934,1,nonstop; dep 2026-09-18 19:45; key=friend2
3308,BLR,HYD,2026-09-26,15,IndiGo,6E 638,Economy,4613.0,INR,,,,,AVAILABLE,,serpapi_google_flights,,2026-09-11 15:02:02.934028,1,nonstop; dep 2026-09-26 18:35; key=friend3
3309,BLR,HYD,2026-09-26,15,Air India Express,IX 1250,Economy,4737.0,INR,,,,,AVAILABLE,,serpapi_google_flights,,2026-09-11 15:02:02.934028,1,nonstop; dep 2026-09-26 19:15; key=friend3
3310,BLR,HYD,2026-09-26,15,IndiGo,6E 6067,Economy,4973.0,INR,,,,,AVAILABLE,,serpapi_google_flights,,2026-09-11 15:02:02.934028,1,nonstop; dep 2026-09-26 16:30; key=friend3
3311,BLR,HYD,2026-09-26,15,IndiGo,6E 855,Economy,4973.0,INR,,,,,AVAILABLE,,serpapi_google_flights,,2026-09-11 15:02:02.934028,1,nonstop; dep 2026-09-26 19:45; key=friend3
3312,BLR,HYD,2026-09-26,15,IndiGo,6E 6784,Economy,4973.0,INR,,,,,AVAILABLE,,serpapi_google_flights,,2026-09-11 15:02:02.934028,1,nonstop; dep 2026-09-26 21:30; key=friend3
3313,BLR,HYD,2026-09-26,15,Air India Express,IX 2506,Economy,5221.0,INR,,,,,AVAILABLE,,serpapi_google_flights,,2026-09-11 15:02:02.934028,1,nonstop; dep 2026-09-26 17:15; key=friend3
3314,BLR,HYD,2026-09-26,15,Air India Express,IX 2018,Economy,5619.0,INR,,,,,AVAILABLE,,serpapi_google_flights,,2026-09-11 15:02:02.934028,1,nonstop; dep 2026-09-26 06:05; key=friend3
3315,BLR,HYD,2026-09-26,15,IndiGo,6E 6178,Economy,6291.0,INR,,,,,AVAILABLE,,serpapi_google_flights,,2026-09-11 15:02:02.934028,1,nonstop; dep 2026-09-26 06:25; key=friend3
3316,BLR,HYD,2026-09-26,15,IndiGo,6E 537,Economy,6291.0,INR,,,,,AVAILABLE,,serpapi_google_flights,,2026-09-11 15:02:02.934028,1,nonstop; dep 2026-09-26 10:15; key=friend3
3317,BLR,HYD,2026-09-26,15,IndiGo,6E 6404,Economy,6291.0,INR,,,,,AVAILABLE,,serpapi_google_flights,,2026-09-11 15:02:02.934028,1,nonstop; dep 2026-09-26 11:35; key=friend3
3318,BLR,HYD,2026-09-26,15,IndiGo,6E 407,Economy,6291.0,INR,,,,,AVAILABLE,,serpapi_google_flights,,2026-09-11 15:02:02.934028,1,nonstop; dep 2026-09-26 14:50; key=friend3
3319,BLR,HYD,2026-09-26,15,Air India Express,IX 2819,Economy,6520.0,INR,,,,,AVAILABLE,,serpapi_google_flights,,2026-09-11 15:02:02.934028,1,nonstop; dep 2026-09-26 12:30; key=friend3
3320,BLR,HYD,2026-09-26,15,IndiGo,6E 484,Economy,6825.0,INR,,,,,AVAILABLE,,serpapi_google_flights,,2026-09-11 15:02:02.934028,1,nonstop; dep 2026-09-26 08:15; key=friend3
3321,BLR,HYD,2026-09-26,15,IndiGo,6E 312,Economy,6825.0,INR,,,,,AVAILABLE,,serpapi_google_flights,,2026-09-11 15:02:02.934028,1,nonstop; dep 2026-09-26 09:15; key=friend3
3322,BLR,HYD,2026-10-11,30,Air India Express,IX 2018,Economy,4473.0,INR,,,,,AVAILABLE,,serpapi_google_flights,,2026-09-11 15:02:06.536099,1,nonstop; dep 2026-10-11 06:05; key=friend2
3323,BLR,HYD,2026-10-11,30,IndiGo,6E 855,Economy,4613.0,INR,,,,,AVAILABLE,,serpapi_google_flights,,2026-09-11 15:02:06.536099,1,nonstop; dep 2026-10-11 19:45; key=friend2
3324,BLR,HYD,2026-10-11,30,IndiGo,6E 6784,Economy,4613.0,INR,,,,,AVAILABLE,,serpapi_google_flights,,2026-09-11 15:02:06.536099,1,nonstop; dep 2026-10-11 21:25; key=friend2
3325,BLR,HYD,2026-10-11,30,IndiGo,6E 638,Economy,5370.0,INR,,,,,AVAILABLE,,serpapi_google_flights,,2026-09-11 15:02:06.536099,1,nonstop; dep 2026-10-11 18:35; key=friend2
3326,BLR,HYD,2026-10-11,30,IndiGo,6E 6178,Economy,4613.0,INR,,,,,AVAILABLE,,serpapi_google_flights,,2026-09-11 15:02:06.536099,1,nonstop; dep 2026-10-11 06:10; key=friend2
3327,BLR,HYD,2026-10-11,30,IndiGo,6E 484,Economy,5370.0,INR,,,,,AVAILABLE,,serpapi_google_flights,,2026-09-11 15:02:06.536099,1,nonstop; dep 2026-10-11 08:15; key=friend2
3328,BLR,HYD,2026-10-11,30,IndiGo,6E 312,Economy,5370.0,INR,,,,,AVAILABLE,,serpapi_google_flights,,2026-09-11 15:02:06.536099,1,nonstop; dep 2026-10-11 09:15; key=friend2
3329,BLR,HYD,2026-10-11,30,IndiGo,6E 537,Economy,5370.0,INR,,,,,AVAILABLE,,serpapi_google_flights,,2026-09-11 15:02:06.536099,1,nonstop; dep 2026-10-11 10:15; key=friend2
3330,BLR,HYD,2026-10-11,30,IndiGo,6E 6067,Economy,6291.0,INR,,,,,AVAILABLE,,serpapi_google_flights,,2026-09-11 15:02:06.536099,1,nonstop; dep 2026-10-11 16:30; key=friend2
3331,BLR,HYD,2026-10-11,30,Air India Express,IX 2506,Economy,7073.0,INR,,,,,AVAILABLE,,serpapi_google_flights,,2026-09-11 15:02:06.536099,1,nonstop; dep 2026-10-11 17:15; key=friend2
3332,BLR,HYD,2026-10-11,30,Air India Express,IX 1250,Economy,7073.0,INR,,,,,AVAILABLE,,serpapi_google_flights,,2026-09-11 15:02:06.536099,1,nonstop; dep 2026-10-11 19:10; key=friend2
3333,BLR,HYD,2026-10-11,30,Air India Express,IX 2819,Economy,7662.0,INR,,,,,AVAILABLE,,serpapi_google_flights,,2026-09-11 15:02:06.536099,1,nonstop; dep 2026-10-11 12:30; key=friend2
3334,BLR,HYD,2026-10-11,30,Air India Express,IX 2051,Economy,9029.0,INR,,,,,AVAILABLE,,serpapi_google_flights,,2026-09-11 15:02:06.536099,1,nonstop; dep 2026-10-11 14:55; key=friend2
3335,BLR,HYD,2026-10-11,30,IndiGo,6E 6404,Economy,9570.0,INR,,,,,AVAILABLE,,serpapi_google_flights,,2026-09-11 15:02:06.536099,1,nonstop; dep 2026-10-11 11:35; key=friend2
3336,BLR,HYD,2026-10-26,45,IndiGo,6E 6178,Economy,4288.0,INR,,,,,AVAILABLE,,serpapi_google_flights,,2026-09-11 15:02:11.660700,1,nonstop; dep 2026-10-26 11:25; key=friend3
3337,BLR,HYD,2026-10-26,45,IndiGo,6E 6404,Economy,4288.0,INR,,,,,AVAILABLE,,serpapi_google_flights,,2026-09-11 15:02:11.660700,1,nonstop; dep 2026-10-26 13:35; key=friend3
3338,BLR,HYD,2026-10-26,45,IndiGo,6E 6923,Economy,4288.0,INR,,,,,AVAILABLE,,serpapi_google_flights,,2026-09-11 15:02:11.660700,1,nonstop; dep 2026-10-26 14:50; key=friend3
3339,BLR,HYD,2026-10-26,45,IndiGo,6E 312,Economy,4288.0,INR,,,,,AVAILABLE,,serpapi_google_flights,,2026-09-11 15:02:11.660700,1,nonstop; dep 2026-10-26 09:15; key=friend3
3340,BLR,HYD,2026-10-26,45,Air India Express,IX 1250,Economy,4473.0,INR,,,,,AVAILABLE,,serpapi_google_flights,,2026-09-11 15:02:11.660700,1,nonstop; dep 2026-10-26 21:50; key=friend3
3341,BLR,HYD,2026-10-26,45,IndiGo,6E 855,Economy,4613.0,INR,,,,,AVAILABLE,,serpapi_google_flights,,2026-09-11 15:02:11.660700,1,nonstop; dep 2026-10-26 20:05; key=friend3
3342,BLR,HYD,2026-10-26,45,IndiGo,6E 6784,Economy,4613.0,INR,,,,,AVAILABLE,,serpapi_google_flights,,2026-09-11 15:02:11.660700,1,nonstop; dep 2026-10-26 21:35; key=friend3
3343,BLR,HYD,2026-10-26,45,Air India Express,IX 2018,Economy,4737.0,INR,,,,,AVAILABLE,,serpapi_google_flights,,2026-09-11 15:02:11.660700,1,nonstop; dep 2026-10-26 06:00; key=friend3
3344,BLR,HYD,2026-10-26,45,Air India Express,IX 1251,Economy,4737.0,INR,,,,,AVAILABLE,,serpapi_google_flights,,2026-09-11 15:02:11.660700,1,nonstop; dep 2026-10-26 08:30; key=friend3
3345,BLR,HYD,2026-10-26,45,Air India Express,IX 2935,Economy,4737.0,INR,,,,,AVAILABLE,,serpapi_google_flights,,2026-09-11 15:02:11.660700,1,nonstop; dep 2026-10-26 19:45; key=friend3
3346,BLR,HYD,2026-10-26,45,IndiGo,6E 484,Economy,4973.0,INR,,,,,AVAILABLE,,serpapi_google_flights,,2026-09-11 15:02:11.660700,1,nonstop; dep 2026-10-26 07:25; key=friend3
3347,BLR,HYD,2026-10-26,45,IndiGo,6E 537,Economy,4973.0,INR,,,,,AVAILABLE,,serpapi_google_flights,,2026-09-11 15:02:11.660700,1,nonstop; dep 2026-10-26 10:15; key=friend3
3348,BLR,HYD,2026-10-26,45,IndiGo,6E 6067,Economy,4973.0,INR,,,,,AVAILABLE,,serpapi_google_flights,,2026-09-11 15:02:11.660700,1,nonstop; dep 2026-10-26 16:40; key=friend3
3349,BLR,HYD,2026-10-26,45,IndiGo,6E 638,Economy,4973.0,INR,,,,,AVAILABLE,,serpapi_google_flights,,2026-09-11 15:02:11.660700,1,nonstop; dep 2026-10-26 18:35; key=friend3
3350,BLR,HYD,2026-10-26,45,Air India Express,IX 2051,Economy,5221.0,INR,,,,,AVAILABLE,,serpapi_google_flights,,2026-09-11 15:02:11.660700,1,nonstop; dep 2026-10-26 14:50; key=friend3
3351,BLR,HYD,2026-10-26,45,Air India Express,IX 2841,Economy,5221.0,INR,,,,,AVAILABLE,,serpapi_google_flights,,2026-09-11 15:02:11.660700,1,nonstop; dep 2026-10-26 17:30; key=friend3
3352,BLR,HYD,2026-10-26,45,Star Air,S5 151,Economy,5644.0,INR,,,,,AVAILABLE,,serpapi_google_flights,,2026-09-11 15:02:11.660700,1,nonstop; dep 2026-10-26 12:30; key=friend3
3353,MAA,DEL,2026-09-12,1,Air India,AI 2468,Economy,10892.0,INR,,,,,AVAILABLE,,serpapi_google_flights,,2026-09-11 15:02:19.869046,1,nonstop; dep 2026-09-12 14:00; key=friend2
3354,MAA,DEL,2026-09-12,1,IndiGo,6E 939,Economy,11000.0,INR,,,,,AVAILABLE,,serpapi_google_flights,,2026-09-11 15:02:19.869046,1,nonstop; dep 2026-09-12 13:00; key=friend2
3355,MAA,DEL,2026-09-12,1,IndiGo,6E 948,Economy,11000.0,INR,,,,,AVAILABLE,,serpapi_google_flights,,2026-09-11 15:02:19.869046,1,nonstop; dep 2026-09-12 14:30; key=friend2
3356,MAA,DEL,2026-09-12,1,Air India,AI 2484,Economy,11411.0,INR,,,,,AVAILABLE,,serpapi_google_flights,,2026-09-11 15:02:19.869046,1,nonstop; dep 2026-09-12 16:20; key=friend2
3357,MAA,DEL,2026-09-12,1,IndiGo,6E 698,Economy,11518.0,INR,,,,,AVAILABLE,,serpapi_google_flights,,2026-09-11 15:02:19.869046,1,nonstop; dep 2026-09-12 16:45; key=friend2
3358,MAA,DEL,2026-09-12,1,Air India,AI 2836,Economy,11963.0,INR,,,,,AVAILABLE,,serpapi_google_flights,,2026-09-11 15:02:19.869046,1,nonstop; dep 2026-09-12 11:00; key=friend2
3359,MAA,DEL,2026-09-12,1,IndiGo,6E 404,Economy,12065.0,INR,,,,,AVAILABLE,,serpapi_google_flights,,2026-09-11 15:02:19.869046,1,nonstop; dep 2026-09-12 09:15; key=friend2
3360,MAA,DEL,2026-09-12,1,IndiGo,6E 6002,Economy,12065.0,INR,,,,,AVAILABLE,,serpapi_google_flights,,2026-09-11 15:02:19.869046,1,nonstop; dep 2026-09-12 11:10; key=friend2
3361,MAA,DEL,2026-09-12,1,IndiGo,6E 2369,Economy,12065.0,INR,,,,,AVAILABLE,,serpapi_google_flights,,2026-09-11 15:02:19.869046,1,nonstop; dep 2026-09-12 23:45; key=friend2
3362,MAA,DEL,2026-09-12,1,IndiGo,6E 937,Economy,12642.0,INR,,,,,AVAILABLE,,serpapi_google_flights,,2026-09-11 15:02:19.869046,1,nonstop; dep 2026-09-12 06:30; key=friend2
3363,MAA,DEL,2026-09-12,1,Air India,AI 2886,Economy,14567.0,INR,,,,,AVAILABLE,,serpapi_google_flights,,2026-09-11 15:02:19.869046,1,nonstop; dep 2026-09-12 06:55; key=friend2
3364,MAA,DEL,2026-09-12,1,IndiGo,6E 613,Economy,14569.0,INR,,,,,AVAILABLE,,serpapi_google_flights,,2026-09-11 15:02:19.869046,1,nonstop; dep 2026-09-12 19:00; key=friend2
3365,MAA,DEL,2026-09-12,1,Air India,AI 538,Economy,16640.0,INR,,,,,AVAILABLE,,serpapi_google_flights,,2026-09-11 15:02:19.869046,1,nonstop; dep 2026-09-12 20:10; key=friend2
3366,MAA,DEL,2026-09-12,1,Air India,AI 2838,Economy,16640.0,INR,,,,,AVAILABLE,,serpapi_google_flights,,2026-09-11 15:02:19.869046,1,nonstop; dep 2026-09-12 21:40; key=friend2
3367,MAA,DEL,2026-09-18,7,Air India,AI 2836,Economy,10183.0,INR,,,,,AVAILABLE,,serpapi_google_flights,,2026-09-11 15:02:23.950757,1,nonstop; dep 2026-09-18 11:00; key=friend3
3368,MAA,DEL,2026-09-18,7,IndiGo,6E 2369,Economy,10510.0,INR,,,,,AVAILABLE,,serpapi_google_flights,,2026-09-11 15:02:23.950757,1,nonstop; dep 2026-09-18 23:45; key=friend3
3369,MAA,DEL,2026-09-18,7,Air India,AI 2468,Economy,10183.0,INR,,,,,AVAILABLE,,serpapi_google_flights,,2026-09-11 15:02:23.950757,1,nonstop; dep 2026-09-18 14:00; key=friend3
3370,MAA,DEL,2026-09-18,7,IndiGo,6E 6002,Economy,10510.0,INR,,,,,AVAILABLE,,serpapi_google_flights,,2026-09-11 15:02:23.950757,1,nonstop; dep 2026-09-18 11:10; key=friend3
3371,MAA,DEL,2026-09-18,7,IndiGo,6E 939,Economy,10510.0,INR,,,,,AVAILABLE,,serpapi_google_flights,,2026-09-11 15:02:23.950757,1,nonstop; dep 2026-09-18 13:00; key=friend3
3372,MAA,DEL,2026-09-18,7,Air India,AI 2526,Economy,10892.0,INR,,,,,AVAILABLE,,serpapi_google_flights,,2026-09-11 15:02:23.950757,1,nonstop; dep 2026-09-18 09:20; key=friend3
3373,MAA,DEL,2026-09-18,7,IndiGo,6E 404,Economy,11518.0,INR,,,,,AVAILABLE,,serpapi_google_flights,,2026-09-11 15:02:23.950757,1,nonstop; dep 2026-09-18 09:15; key=friend3
3374,MAA,DEL,2026-09-18,7,IndiGo,6E 948,Economy,11518.0,INR,,,,,AVAILABLE,,serpapi_google_flights,,2026-09-11 15:02:23.950757,1,nonstop; dep 2026-09-18 14:30; key=friend3
3375,MAA,DEL,2026-09-18,7,IndiGo,6E 951,Economy,11518.0,INR,,,,,AVAILABLE,,serpapi_google_flights,,2026-09-11 15:02:23.950757,1,nonstop; dep 2026-09-18 21:50; key=friend3
3376,MAA,DEL,2026-09-18,7,Air India,AI 2838,Economy,11705.0,INR,,,,,AVAILABLE,,serpapi_google_flights,,2026-09-11 15:02:23.950757,1,nonstop; dep 2026-09-18 21:40; key=friend3
3377,MAA,DEL,2026-09-18,7,IndiGo,6E 937,Economy,13892.0,INR,,,,,AVAILABLE,,serpapi_google_flights,,2026-09-11 15:02:23.950757,1,nonstop; dep 2026-09-18 06:30; key=friend3
3378,MAA,DEL,2026-09-18,7,Air India,AI 538,Economy,13973.0,INR,,,,,AVAILABLE,,serpapi_google_flights,,2026-09-11 15:02:23.950757,1,nonstop; dep 2026-09-18 20:10; key=friend3
3379,MAA,DEL,2026-09-18,7,Air India,AI 2886,Economy,14567.0,INR,,,,,AVAILABLE,,serpapi_google_flights,,2026-09-11 15:02:23.950757,1,nonstop; dep 2026-09-18 06:55; key=friend3
3380,MAA,DEL,2026-09-18,7,IndiGo,6E 698,Economy,14569.0,INR,,,,,AVAILABLE,,serpapi_google_flights,,2026-09-11 15:02:23.950757,1,nonstop; dep 2026-09-18 16:45; key=friend3
3381,MAA,DEL,2026-09-18,7,Air India,AI 2484,Economy,15207.0,INR,,,,,AVAILABLE,,serpapi_google_flights,,2026-09-11 15:02:23.950757,1,nonstop; dep 2026-09-18 16:20; key=friend3
3382,MAA,DEL,2026-09-18,7,IndiGo,6E 613,Economy,15284.0,INR,,,,,AVAILABLE,,serpapi_google_flights,,2026-09-11 15:02:23.950757,1,nonstop; dep 2026-09-18 19:00; key=friend3
3383,MAA,DEL,2026-09-26,15,Air India,AI 2838,Economy,10183.0,INR,,,,,AVAILABLE,,serpapi_google_flights,,2026-09-11 15:02:27.624658,1,nonstop; dep 2026-09-26 21:40; key=friend2
3384,MAA,DEL,2026-09-26,15,IndiGo,6E 2369,Economy,11000.0,INR,,,,,AVAILABLE,,serpapi_google_flights,,2026-09-11 15:02:27.624658,1,nonstop; dep 2026-09-26 23:45; key=friend2
3385,MAA,DEL,2026-09-26,15,IndiGo,6E 613,Economy,11518.0,INR,,,,,AVAILABLE,,serpapi_google_flights,,2026-09-11 15:02:27.624658,1,nonstop; dep 2026-09-26 19:00; key=friend2
3386,MAA,DEL,2026-09-26,15,Air India,AI 538,Economy,11963.0,INR,,,,,AVAILABLE,,serpapi_google_flights,,2026-09-11 15:02:27.624658,1,nonstop; dep 2026-09-26 20:10; key=friend2
3387,MAA,DEL,2026-09-26,15,IndiGo,6E 939,Economy,12065.0,INR,,,,,AVAILABLE,,serpapi_google_flights,,2026-09-11 15:02:27.624658,1,nonstop; dep 2026-09-26 13:00; key=friend2
3388,MAA,DEL,2026-09-26,15,IndiGo,6E 948,Economy,12065.0,INR,,,,,AVAILABLE,,serpapi_google_flights,,2026-09-11 15:02:27.624658,1,nonstop; dep 2026-09-26 14:30; key=friend2
3389,MAA,DEL,2026-09-26,15,IndiGo,6E 698,Economy,12065.0,INR,,,,,AVAILABLE,,serpapi_google_flights,,2026-09-11 15:02:27.624658,1,nonstop; dep 2026-09-26 16:45; key=friend2
3390,MAA,DEL,2026-09-26,15,Air India,AI 2836,Economy,12551.0,INR,,,,,AVAILABLE,,serpapi_google_flights,,2026-09-11 15:02:27.624658,1,nonstop; dep 2026-09-26 11:00; key=friend2
3391,MAA,DEL,2026-09-26,15,Air India,AI 2468,Economy,12551.0,INR,,,,,AVAILABLE,,serpapi_google_flights,,2026-09-11 15:02:27.624658,1,nonstop; dep 2026-09-26 14:00; key=friend2
3392,MAA,DEL,2026-09-26,15,Air India,AI 2484,Economy,12551.0,INR,,,,,AVAILABLE,,serpapi_google_flights,,2026-09-11 15:02:27.624658,1,nonstop; dep 2026-09-26 16:20; key=friend2
3393,MAA,DEL,2026-09-26,15,IndiGo,6E 404,Economy,12642.0,INR,,,,,AVAILABLE,,serpapi_google_flights,,2026-09-11 15:02:27.624658,1,nonstop; dep 2026-09-26 09:15; key=friend2
3394,MAA,DEL,2026-09-26,15,IndiGo,6E 6002,Economy,13251.0,INR,,,,,AVAILABLE,,serpapi_google_flights,,2026-09-11 15:02:27.624658,1,nonstop; dep 2026-09-26 11:10; key=friend2
3395,MAA,DEL,2026-09-26,15,Air India,AI 2886,Economy,13391.0,INR,,,,,AVAILABLE,,serpapi_google_flights,,2026-09-11 15:02:27.624658,1,nonstop; dep 2026-09-26 06:55; key=friend2
3396,MAA,DEL,2026-09-26,15,IndiGo,6E 937,Economy,13892.0,INR,,,,,AVAILABLE,,serpapi_google_flights,,2026-09-11 15:02:27.624658,1,nonstop; dep 2026-09-26 06:30; key=friend2
3397,MAA,DEL,2026-10-11,30,IndiGo,6E 939,Economy,10045.0,INR,,,,,AVAILABLE,,serpapi_google_flights,,2026-09-11 15:02:33.116213,1,nonstop; dep 2026-10-11 13:00; key=friend3
3398,MAA,DEL,2026-10-11,30,IndiGo,6E 948,Economy,10045.0,INR,,,,,AVAILABLE,,serpapi_google_flights,,2026-09-11 15:02:33.116213,1,nonstop; dep 2026-10-11 14:30; key=friend3
3399,MAA,DEL,2026-10-11,30,IndiGo,6E 698,Economy,10045.0,INR,,,,,AVAILABLE,,serpapi_google_flights,,2026-09-11 15:02:33.116213,1,nonstop; dep 2026-10-11 16:45; key=friend3
3400,MAA,DEL,2026-10-11,30,IndiGo,6E 613,Economy,10045.0,INR,,,,,AVAILABLE,,serpapi_google_flights,,2026-09-11 15:02:33.116213,1,nonstop; dep 2026-10-11 19:00; key=friend3
3401,MAA,DEL,2026-10-11,30,Air India,AI 2468,Economy,10435.0,INR,,,,,AVAILABLE,,serpapi_google_flights,,2026-09-11 15:02:33.116213,1,nonstop; dep 2026-10-11 14:00; key=friend3
3402,MAA,DEL,2026-10-11,30,IndiGo,6E 937,Economy,10045.0,INR,,,,,AVAILABLE,,serpapi_google_flights,,2026-09-11 15:02:33.116213,1,nonstop; dep 2026-10-11 06:30; key=friend3
3403,MAA,DEL,2026-10-11,30,IndiGo,6E 404,Economy,10045.0,INR,,,,,AVAILABLE,,serpapi_google_flights,,2026-09-11 15:02:33.116213,1,nonstop; dep 2026-10-11 09:15; key=friend3
3404,MAA,DEL,2026-10-11,30,IndiGo,6E 951,Economy,10045.0,INR,,,,,AVAILABLE,,serpapi_google_flights,,2026-09-11 15:02:33.116213,1,nonstop; dep 2026-10-11 21:50; key=friend3
3405,MAA,DEL,2026-10-11,30,IndiGo,6E 2369,Economy,10045.0,INR,,,,,AVAILABLE,,serpapi_google_flights,,2026-09-11 15:02:33.116213,1,nonstop; dep 2026-10-11 23:45; key=friend3
3406,MAA,DEL,2026-10-11,30,Air India,AI 2832,Economy,10183.0,INR,,,,,AVAILABLE,,serpapi_google_flights,,2026-09-11 15:02:33.116213,1,nonstop; dep 2026-10-11 06:55; key=friend3
3407,MAA,DEL,2026-10-11,30,Air India,AI 2886,Economy,10183.0,INR,,,,,AVAILABLE,,serpapi_google_flights,,2026-09-11 15:02:33.116213,1,nonstop; dep 2026-10-11 08:05; key=friend3
3408,MAA,DEL,2026-10-11,30,Air India,AI 2836,Economy,10435.0,INR,,,,,AVAILABLE,,serpapi_google_flights,,2026-09-11 15:02:33.116213,1,nonstop; dep 2026-10-11 11:00; key=friend3
3409,MAA,DEL,2026-10-11,30,Air India,AI 2838,Economy,10435.0,INR,,,,,AVAILABLE,,serpapi_google_flights,,2026-09-11 15:02:33.116213,1,nonstop; dep 2026-10-11 21:40; key=friend3
3410,MAA,DEL,2026-10-11,30,IndiGo,6E 6002,Economy,10510.0,INR,,,,,AVAILABLE,,serpapi_google_flights,,2026-09-11 15:02:33.116213,1,nonstop; dep 2026-10-11 11:10; key=friend3
3411,MAA,DEL,2026-10-11,30,Air India,AI 2484,Economy,10603.0,INR,,,,,AVAILABLE,,serpapi_google_flights,,2026-09-11 15:02:33.116213,1,nonstop; dep 2026-10-11 16:20; key=friend3
3412,MAA,DEL,2026-10-11,30,Air India,AI 538,Economy,10603.0,INR,,,,,AVAILABLE,,serpapi_google_flights,,2026-09-11 15:02:33.116213,1,nonstop; dep 2026-10-11 20:10; key=friend3
3413,MAA,DEL,2026-10-11,30,IndiGo,6E 953,Economy,12642.0,INR,,,,,AVAILABLE,,serpapi_google_flights,,2026-09-11 15:02:33.116213,1,nonstop; dep 2026-10-11 02:45; key=friend3
3414,MAA,DEL,2026-10-26,45,IndiGo,6E 6002,Economy,10045.0,INR,,,,,AVAILABLE,,serpapi_google_flights,,2026-09-11 15:02:37.079233,1,nonstop; dep 2026-10-26 11:00; key=friend2
3415,MAA,DEL,2026-10-26,45,Air India,AI 2526,Economy,10183.0,INR,,,,,AVAILABLE,,serpapi_google_flights,,2026-09-11 15:02:37.079233,1,nonstop; dep 2026-10-26 09:50; key=friend2
3416,MAA,DEL,2026-10-26,45,IndiGo,6E 953,Economy,10045.0,INR,,,,,AVAILABLE,,serpapi_google_flights,,2026-09-11 15:02:37.079233,1,nonstop; dep 2026-10-26 02:45; key=friend2
3417,MAA,DEL,2026-10-26,45,IndiGo,6E 2335,Economy,10045.0,INR,,,,,AVAILABLE,,serpapi_google_flights,,2026-09-11 15:02:37.079233,1,nonstop; dep 2026-10-26 12:30; key=friend2
3418,MAA,DEL,2026-10-26,45,IndiGo,6E 948,Economy,10045.0,INR,,,,,AVAILABLE,,serpapi_google_flights,,2026-09-11 15:02:37.079233,1,nonstop; dep 2026-10-26 14:15; key=friend2
3419,MAA,DEL,2026-10-26,45,IndiGo,6E 698,Economy,10045.0,INR,,,,,AVAILABLE,,serpapi_google_flights,,2026-09-11 15:02:37.079233,1,nonstop; dep 2026-10-26 16:30; key=friend2
3420,MAA,DEL,2026-10-26,45,IndiGo,6E 613,Economy,10045.0,INR,,,,,AVAILABLE,,serpapi_google_flights,,2026-09-11 15:02:37.079233,1,nonstop; dep 2026-10-26 19:00; key=friend2
3421,MAA,DEL,2026-10-26,45,IndiGo,6E 2202,Economy,10045.0,INR,,,,,AVAILABLE,,serpapi_google_flights,,2026-09-11 15:02:37.079233,1,nonstop; dep 2026-10-26 21:30; key=friend2
3422,MAA,DEL,2026-10-26,45,IndiGo,6E 6343,Economy,10045.0,INR,,,,,AVAILABLE,,serpapi_google_flights,,2026-09-11 15:02:37.079233,1,nonstop; dep 2026-10-26 23:45; key=friend2
3423,MAA,DEL,2026-10-26,45,Air India,AI 2836,Economy,10183.0,INR,,,,,AVAILABLE,,serpapi_google_flights,,2026-09-11 15:02:37.079233,1,nonstop; dep 2026-10-26 11:00; key=friend2
3424,MAA,DEL,2026-10-26,45,Air India,AI 2524,Economy,10183.0,INR,,,,,AVAILABLE,,serpapi_google_flights,,2026-09-11 15:02:37.079233,1,nonstop; dep 2026-10-26 12:20; key=friend2
3425,MAA,DEL,2026-10-26,45,Air India,AI 2508,Economy,10183.0,INR,,,,,AVAILABLE,,serpapi_google_flights,,2026-09-11 15:02:37.079233,1,nonstop; dep 2026-10-26 15:45; key=friend2
3426,MAA,DEL,2026-10-26,45,Air India,AI 538,Economy,10183.0,INR,,,,,AVAILABLE,,serpapi_google_flights,,2026-09-11 15:02:37.079233,1,nonstop; dep 2026-10-26 20:00; key=friend2
3427,MAA,DEL,2026-10-26,45,IndiGo,6E 937,Economy,10510.0,INR,,,,,AVAILABLE,,serpapi_google_flights,,2026-09-11 15:02:37.079233,1,nonstop; dep 2026-10-26 05:45; key=friend2
3428,MAA,DEL,2026-10-26,45,IndiGo,6E 404,Economy,10510.0,INR,,,,,AVAILABLE,,serpapi_google_flights,,2026-09-11 15:02:37.079233,1,nonstop; dep 2026-10-26 09:00; key=friend2
3429,MAA,DEL,2026-10-26,45,Air India,AI 2832,Economy,10892.0,INR,,,,,AVAILABLE,,serpapi_google_flights,,2026-09-11 15:02:37.079233,1,nonstop; dep 2026-10-26 06:55; key=friend2
3430,MAA,DEL,2026-10-26,45,Air India,AI 2886,Economy,10892.0,INR,,,,,AVAILABLE,,serpapi_google_flights,,2026-09-11 15:02:37.079233,1,nonstop; dep 2026-10-26 08:05; key=friend2
3431,CCU,BOM,2026-09-12,1,Air India,AI 2772,Economy,9008.0,INR,,,,,AVAILABLE,,serpapi_google_flights,,2026-09-11 15:02:41.733912,1,nonstop; dep 2026-09-12 10:30; key=friend3
3432,CCU,BOM,2026-09-12,1,IndiGo,6E 5183,Economy,9108.0,INR,,,,,AVAILABLE,,serpapi_google_flights,,2026-09-11 15:02:41.733912,1,nonstop; dep 2026-09-12 09:15; key=friend3
3433,CCU,BOM,2026-09-12,1,Akasa Air,QP 1126,Economy,9347.0,INR,,,,,AVAILABLE,,serpapi_google_flights,,2026-09-11 15:02:41.733912,1,nonstop; dep 2026-09-12 23:00; key=friend3
3434,CCU,BOM,2026-09-12,1,IndiGo,6E 5194,Economy,8850.0,INR,,,,,AVAILABLE,,serpapi_google_flights,,2026-09-11 15:02:41.733912,1,nonstop; dep 2026-09-12 06:25; key=friend3
3435,CCU,BOM,2026-09-12,1,Air India,AI 2644,Economy,9008.0,INR,,,,,AVAILABLE,,serpapi_google_flights,,2026-09-11 15:02:41.733912,1,nonstop; dep 2026-09-12 06:55; key=friend3
3436,CCU,BOM,2026-09-12,1,Air India,AI 2482,Economy,9008.0,INR,,,,,AVAILABLE,,serpapi_google_flights,,2026-09-11 15:02:41.733912,1,nonstop; dep 2026-09-12 20:35; key=friend3
3437,CCU,BOM,2026-09-12,1,IndiGo,6E 5288,Economy,9108.0,INR,,,,,AVAILABLE,,serpapi_google_flights,,2026-09-11 15:02:41.733912,1,nonstop; dep 2026-09-12 11:35; key=friend3
3438,CCU,BOM,2026-09-12,1,IndiGo,6E 5227,Economy,9318.0,INR,,,,,AVAILABLE,,serpapi_google_flights,,2026-09-11 15:02:41.733912,1,nonstop; dep 2026-09-12 13:45; key=friend3
3439,CCU,BOM,2026-09-12,1,Akasa Air,QP 1136,Economy,9347.0,INR,,,,,AVAILABLE,,serpapi_google_flights,,2026-09-11 15:02:41.733912,1,nonstop; dep 2026-09-12 05:10; key=friend3
3440,CCU,BOM,2026-09-12,1,IndiGo,6E 115,Economy,9580.0,INR,,,,,AVAILABLE,,serpapi_google_flights,,2026-09-11 15:02:41.733912,1,nonstop; dep 2026-09-12 21:40; key=friend3
3441,CCU,BOM,2026-09-12,1,Akasa Air,QP 1108,Economy,11075.0,INR,,,,,AVAILABLE,,serpapi_google_flights,,2026-09-11 15:02:41.733912,1,nonstop; dep 2026-09-12 17:05; key=friend3
3442,CCU,BOM,2026-09-12,1,IndiGo,6E 6206,Economy,11418.0,INR,,,,,AVAILABLE,,serpapi_google_flights,,2026-09-11 15:02:41.733912,1,nonstop; dep 2026-09-12 16:15; key=friend3
3443,CCU,BOM,2026-09-12,1,Air India,AI 2472,Economy,16237.0,INR,,,,,AVAILABLE,,serpapi_google_flights,,2026-09-11 15:02:41.733912,1,nonstop; dep 2026-09-12 15:10; key=friend3
3444,CCU,BOM,2026-09-18,7,Akasa Air,QP 1136,Economy,8602.0,INR,,,,,AVAILABLE,,serpapi_google_flights,,2026-09-11 15:02:50.837951,1,nonstop; dep 2026-09-18 05:10; key=friend2
3445,CCU,BOM,2026-09-18,7,IndiGo,6E 5183,Economy,8850.0,INR,,,,,AVAILABLE,,serpapi_google_flights,,2026-09-11 15:02:50.837951,1,nonstop; dep 2026-09-18 09:15; key=friend2
3446,CCU,BOM,2026-09-18,7,Air India,AI 2772,Economy,9008.0,INR,,,,,AVAILABLE,,serpapi_google_flights,,2026-09-11 15:02:50.837951,1,nonstop; dep 2026-09-18 10:30; key=friend2
3447,CCU,BOM,2026-09-18,7,IndiGo,6E 5194,Economy,8850.0,INR,,,,,AVAILABLE,,serpapi_google_flights,,2026-09-11 15:02:50.837951,1,nonstop; dep 2026-09-18 06:25; key=friend2
3448,CCU,BOM,2026-09-18,7,IndiGo,6E 5288,Economy,8850.0,INR,,,,,AVAILABLE,,serpapi_google_flights,,2026-09-11 15:02:50.837951,1,nonstop; dep 2026-09-18 11:35; key=friend2
3449,CCU,BOM,2026-09-18,7,IndiGo,6E 5227,Economy,8850.0,INR,,,,,AVAILABLE,,serpapi_google_flights,,2026-09-11 15:02:50.837951,1,nonstop; dep 2026-09-18 13:45; key=friend2
3450,CCU,BOM,2026-09-18,7,IndiGo,6E 6206,Economy,8850.0,INR,,,,,AVAILABLE,,serpapi_google_flights,,2026-09-11 15:02:50.837951,1,nonstop; dep 2026-09-18 16:15; key=friend2
3451,CCU,BOM,2026-09-18,7,Air India,AI 2644,Economy,9008.0,INR,,,,,AVAILABLE,,serpapi_google_flights,,2026-09-11 15:02:50.837951,1,nonstop; dep 2026-09-18 06:55; key=friend2
3452,CCU,BOM,2026-09-18,7,Air India,AI 2472,Economy,10111.0,INR,,,,,AVAILABLE,,serpapi_google_flights,,2026-09-11 15:02:50.837951,1,nonstop; dep 2026-09-18 15:10; key=friend2
3453,CCU,BOM,2026-09-18,7,Akasa Air,QP 1126,Economy,10888.0,INR,,,,,AVAILABLE,,serpapi_google_flights,,2026-09-11 15:02:50.837951,1,nonstop; dep 2026-09-18 23:00; key=friend2
3454,CCU,BOM,2026-09-18,7,IndiGo,6E 5128,Economy,12210.0,INR,,,,,AVAILABLE,,serpapi_google_flights,,2026-09-11 15:02:50.837951,1,nonstop; dep 2026-09-18 18:45; key=friend2
3455,CCU,BOM,2026-09-18,7,IndiGo,6E 115,Economy,12210.0,INR,,,,,AVAILABLE,,serpapi_google_flights,,2026-09-11 15:02:50.837951,1,nonstop; dep 2026-09-18 21:40; key=friend2
3456,CCU,BOM,2026-09-18,7,Akasa Air,QP 1108,Economy,12507.0,INR,,,,,AVAILABLE,,serpapi_google_flights,,2026-09-11 15:02:50.837951,1,nonstop; dep 2026-09-18 17:05; key=friend2
3457,CCU,BOM,2026-09-18,7,Air India,AI 2482,Economy,16810.0,INR,,,,,AVAILABLE,,serpapi_google_flights,,2026-09-11 15:02:50.837951,1,nonstop; dep 2026-09-18 20:35; key=friend2
3458,CCU,BOM,2026-09-26,15,Akasa Air,QP 1126,Economy,8463.0,INR,,,,,AVAILABLE,,serpapi_google_flights,,2026-09-11 15:02:54.836561,1,nonstop; dep 2026-09-26 23:00; key=friend3
3459,CCU,BOM,2026-09-26,15,Akasa Air,QP 1136,Economy,8746.0,INR,,,,,AVAILABLE,,serpapi_google_flights,,2026-09-11 15:02:54.836561,1,nonstop; dep 2026-09-26 05:10; key=friend3
3460,CCU,BOM,2026-09-26,15,IndiGo,6E 5183,Economy,8850.0,INR,,,,,AVAILABLE,,serpapi_google_flights,,2026-09-11 15:02:54.836561,1,nonstop; dep 2026-09-26 09:15; key=friend3
3461,CCU,BOM,2026-09-26,15,IndiGo,6E 5227,Economy,8850.0,INR,,,,,AVAILABLE,,serpapi_google_flights,,2026-09-11 15:02:54.836561,1,nonstop; dep 2026-09-26 13:45; key=friend3
3462,CCU,BOM,2026-09-26,15,IndiGo,6E 5194,Economy,8850.0,INR,,,,,AVAILABLE,,serpapi_google_flights,,2026-09-11 15:02:54.836561,1,nonstop; dep 2026-09-26 06:25; key=friend3
3463,CCU,BOM,2026-09-26,15,IndiGo,6E 115,Economy,8850.0,INR,,,,,AVAILABLE,,serpapi_google_flights,,2026-09-11 15:02:54.836561,1,nonstop; dep 2026-09-26 21:40; key=friend3
3464,CCU,BOM,2026-09-26,15,Air India,AI 2644,Economy,9008.0,INR,,,,,AVAILABLE,,serpapi_google_flights,,2026-09-11 15:02:54.836561,1,nonstop; dep 2026-09-26 06:55; key=friend3
3465,CCU,BOM,2026-09-26,15,Air India,AI 2482,Economy,9008.0,INR,,,,,AVAILABLE,,serpapi_google_flights,,2026-09-11 15:02:54.836561,1,nonstop; dep 2026-09-26 20:35; key=friend3
3466,CCU,BOM,2026-09-26,15,Air India,AI 2772,Economy,9271.0,INR,,,,,AVAILABLE,,serpapi_google_flights,,2026-09-11 15:02:54.836561,1,nonstop; dep 2026-09-26 10:30; key=friend3
3467,CCU,BOM,2026-09-26,15,Air India,AI 2472,Economy,9271.0,INR,,,,,AVAILABLE,,serpapi_google_flights,,2026-09-11 15:02:54.836561,1,nonstop; dep 2026-09-26 15:10; key=friend3
3468,CCU,BOM,2026-09-26,15,IndiGo,6E 5288,Economy,9480.0,INR,,,,,AVAILABLE,,serpapi_google_flights,,2026-09-11 15:02:54.836561,1,nonstop; dep 2026-09-26 11:35; key=friend3
3469,CCU,BOM,2026-09-26,15,IndiGo,6E 6206,Economy,9480.0,INR,,,,,AVAILABLE,,serpapi_google_flights,,2026-09-11 15:02:54.836561,1,nonstop; dep 2026-09-26 16:15; key=friend3
3470,CCU,BOM,2026-09-26,15,Akasa Air,QP 1108,Economy,9505.0,INR,,,,,AVAILABLE,,serpapi_google_flights,,2026-09-11 15:02:54.836561,1,nonstop; dep 2026-09-26 17:05; key=friend3
3471,CCU,BOM,2026-10-11,30,IndiGo,6E 5183,Economy,8850.0,INR,,,,,AVAILABLE,,serpapi_google_flights,,2026-09-11 15:03:07.412384,1,nonstop; dep 2026-10-11 09:15; key=friend2
3472,CCU,BOM,2026-10-11,30,Air India,AI 2774,Economy,9292.0,INR,,,,,AVAILABLE,,serpapi_google_flights,,2026-09-11 15:03:07.412384,1,nonstop; dep 2026-10-11 17:40; key=friend2
3473,CCU,BOM,2026-10-11,30,Akasa Air,QP 1184,Economy,9347.0,INR,,,,,AVAILABLE,,serpapi_google_flights,,2026-09-11 15:03:07.412384,1,nonstop; dep 2026-10-11 20:50; key=friend2
3474,CCU,BOM,2026-10-11,30,IndiGo,6E 6366,Economy,8850.0,INR,,,,,AVAILABLE,,serpapi_google_flights,,2026-09-11 15:03:07.412384,1,nonstop; dep 2026-10-11 02:00; key=friend2
3475,CCU,BOM,2026-10-11,30,IndiGo,6E 5194,Economy,8850.0,INR,,,,,AVAILABLE,,serpapi_google_flights,,2026-09-11 15:03:07.412384,1,nonstop; dep 2026-10-11 06:25; key=friend2
3476,CCU,BOM,2026-10-11,30,Akasa Air,QP 1136,Economy,8891.0,INR,,,,,AVAILABLE,,serpapi_google_flights,,2026-09-11 15:03:07.412384,1,nonstop; dep 2026-10-11 05:00; key=friend2
3477,CCU,BOM,2026-10-11,30,Akasa Air,QP 1251,Economy,8891.0,INR,,,,,AVAILABLE,,serpapi_google_flights,,2026-09-11 15:03:07.412384,1,nonstop; dep 2026-10-11 06:00; key=friend2
3478,CCU,BOM,2026-10-11,30,Air India,AI 2644,Economy,9008.0,INR,,,,,AVAILABLE,,serpapi_google_flights,,2026-09-11 15:03:07.412384,1,nonstop; dep 2026-10-11 06:55; key=friend2
3479,CCU,BOM,2026-10-11,30,Air India,AI 2772,Economy,9292.0,INR,,,,,AVAILABLE,,serpapi_google_flights,,2026-09-11 15:03:07.412384,1,nonstop; dep 2026-10-11 10:30; key=friend2
3480,CCU,BOM,2026-10-11,30,Air India,AI 2472,Economy,9360.0,INR,,,,,AVAILABLE,,serpapi_google_flights,,2026-09-11 15:03:07.412384,1,nonstop; dep 2026-10-11 15:10; key=friend2
3481,CCU,BOM,2026-10-11,30,IndiGo,6E 5128,Economy,9480.0,INR,,,,,AVAILABLE,,serpapi_google_flights,,2026-09-11 15:03:07.412384,1,nonstop; dep 2026-10-11 18:45; key=friend2
3482,CCU,BOM,2026-10-11,30,Akasa Air,QP 1253,Economy,9832.0,INR,,,,,AVAILABLE,,serpapi_google_flights,,2026-09-11 15:03:07.412384,1,nonstop; dep 2026-10-11 17:05; key=friend2
3483,CCU,BOM,2026-10-11,30,IndiGo,6E 5288,Economy,10740.0,INR,,,,,AVAILABLE,,serpapi_google_flights,,2026-09-11 15:03:07.412384,1,nonstop; dep 2026-10-11 11:35; key=friend2
3484,CCU,BOM,2026-10-11,30,IndiGo,6E 5227,Economy,10740.0,INR,,,,,AVAILABLE,,serpapi_google_flights,,2026-09-11 15:03:07.412384,1,nonstop; dep 2026-10-11 13:45; key=friend2
3485,CCU,BOM,2026-10-11,30,IndiGo,6E 115,Economy,10740.0,INR,,,,,AVAILABLE,,serpapi_google_flights,,2026-09-11 15:03:07.412384,1,nonstop; dep 2026-10-11 21:40; key=friend2
3486,CCU,BOM,2026-10-11,30,Akasa Air,QP 1126,Economy,10888.0,INR,,,,,AVAILABLE,,serpapi_google_flights,,2026-09-11 15:03:07.412384,1,nonstop; dep 2026-10-11 23:00; key=friend2
3487,CCU,BOM,2026-10-11,30,Air India,AI 2482,Economy,11528.0,INR,,,,,AVAILABLE,,serpapi_google_flights,,2026-09-11 15:03:07.412384,1,nonstop; dep 2026-10-11 20:35; key=friend2
3488,CCU,BOM,2026-10-11,30,SpiceJet,SG 135,Economy,17201.0,INR,,,,,AVAILABLE,,serpapi_google_flights,,2026-09-11 15:03:07.412384,1,nonstop; dep 2026-10-11 15:10; key=friend2
3489,CCU,BOM,2026-10-11,30,SpiceJet,SG 137,Economy,17201.0,INR,,,,,AVAILABLE,,serpapi_google_flights,,2026-09-11 15:03:07.412384,1,nonstop; dep 2026-10-11 22:30; key=friend2
3490,CCU,BOM,2026-10-11,30,IndiGo,6E 6206,Economy,19875.0,INR,,,,,AVAILABLE,,serpapi_google_flights,,2026-09-11 15:03:07.412384,1,nonstop; dep 2026-10-11 16:15; key=friend2
3491,CCU,BOM,2026-10-26,45,Air India,AI 2410,Economy,10111.0,INR,,,,,AVAILABLE,,serpapi_google_flights,,2026-09-11 15:03:12.016428,1,nonstop; dep 2026-10-26 23:00; key=friend3
3492,CCU,BOM,2026-10-26,45,Akasa Air,QP 1126,Economy,10521.0,INR,,,,,AVAILABLE,,serpapi_google_flights,,2026-09-11 15:03:12.016428,1,nonstop; dep 2026-10-26 22:35; key=friend3
3493,CCU,BOM,2026-10-26,45,IndiGo,6E 5243,Economy,12210.0,INR,,,,,AVAILABLE,,serpapi_google_flights,,2026-09-11 15:03:12.016428,1,nonstop; dep 2026-10-26 02:00; key=friend3
3494,CCU,BOM,2026-10-26,45,SpiceJet,SG 487,Economy,15003.0,INR,,,,,AVAILABLE,,serpapi_google_flights,,2026-09-11 15:03:12.016428,1,nonstop; dep 2026-10-26 17:10; key=friend3
3495,CCU,BOM,2026-10-26,45,IndiGo,6E 5194,Economy,15045.0,INR,,,,,AVAILABLE,,serpapi_google_flights,,2026-09-11 15:03:12.016428,1,nonstop; dep 2026-10-26 06:30; key=friend3
3496,CCU,BOM,2026-10-26,45,IndiGo,6E 5239,Economy,15045.0,INR,,,,,AVAILABLE,,serpapi_google_flights,,2026-09-11 15:03:12.016428,1,nonstop; dep 2026-10-26 09:00; key=friend3
3497,CCU,BOM,2026-10-26,45,IndiGo,6E 5087,Economy,15045.0,INR,,,,,AVAILABLE,,serpapi_google_flights,,2026-09-11 15:03:12.016428,1,nonstop; dep 2026-10-26 21:30; key=friend3
3498,CCU,BOM,2026-10-26,45,Akasa Air,QP 1251,Economy,15360.0,INR,,,,,AVAILABLE,,serpapi_google_flights,,2026-09-11 15:03:12.016428,1,nonstop; dep 2026-10-26 05:00; key=friend3
3499,CCU,BOM,2026-10-26,45,Air India,AI 2518,Economy,16237.0,INR,,,,,AVAILABLE,,serpapi_google_flights,,2026-09-11 15:03:12.016428,1,nonstop; dep 2026-10-26 08:20; key=friend3
3500,CCU,BOM,2026-10-26,45,Air India,AI 2528,Economy,16237.0,INR,,,,,AVAILABLE,,serpapi_google_flights,,2026-09-11 15:03:12.016428,1,nonstop; dep 2026-10-26 20:25; key=friend3
3501,CCU,BOM,2026-10-26,45,IndiGo,6E 5288,Economy,18300.0,INR,,,,,AVAILABLE,,serpapi_google_flights,,2026-09-11 15:03:12.016428,1,nonstop; dep 2026-10-26 11:30; key=friend3
3502,CCU,BOM,2026-10-26,45,IndiGo,6E 5227,Economy,18300.0,INR,,,,,AVAILABLE,,serpapi_google_flights,,2026-09-11 15:03:12.016428,1,nonstop; dep 2026-10-26 13:45; key=friend3
3503,CCU,BOM,2026-10-26,45,IndiGo,6E 6206,Economy,18300.0,INR,,,,,AVAILABLE,,serpapi_google_flights,,2026-09-11 15:03:12.016428,1,nonstop; dep 2026-10-26 16:15; key=friend3
3504,CCU,BOM,2026-10-26,45,IndiGo,6E 5128,Economy,18300.0,INR,,,,,AVAILABLE,,serpapi_google_flights,,2026-09-11 15:03:12.016428,1,nonstop; dep 2026-10-26 18:45; key=friend3
3505,CCU,BOM,2026-10-26,45,Air India,AI 2772,Economy,20947.0,INR,,,,,AVAILABLE,,serpapi_google_flights,,2026-09-11 15:03:12.016428,1,nonstop; dep 2026-10-26 10:20; key=friend3
3506,CCU,BOM,2026-10-26,45,Air India,AI 2774,Economy,20947.0,INR,,,,,AVAILABLE,,serpapi_google_flights,,2026-09-11 15:03:12.016428,1,nonstop; dep 2026-10-26 17:35; key=friend3
3507,HYD,BOM,2026-09-12,1,Air India,AI 2445,Economy,6970.0,INR,,,,,AVAILABLE,,serpapi_google_flights,,2026-09-11 15:03:14.831241,1,nonstop; dep 2026-09-12 14:25; key=friend2
3508,HYD,BOM,2026-09-12,1,Air India,AI 2447,Economy,10015.0,INR,,,,,AVAILABLE,,serpapi_google_flights,,2026-09-11 15:03:14.831241,1,nonstop; dep 2026-09-12 17:25; key=friend2
3509,HYD,BOM,2026-09-12,1,IndiGo,6E 5259,Economy,11385.0,INR,,,,,AVAILABLE,,serpapi_google_flights,,2026-09-11 15:03:14.831241,1,nonstop; dep 2026-09-12 17:20; key=friend2
3510,HYD,BOM,2026-09-12,1,Air India,AI 2872,Economy,11181.0,INR,,,,,AVAILABLE,,serpapi_google_flights,,2026-09-11 15:03:14.831241,1,nonstop; dep 2026-09-12 05:50; key=friend2
3511,HYD,BOM,2026-09-12,1,Air India,AI 418,Economy,11181.0,INR,,,,,AVAILABLE,,serpapi_google_flights,,2026-09-11 15:03:14.831241,1,nonstop; dep 2026-09-12 11:30; key=friend2
3512,HYD,BOM,2026-09-12,1,Air India,AI 2699,Economy,11181.0,INR,,,,,AVAILABLE,,serpapi_google_flights,,2026-09-11 15:03:14.831241,1,nonstop; dep 2026-09-12 22:20; key=friend2
3513,HYD,BOM,2026-09-12,1,IndiGo,6E 5039,Economy,11385.0,INR,,,,,AVAILABLE,,serpapi_google_flights,,2026-09-11 15:03:14.831241,1,nonstop; dep 2026-09-12 19:00; key=friend2
3514,HYD,BOM,2026-09-12,1,IndiGo,6E 6363,Economy,11385.0,INR,,,,,AVAILABLE,,serpapi_google_flights,,2026-09-11 15:03:14.831241,1,nonstop; dep 2026-09-12 23:30; key=friend2
3515,HYD,BOM,2026-09-12,1,Air India,AI 2876,Economy,11664.0,INR,,,,,AVAILABLE,,serpapi_google_flights,,2026-09-11 15:03:14.831241,1,nonstop; dep 2026-09-12 20:35; key=friend2
3516,HYD,BOM,2026-09-12,1,IndiGo,6E 5099,Economy,12225.0,INR,,,,,AVAILABLE,,serpapi_google_flights,,2026-09-11 15:03:14.831241,1,nonstop; dep 2026-09-12 14:15; key=friend2
3517,HYD,BOM,2026-09-12,1,IndiGo,6E 5143,Economy,13065.0,INR,,,,,AVAILABLE,,serpapi_google_flights,,2026-09-11 15:03:14.831241,1,nonstop; dep 2026-09-12 03:00; key=friend2
3518,HYD,BOM,2026-09-12,1,IndiGo,6E 5245,Economy,13905.0,INR,,,,,AVAILABLE,,serpapi_google_flights,,2026-09-11 15:03:14.831241,1,nonstop; dep 2026-09-12 05:00; key=friend2
3519,HYD,BOM,2026-09-12,1,IndiGo,6E 5213,Economy,13905.0,INR,,,,,AVAILABLE,,serpapi_google_flights,,2026-09-11 15:03:14.831241,1,nonstop; dep 2026-09-12 08:00; key=friend2
3520,HYD,BOM,2026-09-12,1,Air India,AI 2626,Economy,14147.0,INR,,,,,AVAILABLE,,serpapi_google_flights,,2026-09-11 15:03:14.831241,1,nonstop; dep 2026-09-12 07:25; key=friend2
3521,HYD,BOM,2026-09-12,1,IndiGo,6E 6196,Economy,14955.0,INR,,,,,AVAILABLE,,serpapi_google_flights,,2026-09-11 15:03:14.831241,1,nonstop; dep 2026-09-12 06:30; key=friend2
3522,HYD,BOM,2026-09-12,1,IndiGo,6E 5174,Economy,17685.0,INR,,,,,AVAILABLE,,serpapi_google_flights,,2026-09-11 15:03:14.831241,1,nonstop; dep 2026-09-12 09:30; key=friend2
3523,HYD,BOM,2026-09-12,1,IndiGo,6E 5384,Economy,17685.0,INR,,,,,AVAILABLE,,serpapi_google_flights,,2026-09-11 15:03:14.831241,1,nonstop; dep 2026-09-12 12:55; key=friend2
3524,HYD,BOM,2026-09-18,7,Air India,AI 2872,Economy,6078.0,INR,,,,,AVAILABLE,,serpapi_google_flights,,2026-09-11 15:03:18.678968,1,nonstop; dep 2026-09-18 05:50; key=friend3
3525,HYD,BOM,2026-09-18,7,IndiGo,6E 5143,Economy,6135.0,INR,,,,,AVAILABLE,,serpapi_google_flights,,2026-09-11 15:03:18.678968,1,nonstop; dep 2026-09-18 03:00; key=friend3
3526,HYD,BOM,2026-09-18,7,IndiGo,6E 5245,Economy,6135.0,INR,,,,,AVAILABLE,,serpapi_google_flights,,2026-09-11 15:03:18.678968,1,nonstop; dep 2026-09-18 05:00; key=friend3
3527,HYD,BOM,2026-09-18,7,IndiGo,6E 5213,Economy,6450.0,INR,,,,,AVAILABLE,,serpapi_google_flights,,2026-09-11 15:03:18.678968,1,nonstop; dep 2026-09-18 08:00; key=friend3
3528,HYD,BOM,2026-09-18,7,IndiGo,6E 6363,Economy,6450.0,INR,,,,,AVAILABLE,,serpapi_google_flights,,2026-09-11 15:03:18.678968,1,nonstop; dep 2026-09-18 23:30; key=friend3
3529,HYD,BOM,2026-09-18,7,Air India,AI 2626,Economy,6603.0,INR,,,,,AVAILABLE,,serpapi_google_flights,,2026-09-11 15:03:18.678968,1,nonstop; dep 2026-09-18 07:25; key=friend3
3530,HYD,BOM,2026-09-18,7,IndiGo,6E 6196,Economy,7185.0,INR,,,,,AVAILABLE,,serpapi_google_flights,,2026-09-11 15:03:18.678968,1,nonstop; dep 2026-09-18 06:30; key=friend3
3531,HYD,BOM,2026-09-18,7,IndiGo,6E 5174,Economy,7185.0,INR,,,,,AVAILABLE,,serpapi_google_flights,,2026-09-11 15:03:18.678968,1,nonstop; dep 2026-09-18 09:30; key=friend3
3532,HYD,BOM,2026-09-18,7,IndiGo,6E 5384,Economy,7185.0,INR,,,,,AVAILABLE,,serpapi_google_flights,,2026-09-11 15:03:18.678968,1,nonstop; dep 2026-09-18 12:55; key=friend3
3533,HYD,BOM,2026-09-18,7,IndiGo,6E 5099,Economy,7185.0,INR,,,,,AVAILABLE,,serpapi_google_flights,,2026-09-11 15:03:18.678968,1,nonstop; dep 2026-09-18 14:15; key=friend3
3534,HYD,BOM,2026-09-18,7,Air India,AI 418,Economy,7375.0,INR,,,,,AVAILABLE,,serpapi_google_flights,,2026-09-11 15:03:18.678968,1,nonstop; dep 2026-09-18 11:30; key=friend3
3535,HYD,BOM,2026-09-18,7,Air India,AI 2445,Economy,7663.0,INR,,,,,AVAILABLE,,serpapi_google_flights,,2026-09-11 15:03:18.678968,1,nonstop; dep 2026-09-18 14:25; key=friend3
3536,HYD,BOM,2026-09-18,7,IndiGo,6E 5259,Economy,8130.0,INR,,,,,AVAILABLE,,serpapi_google_flights,,2026-09-11 15:03:18.678968,1,nonstop; dep 2026-09-18 17:20; key=friend3
3537,HYD,BOM,2026-09-18,7,Air India,AI 2447,Economy,8624.0,INR,,,,,AVAILABLE,,serpapi_google_flights,,2026-09-11 15:03:18.678968,1,nonstop; dep 2026-09-18 17:25; key=friend3
3538,HYD,BOM,2026-09-18,7,Air India,AI 2699,Economy,9611.0,INR,,,,,AVAILABLE,,serpapi_google_flights,,2026-09-11 15:03:18.678968,1,nonstop; dep 2026-09-18 22:20; key=friend3
3539,HYD,BOM,2026-09-18,7,IndiGo,6E 5039,Economy,10650.0,INR,,,,,AVAILABLE,,serpapi_google_flights,,2026-09-11 15:03:18.678968,1,nonstop; dep 2026-09-18 19:00; key=friend3
3540,HYD,BOM,2026-09-18,7,Air India,AI 2876,Economy,11664.0,INR,,,,,AVAILABLE,,serpapi_google_flights,,2026-09-11 15:03:18.678968,1,nonstop; dep 2026-09-18 20:35; key=friend3
3541,HYD,BOM,2026-09-26,15,IndiGo,6E 5384,Economy,6135.0,INR,,,,,AVAILABLE,,serpapi_google_flights,,2026-09-11 15:03:21.578213,1,nonstop; dep 2026-09-26 12:55; key=friend2
3542,HYD,BOM,2026-09-26,15,IndiGo,6E 5099,Economy,6135.0,INR,,,,,AVAILABLE,,serpapi_google_flights,,2026-09-11 15:03:21.578213,1,nonstop; dep 2026-09-26 14:15; key=friend2
3543,HYD,BOM,2026-09-26,15,Air India,AI 418,Economy,6293.0,INR,,,,,AVAILABLE,,serpapi_google_flights,,2026-09-11 15:03:21.578213,1,nonstop; dep 2026-09-26 11:30; key=friend2
3544,HYD,BOM,2026-09-26,15,Air India,AI 2872,Economy,6078.0,INR,,,,,AVAILABLE,,serpapi_google_flights,,2026-09-11 15:03:21.578213,1,nonstop; dep 2026-09-26 05:50; key=friend2
3545,HYD,BOM,2026-09-26,15,IndiGo,6E 5143,Economy,6135.0,INR,,,,,AVAILABLE,,serpapi_google_flights,,2026-09-11 15:03:21.578213,1,nonstop; dep 2026-09-26 03:00; key=friend2
3546,HYD,BOM,2026-09-26,15,IndiGo,6E 5245,Economy,6135.0,INR,,,,,AVAILABLE,,serpapi_google_flights,,2026-09-11 15:03:21.578213,1,nonstop; dep 2026-09-26 05:00; key=friend2
3547,HYD,BOM,2026-09-26,15,IndiGo,6E 6196,Economy,6135.0,INR,,,,,AVAILABLE,,serpapi_google_flights,,2026-09-11 15:03:21.578213,1,nonstop; dep 2026-09-26 06:30; key=friend2
3548,HYD,BOM,2026-09-26,15,Air India,AI 2626,Economy,6293.0,INR,,,,,AVAILABLE,,serpapi_google_flights,,2026-09-11 15:03:21.578213,1,nonstop; dep 2026-09-26 07:25; key=friend2
3549,HYD,BOM,2026-09-26,15,Air India,AI 2445,Economy,6293.0,INR,,,,,AVAILABLE,,serpapi_google_flights,,2026-09-11 15:03:21.578213,1,nonstop; dep 2026-09-26 14:25; key=friend2
3550,HYD,BOM,2026-09-26,15,IndiGo,6E 5213,Economy,6450.0,INR,,,,,AVAILABLE,,serpapi_google_flights,,2026-09-11 15:03:21.578213,1,nonstop; dep 2026-09-26 08:00; key=friend2
3551,HYD,BOM,2026-09-26,15,IndiGo,6E 5174,Economy,6450.0,INR,,,,,AVAILABLE,,serpapi_google_flights,,2026-09-11 15:03:21.578213,1,nonstop; dep 2026-09-26 09:30; key=friend2
3552,HYD,BOM,2026-09-26,15,IndiGo,6E 5259,Economy,6450.0,INR,,,,,AVAILABLE,,serpapi_google_flights,,2026-09-11 15:03:21.578213,1,nonstop; dep 2026-09-26 17:20; key=friend2
3553,HYD,BOM,2026-09-26,15,IndiGo,6E 5039,Economy,6450.0,INR,,,,,AVAILABLE,,serpapi_google_flights,,2026-09-11 15:03:21.578213,1,nonstop; dep 2026-09-26 19:00; key=friend2
3554,HYD,BOM,2026-09-26,15,IndiGo,6E 6363,Economy,6450.0,INR,,,,,AVAILABLE,,serpapi_google_flights,,2026-09-11 15:03:21.578213,1,nonstop; dep 2026-09-26 23:30; key=friend2
3555,HYD,BOM,2026-09-26,15,Air India,AI 2447,Economy,6855.0,INR,,,,,AVAILABLE,,serpapi_google_flights,,2026-09-11 15:03:21.578213,1,nonstop; dep 2026-09-26 17:25; key=friend2
3556,HYD,BOM,2026-09-26,15,Air India,AI 2699,Economy,7375.0,INR,,,,,AVAILABLE,,serpapi_google_flights,,2026-09-11 15:03:21.578213,1,nonstop; dep 2026-09-26 22:20; key=friend2
3557,HYD,BOM,2026-09-26,15,Air India,AI 2876,Economy,7663.0,INR,,,,,AVAILABLE,,serpapi_google_flights,,2026-09-11 15:03:21.578213,1,nonstop; dep 2026-09-26 20:35; key=friend2
3558,HYD,BOM,2026-10-11,30,IndiGo,6E 5099,Economy,6765.0,INR,,,,,AVAILABLE,,serpapi_google_flights,,2026-09-11 15:03:25.227513,1,nonstop; dep 2026-10-11 14:15; key=friend3
3559,HYD,BOM,2026-10-11,30,IndiGo,6E 5259,Economy,6765.0,INR,,,,,AVAILABLE,,serpapi_google_flights,,2026-09-11 15:03:25.227513,1,nonstop; dep 2026-10-11 17:20; key=friend3
3560,HYD,BOM,2026-10-11,30,IndiGo,6E 5039,Economy,6765.0,INR,,,,,AVAILABLE,,serpapi_google_flights,,2026-09-11 15:03:25.227513,1,nonstop; dep 2026-10-11 19:00; key=friend3
3561,HYD,BOM,2026-10-11,30,Air India,AI 2445,Economy,7243.0,INR,,,,,AVAILABLE,,serpapi_google_flights,,2026-09-11 15:03:25.227513,1,nonstop; dep 2026-10-11 14:25; key=friend3
3562,HYD,BOM,2026-10-11,30,IndiGo,6E 5143,Economy,6135.0,INR,,,,,AVAILABLE,,serpapi_google_flights,,2026-09-11 15:03:25.227513,1,nonstop; dep 2026-10-11 03:00; key=friend3
3563,HYD,BOM,2026-10-11,30,IndiGo,6E 6196,Economy,6450.0,INR,,,,,AVAILABLE,,serpapi_google_flights,,2026-09-11 15:03:25.227513,1,nonstop; dep 2026-10-11 06:30; key=friend3
3564,HYD,BOM,2026-10-11,30,IndiGo,6E 6363,Economy,6450.0,INR,,,,,AVAILABLE,,serpapi_google_flights,,2026-09-11 15:03:25.227513,1,nonstop; dep 2026-10-11 23:30; key=friend3
3565,HYD,BOM,2026-10-11,30,Air India,AI 2872,Economy,6603.0,INR,,,,,AVAILABLE,,serpapi_google_flights,,2026-09-11 15:03:25.227513,1,nonstop; dep 2026-10-11 05:50; key=friend3
3566,HYD,BOM,2026-10-11,30,IndiGo,6E 5245,Economy,6765.0,INR,,,,,AVAILABLE,,serpapi_google_flights,,2026-09-11 15:03:25.227513,1,nonstop; dep 2026-10-11 05:00; key=friend3
3567,HYD,BOM,2026-10-11,30,IndiGo,6E 5203,Economy,6765.0,INR,,,,,AVAILABLE,,serpapi_google_flights,,2026-09-11 15:03:25.227513,1,nonstop; dep 2026-10-11 22:05; key=friend3
3568,HYD,BOM,2026-10-11,30,IndiGo,6E 5384,Economy,7185.0,INR,,,,,AVAILABLE,,serpapi_google_flights,,2026-09-11 15:03:25.227513,1,nonstop; dep 2026-10-11 12:55; key=friend3
3569,HYD,BOM,2026-10-11,30,Air India,AI 2447,Economy,7243.0,INR,,,,,AVAILABLE,,serpapi_google_flights,,2026-09-11 15:03:25.227513,1,nonstop; dep 2026-10-11 17:25; key=friend3
3570,HYD,BOM,2026-10-11,30,Air India,AI 2699,Economy,7375.0,INR,,,,,AVAILABLE,,serpapi_google_flights,,2026-09-11 15:03:25.227513,1,nonstop; dep 2026-10-11 22:20; key=friend3
3571,HYD,BOM,2026-10-11,30,Air India,AI 2876,Economy,7663.0,INR,,,,,AVAILABLE,,serpapi_google_flights,,2026-09-11 15:03:25.227513,1,nonstop; dep 2026-10-11 20:35; key=friend3
3572,HYD,BOM,2026-10-11,30,Air India,AI 418,Economy,7763.0,INR,,,,,AVAILABLE,,serpapi_google_flights,,2026-09-11 15:03:25.227513,1,nonstop; dep 2026-10-11 11:30; key=friend3
3573,HYD,BOM,2026-10-11,30,IndiGo,6E 5213,Economy,8130.0,INR,,,,,AVAILABLE,,serpapi_google_flights,,2026-09-11 15:03:25.227513,1,nonstop; dep 2026-10-11 08:00; key=friend3
3574,HYD,BOM,2026-10-11,30,IndiGo,6E 5174,Economy,8130.0,INR,,,,,AVAILABLE,,serpapi_google_flights,,2026-09-11 15:03:25.227513,1,nonstop; dep 2026-10-11 09:30; key=friend3
3575,HYD,BOM,2026-10-11,30,Air India,AI 2626,Economy,9611.0,INR,,,,,AVAILABLE,,serpapi_google_flights,,2026-09-11 15:03:25.227513,1,nonstop; dep 2026-10-11 07:25; key=friend3
3576,HYD,BOM,2026-10-26,45,IndiGo,6E 5384,Economy,6450.0,INR,,,,,AVAILABLE,,serpapi_google_flights,,2026-09-11 15:03:28.223726,1,nonstop; dep 2026-10-26 12:30; key=friend2
3577,HYD,BOM,2026-10-26,45,IndiGo,6E 5099,Economy,6450.0,INR,,,,,AVAILABLE,,serpapi_google_flights,,2026-09-11 15:03:28.223726,1,nonstop; dep 2026-10-26 14:10; key=friend2
3578,HYD,BOM,2026-10-26,45,Air India,AI 2445,Economy,6603.0,INR,,,,,AVAILABLE,,serpapi_google_flights,,2026-09-11 15:03:28.223726,1,nonstop; dep 2026-10-26 14:25; key=friend2
3579,HYD,BOM,2026-10-26,45,IndiGo,6E 5245,Economy,6135.0,INR,,,,,AVAILABLE,,serpapi_google_flights,,2026-09-11 15:03:28.223726,1,nonstop; dep 2026-10-26 04:50; key=friend2
3580,HYD,BOM,2026-10-26,45,IndiGo,6E 6196,Economy,6450.0,INR,,,,,AVAILABLE,,serpapi_google_flights,,2026-09-11 15:03:28.223726,1,nonstop; dep 2026-10-26 06:30; key=friend2
3581,HYD,BOM,2026-10-26,45,IndiGo,6E 5213,Economy,6450.0,INR,,,,,AVAILABLE,,serpapi_google_flights,,2026-09-11 15:03:28.223726,1,nonstop; dep 2026-10-26 07:45; key=friend2
3582,HYD,BOM,2026-10-26,45,IndiGo,6E 6364,Economy,6450.0,INR,,,,,AVAILABLE,,serpapi_google_flights,,2026-09-11 15:03:28.223726,1,nonstop; dep 2026-10-26 09:30; key=friend2
3583,HYD,BOM,2026-10-26,45,IndiGo,6E 5259,Economy,6450.0,INR,,,,,AVAILABLE,,serpapi_google_flights,,2026-09-11 15:03:28.223726,1,nonstop; dep 2026-10-26 17:15; key=friend2
3584,HYD,BOM,2026-10-26,45,IndiGo,6E 6363,Economy,6450.0,INR,,,,,AVAILABLE,,serpapi_google_flights,,2026-09-11 15:03:28.223726,1,nonstop; dep 2026-10-26 23:40; key=friend2
3585,HYD,BOM,2026-10-26,45,IndiGo,6E 5039,Economy,6765.0,INR,,,,,AVAILABLE,,serpapi_google_flights,,2026-09-11 15:03:28.223726,1,nonstop; dep 2026-10-26 18:55; key=friend2
3586,HYD,BOM,2026-10-26,45,Air India,AI 2447,Economy,6855.0,INR,,,,,AVAILABLE,,serpapi_google_flights,,2026-09-11 15:03:28.223726,1,nonstop; dep 2026-10-26 17:25; key=friend2
3587,HYD,BOM,2026-10-26,45,Air India,AI 2872,Economy,7375.0,INR,,,,,AVAILABLE,,serpapi_google_flights,,2026-09-11 15:03:28.223726,1,nonstop; dep 2026-10-26 05:50; key=friend2
3588,HYD,BOM,2026-10-26,45,Air India,AI 2618,Economy,7375.0,INR,,,,,AVAILABLE,,serpapi_google_flights,,2026-09-11 15:03:28.223726,1,nonstop; dep 2026-10-26 13:45; key=friend2
3589,HYD,BOM,2026-10-26,45,IndiGo,6E 5203,Economy,7605.0,INR,,,,,AVAILABLE,,serpapi_google_flights,,2026-09-11 15:03:28.223726,1,nonstop; dep 2026-10-26 22:00; key=friend2
3590,HYD,BOM,2026-10-26,45,Air India,AI 418,Economy,8288.0,INR,,,,,AVAILABLE,,serpapi_google_flights,,2026-09-11 15:03:28.223726,1,nonstop; dep 2026-10-26 11:05; key=friend2
3591,HYD,BOM,2026-10-26,45,Air India,AI 2626,Economy,8624.0,INR,,,,,AVAILABLE,,serpapi_google_flights,,2026-09-11 15:03:28.223726,1,nonstop; dep 2026-10-26 07:40; key=friend2
3592,HYD,BOM,2026-10-26,45,Air India,AI 2699,Economy,11181.0,INR,,,,,AVAILABLE,,serpapi_google_flights,,2026-09-11 15:03:28.223726,1,nonstop; dep 2026-10-26 21:55; key=friend2
3593,BLR,CCU,2026-09-12,1,IndiGo,6E 952,Economy,10040.0,INR,,,,,AVAILABLE,,serpapi_google_flights,,2026-09-11 15:03:37.060993,1,nonstop; dep 2026-09-12 22:20; key=friend3
3594,BLR,CCU,2026-09-12,1,Air India Express,IX 1370,Economy,10303.0,INR,,,,,AVAILABLE,,serpapi_google_flights,,2026-09-11 15:03:37.060993,1,nonstop; dep 2026-09-12 22:15; key=friend3
3595,BLR,CCU,2026-09-12,1,IndiGo,6E 223,Economy,10565.0,INR,,,,,AVAILABLE,,serpapi_google_flights,,2026-09-11 15:03:37.060993,1,nonstop; dep 2026-09-12 17:05; key=friend3
3596,BLR,CCU,2026-09-12,1,Air India Express,IX 1131,Economy,11143.0,INR,,,,,AVAILABLE,,serpapi_google_flights,,2026-09-11 15:03:37.060993,1,nonstop; dep 2026-09-12 07:05; key=friend3
3597,BLR,CCU,2026-09-12,1,Air India Express,IX 1537,Economy,11143.0,INR,,,,,AVAILABLE,,serpapi_google_flights,,2026-09-11 15:03:37.060993,1,nonstop; dep 2026-09-12 12:00; key=friend3
3598,BLR,CCU,2026-09-12,1,IndiGo,6E 676,Economy,11300.0,INR,,,,,AVAILABLE,,serpapi_google_flights,,2026-09-11 15:03:37.060993,1,nonstop; dep 2026-09-12 18:30; key=friend3
3599,BLR,CCU,2026-09-12,1,IndiGo,6E 442,Economy,12035.0,INR,,,,,AVAILABLE,,serpapi_google_flights,,2026-09-11 15:03:37.060993,1,nonstop; dep 2026-09-12 08:10; key=friend3
3600,BLR,CCU,2026-09-12,1,IndiGo,6E 172,Economy,12035.0,INR,,,,,AVAILABLE,,serpapi_google_flights,,2026-09-11 15:03:37.060993,1,nonstop; dep 2026-09-12 13:40; key=friend3
3601,BLR,CCU,2026-09-12,1,IndiGo,6E 6572,Economy,12875.0,INR,,,,,AVAILABLE,,serpapi_google_flights,,2026-09-11 15:03:37.060993,1,nonstop; dep 2026-09-12 15:05; key=friend3
3602,BLR,CCU,2026-09-12,1,IndiGo,6E 503,Economy,13820.0,INR,,,,,AVAILABLE,,serpapi_google_flights,,2026-09-11 15:03:37.060993,1,nonstop; dep 2026-09-12 10:00; key=friend3
3603,BLR,CCU,2026-09-12,1,IndiGo,6E 6439,Economy,15080.0,INR,,,,,AVAILABLE,,serpapi_google_flights,,2026-09-11 15:03:37.060993,1,nonstop; dep 2026-09-12 06:30; key=friend3
3604,BLR,CCU,2026-09-18,7,IndiGo,6E 952,Economy,7310.0,INR,,,,,AVAILABLE,,serpapi_google_flights,,2026-09-11 15:03:45.572597,1,nonstop; dep 2026-09-18 22:20; key=friend2
3605,BLR,CCU,2026-09-18,7,IndiGo,6E 6572,Economy,7520.0,INR,,,,,AVAILABLE,,serpapi_google_flights,,2026-09-11 15:03:45.572597,1,nonstop; dep 2026-09-18 15:05; key=friend2
3606,BLR,CCU,2026-09-18,7,Akasa Air,QP 1561,Economy,8089.0,INR,,,,,AVAILABLE,,serpapi_google_flights,,2026-09-11 15:03:45.572597,1,nonstop; dep 2026-09-18 06:15; key=friend2
3607,BLR,CCU,2026-09-18,7,IndiGo,6E 6439,Economy,7730.0,INR,,,,,AVAILABLE,,serpapi_google_flights,,2026-09-11 15:03:45.572597,1,nonstop; dep 2026-09-18 06:30; key=friend2
3608,BLR,CCU,2026-09-18,7,IndiGo,6E 172,Economy,7940.0,INR,,,,,AVAILABLE,,serpapi_google_flights,,2026-09-11 15:03:45.572597,1,nonstop; dep 2026-09-18 13:40; key=friend2
3609,BLR,CCU,2026-09-18,7,Air India Express,IX 1131,Economy,7993.0,INR,,,,,AVAILABLE,,serpapi_google_flights,,2026-09-11 15:03:45.572597,1,nonstop; dep 2026-09-18 07:05; key=friend2
3610,BLR,CCU,2026-09-18,7,Air India Express,IX 1370,Economy,7993.0,INR,,,,,AVAILABLE,,serpapi_google_flights,,2026-09-11 15:03:45.572597,1,nonstop; dep 2026-09-18 22:15; key=friend2
3611,BLR,CCU,2026-09-18,7,IndiGo,6E 442,Economy,8465.0,INR,,,,,AVAILABLE,,serpapi_google_flights,,2026-09-11 15:03:45.572597,1,nonstop; dep 2026-09-18 08:10; key=friend2
3612,BLR,CCU,2026-09-18,7,IndiGo,6E 223,Economy,8465.0,INR,,,,,AVAILABLE,,serpapi_google_flights,,2026-09-11 15:03:45.572597,1,nonstop; dep 2026-09-18 17:05; key=friend2
3613,BLR,CCU,2026-09-18,7,IndiGo,6E 676,Economy,8465.0,INR,,,,,AVAILABLE,,serpapi_google_flights,,2026-09-11 15:03:45.572597,1,nonstop; dep 2026-09-18 18:30; key=friend2
3614,BLR,CCU,2026-09-18,7,IndiGo,6E 975,Economy,8465.0,INR,,,,,AVAILABLE,,serpapi_google_flights,,2026-09-11 15:03:45.572597,1,nonstop; dep 2026-09-18 20:20; key=friend2
3615,BLR,CCU,2026-09-18,7,Air India Express,IX 1537,Economy,9569.0,INR,,,,,AVAILABLE,,serpapi_google_flights,,2026-09-11 15:03:45.572597,1,nonstop; dep 2026-09-18 12:00; key=friend2
3616,BLR,CCU,2026-09-26,15,IndiGo,6E 6439,Economy,8675.0,INR,,,,,AVAILABLE,,serpapi_google_flights,,2026-09-11 15:03:51.480326,1,nonstop; dep 2026-09-26 06:30; key=friend3
3617,BLR,CCU,2026-09-26,15,Air India Express,IX 1537,Economy,10303.0,INR,,,,,AVAILABLE,,serpapi_google_flights,,2026-09-11 15:03:51.480326,1,nonstop; dep 2026-09-26 12:00; key=friend3
3618,BLR,CCU,2026-09-26,15,IndiGo,6E 952,Economy,9305.0,INR,,,,,AVAILABLE,,serpapi_google_flights,,2026-09-11 15:03:51.480326,1,nonstop; dep 2026-09-26 22:20; key=friend3
3619,BLR,CCU,2026-09-26,15,IndiGo,6E 172,Economy,9830.0,INR,,,,,AVAILABLE,,serpapi_google_flights,,2026-09-11 15:03:51.480326,1,nonstop; dep 2026-09-26 13:40; key=friend3
3620,BLR,CCU,2026-09-26,15,IndiGo,6E 6572,Economy,9830.0,INR,,,,,AVAILABLE,,serpapi_google_flights,,2026-09-11 15:03:51.480326,1,nonstop; dep 2026-09-26 15:05; key=friend3
3621,BLR,CCU,2026-09-26,15,IndiGo,6E 223,Economy,9830.0,INR,,,,,AVAILABLE,,serpapi_google_flights,,2026-09-11 15:03:51.480326,1,nonstop; dep 2026-09-26 17:05; key=friend3
3622,BLR,CCU,2026-09-26,15,IndiGo,6E 442,Economy,10565.0,INR,,,,,AVAILABLE,,serpapi_google_flights,,2026-09-11 15:03:51.480326,1,nonstop; dep 2026-09-26 08:10; key=friend3
3623,BLR,CCU,2026-09-26,15,IndiGo,6E 503,Economy,10565.0,INR,,,,,AVAILABLE,,serpapi_google_flights,,2026-09-11 15:03:51.480326,1,nonstop; dep 2026-09-26 10:00; key=friend3
3624,BLR,CCU,2026-09-26,15,Air India Express,IX 1131,Economy,11143.0,INR,,,,,AVAILABLE,,serpapi_google_flights,,2026-09-11 15:03:51.480326,1,nonstop; dep 2026-09-26 07:05; key=friend3
3625,BLR,CCU,2026-09-26,15,Air India Express,IX 1370,Economy,11143.0,INR,,,,,AVAILABLE,,serpapi_google_flights,,2026-09-11 15:03:51.480326,1,nonstop; dep 2026-09-26 22:15; key=friend3
3626,BLR,CCU,2026-09-26,15,IndiGo,6E 676,Economy,11300.0,INR,,,,,AVAILABLE,,serpapi_google_flights,,2026-09-11 15:03:51.480326,1,nonstop; dep 2026-09-26 18:30; key=friend3
3627,BLR,CCU,2026-10-11,30,IndiGo,6E 6703,Economy,11300.0,INR,,,,,AVAILABLE,,serpapi_google_flights,,2026-09-11 15:03:54.854489,1,nonstop; dep 2026-10-11 19:40; key=friend2
3628,BLR,CCU,2026-10-11,30,IndiGo,6E 952,Economy,11720.0,INR,,,,,AVAILABLE,,serpapi_google_flights,,2026-09-11 15:03:54.854489,1,nonstop; dep 2026-10-11 22:20; key=friend2
3629,BLR,CCU,2026-10-11,30,Akasa Air,QP 1264,Economy,12315.0,INR,,,,,AVAILABLE,,serpapi_google_flights,,2026-09-11 15:03:54.854489,1,nonstop; dep 2026-10-11 21:10; key=friend2
3630,BLR,CCU,2026-10-11,30,IndiGo,6E 975,Economy,12035.0,INR,,,,,AVAILABLE,,serpapi_google_flights,,2026-09-11 15:03:54.854489,1,nonstop; dep 2026-10-11 20:20; key=friend2
3631,BLR,CCU,2026-10-11,30,IndiGo,6E 227,Economy,12770.0,INR,,,,,AVAILABLE,,serpapi_google_flights,,2026-09-11 15:03:54.854489,1,nonstop; dep 2026-10-11 05:00; key=friend2
3632,BLR,CCU,2026-10-11,30,IndiGo,6E 6439,Economy,12770.0,INR,,,,,AVAILABLE,,serpapi_google_flights,,2026-09-11 15:03:54.854489,1,nonstop; dep 2026-10-11 06:30; key=friend2
3633,BLR,CCU,2026-10-11,30,IndiGo,6E 442,Economy,12875.0,INR,,,,,AVAILABLE,,serpapi_google_flights,,2026-09-11 15:03:54.854489,1,nonstop; dep 2026-10-11 08:10; key=friend2
3634,BLR,CCU,2026-10-11,30,IndiGo,6E 223,Economy,12875.0,INR,,,,,AVAILABLE,,serpapi_google_flights,,2026-09-11 15:03:54.854489,1,nonstop; dep 2026-10-11 17:05; key=friend2
3635,BLR,CCU,2026-10-11,30,IndiGo,6E 676,Economy,12875.0,INR,,,,,AVAILABLE,,serpapi_google_flights,,2026-09-11 15:03:54.854489,1,nonstop; dep 2026-10-11 18:30; key=friend2
3636,BLR,CCU,2026-10-11,30,Akasa Air,QP 1561,Economy,13160.0,INR,,,,,AVAILABLE,,serpapi_google_flights,,2026-09-11 15:03:54.854489,1,nonstop; dep 2026-10-11 06:15; key=friend2
3637,BLR,CCU,2026-10-11,30,Akasa Air,QP 1262,Economy,13160.0,INR,,,,,AVAILABLE,,serpapi_google_flights,,2026-09-11 15:03:54.854489,1,nonstop; dep 2026-10-11 19:40; key=friend2
3638,BLR,CCU,2026-10-11,30,Air India Express,IX 1370,Economy,13344.0,INR,,,,,AVAILABLE,,serpapi_google_flights,,2026-09-11 15:03:54.854489,1,nonstop; dep 2026-10-11 22:15; key=friend2
3639,BLR,CCU,2026-10-11,30,IndiGo,6E 503,Economy,13820.0,INR,,,,,AVAILABLE,,serpapi_google_flights,,2026-09-11 15:03:54.854489,1,nonstop; dep 2026-10-11 10:00; key=friend2
3640,BLR,CCU,2026-10-11,30,IndiGo,6E 6572,Economy,13820.0,INR,,,,,AVAILABLE,,serpapi_google_flights,,2026-09-11 15:03:54.854489,1,nonstop; dep 2026-10-11 15:05; key=friend2
3641,BLR,CCU,2026-10-11,30,Air India Express,IX 1131,Economy,14843.0,INR,,,,,AVAILABLE,,serpapi_google_flights,,2026-09-11 15:03:54.854489,1,nonstop; dep 2026-10-11 07:05; key=friend2
3642,BLR,CCU,2026-10-11,30,Air India Express,IX 1537,Economy,14843.0,INR,,,,,AVAILABLE,,serpapi_google_flights,,2026-09-11 15:03:54.854489,1,nonstop; dep 2026-10-11 12:00; key=friend2
3643,BLR,CCU,2026-10-11,30,IndiGo,6E 236,Economy,15080.0,INR,,,,,AVAILABLE,,serpapi_google_flights,,2026-09-11 15:03:54.854489,1,nonstop; dep 2026-10-11 11:45; key=friend2
3644,BLR,CCU,2026-10-11,30,IndiGo,6E 172,Economy,15080.0,INR,,,,,AVAILABLE,,serpapi_google_flights,,2026-09-11 15:03:54.854489,1,nonstop; dep 2026-10-11 13:40; key=friend2
3645,BLR,CCU,2026-10-11,30,SpiceJet,SG 158,Economy,17939.0,INR,,,,,AVAILABLE,,serpapi_google_flights,,2026-09-11 15:03:54.854489,1,nonstop; dep 2026-10-11 13:20; key=friend2
3646,BLR,CCU,2026-10-26,45,IndiGo,6E 952,Economy,8675.0,INR,,,,,AVAILABLE,,serpapi_google_flights,,2026-09-11 15:03:58.516317,1,nonstop; dep 2026-10-26 22:30; key=friend3
3647,BLR,CCU,2026-10-26,45,Akasa Air,QP 1561,Economy,8895.0,INR,,,,,AVAILABLE,,serpapi_google_flights,,2026-09-11 15:03:58.516317,1,nonstop; dep 2026-10-26 06:05; key=friend3
3648,BLR,CCU,2026-10-26,45,IndiGo,6E 442,Economy,9095.0,INR,,,,,AVAILABLE,,serpapi_google_flights,,2026-09-11 15:03:58.516317,1,nonstop; dep 2026-10-26 08:25; key=friend3
3649,BLR,CCU,2026-10-26,45,IndiGo,6E 503,Economy,9095.0,INR,,,,,AVAILABLE,,serpapi_google_flights,,2026-09-11 15:03:58.516317,1,nonstop; dep 2026-10-26 09:25; key=friend3
3650,BLR,CCU,2026-10-26,45,IndiGo,6E 227,Economy,9095.0,INR,,,,,AVAILABLE,,serpapi_google_flights,,2026-09-11 15:03:58.516317,1,nonstop; dep 2026-10-26 04:55; key=friend3
3651,BLR,CCU,2026-10-26,45,IndiGo,6E 6439,Economy,9305.0,INR,,,,,AVAILABLE,,serpapi_google_flights,,2026-09-11 15:03:58.516317,1,nonstop; dep 2026-10-26 06:15; key=friend3
3652,BLR,CCU,2026-10-26,45,IndiGo,6E 236,Economy,9830.0,INR,,,,,AVAILABLE,,serpapi_google_flights,,2026-09-11 15:03:58.516317,1,nonstop; dep 2026-10-26 11:55; key=friend3
3653,BLR,CCU,2026-10-26,45,IndiGo,6E 172,Economy,9830.0,INR,,,,,AVAILABLE,,serpapi_google_flights,,2026-09-11 15:03:58.516317,1,nonstop; dep 2026-10-26 13:30; key=friend3
3654,BLR,CCU,2026-10-26,45,IndiGo,6E 6572,Economy,9830.0,INR,,,,,AVAILABLE,,serpapi_google_flights,,2026-09-11 15:03:58.516317,1,nonstop; dep 2026-10-26 15:45; key=friend3
3655,BLR,CCU,2026-10-26,45,Akasa Air,QP 1262,Economy,10450.0,INR,,,,,AVAILABLE,,serpapi_google_flights,,2026-09-11 15:03:58.516317,1,nonstop; dep 2026-10-26 08:55; key=friend3
3656,BLR,CCU,2026-10-26,45,Air India Express,IX 1131,Economy,11143.0,INR,,,,,AVAILABLE,,serpapi_google_flights,,2026-09-11 15:03:58.516317,1,nonstop; dep 2026-10-26 07:00; key=friend3
3657,BLR,CCU,2026-10-26,45,Air India Express,IX 1537,Economy,11143.0,INR,,,,,AVAILABLE,,serpapi_google_flights,,2026-09-11 15:03:58.516317,1,nonstop; dep 2026-10-26 12:50; key=friend3
3658,BLR,CCU,2026-10-26,45,Air India Express,IX 2718,Economy,11143.0,INR,,,,,AVAILABLE,,serpapi_google_flights,,2026-09-11 15:03:58.516317,1,nonstop; dep 2026-10-26 17:25; key=friend3
3659,BLR,CCU,2026-10-26,45,Air India Express,IX 2795,Economy,11143.0,INR,,,,,AVAILABLE,,serpapi_google_flights,,2026-09-11 15:03:58.516317,1,nonstop; dep 2026-10-26 20:00; key=friend3
3660,BLR,CCU,2026-10-26,45,IndiGo,6E 223,Economy,11300.0,INR,,,,,AVAILABLE,,serpapi_google_flights,,2026-09-11 15:03:58.516317,1,nonstop; dep 2026-10-26 17:45; key=friend3
3661,BLR,CCU,2026-10-26,45,Akasa Air,QP 1266,Economy,11528.0,INR,,,,,AVAILABLE,,serpapi_google_flights,,2026-09-11 15:03:58.516317,1,nonstop; dep 2026-10-26 22:00; key=friend3
3662,BLR,CCU,2026-10-26,45,IndiGo,6E 975,Economy,11720.0,INR,,,,,AVAILABLE,,serpapi_google_flights,,2026-09-11 15:03:58.516317,1,nonstop; dep 2026-10-26 21:05; key=friend3
3663,BLR,CCU,2026-10-26,45,IndiGo,6E 676,Economy,12035.0,INR,,,,,AVAILABLE,,serpapi_google_flights,,2026-09-11 15:03:58.516317,1,nonstop; dep 2026-10-26 19:15; key=friend3
3664,BLR,CCU,2026-10-26,45,SpiceJet,SG 720,Economy,15800.0,INR,,,,,AVAILABLE,,serpapi_google_flights,,2026-09-11 15:03:58.516317,1,nonstop; dep 2026-10-26 06:00; key=friend3
3665,BLR,CCU,2026-10-26,45,SpiceJet,SG 753,Economy,15800.0,INR,,,,,AVAILABLE,,serpapi_google_flights,,2026-09-11 15:03:58.516317,1,nonstop; dep 2026-10-26 13:40; key=friend3
3666,BLR,CCU,2026-10-26,45,SpiceJet,SG 724,Economy,15800.0,INR,,,,,AVAILABLE,,serpapi_google_flights,,2026-09-11 15:03:58.516317,1,nonstop; dep 2026-10-26 18:30; key=friend3
